"","Otu00003","Otu00004","Otu00005","Otu00015","Otu00019","Otu00025","Otu00027","Otu00032","Otu00040","Otu00047","Otu00057","Otu00058","Otu00059","Otu00061","Otu00062","Otu00063","Otu00069","Otu00072","Otu00079","Otu00081","Otu00082","Otu00083","Otu00087","Otu00089","Otu00090","Otu00091","Otu00092","Otu00094","Otu00095","Otu00097","Otu00100","Otu00104","Otu00107","Otu00108","Otu00111","Otu00118","Otu00122","Otu00131","Otu00132","Otu00133","Otu00134","Otu00135","Otu00137","Otu00139","Otu00140","Otu00141","Otu00156","Otu00157","Otu00159","Otu00162","Otu00165","Otu00166","Otu00188","Otu00192","Otu00194","Otu00204","Otu00207","Otu00257","Otu00395"
"F4_GI_1",0.279955118800347,3.63663056854509,0.338770834759134,0.431142206722904,-0.940280472943489,-0.966942983710932,-1.17649416044376,1.19161978911573,-0.716428300012818,-1.12178757278488,-0.714633376586343,-0.609098306669544,-0.729944341571744,-1.09061835408968,-1.01191532697486,-1.18599494695089,-1.05643368780884,-0.944491267045466,-1.01849539534034,-0.651798663886677,-0.662784755408134,-0.763308551489298,-0.946164892182404,-0.789788128305272,-0.778460440710262,-0.95346914985675,0.748454474489588,-1.20553534599323,-0.882433466842323,-0.754605331494159,0.392405803849707,-0.944405909299918,1.27525846297778,-0.764421963118573,-0.997520971410018,-0.0483474622221366,-0.413411658406167,-0.279871879075743,-0.562801704826092,0.541277977127769,-0.761623867622664,-0.988712672816353,-0.755024769247803,0.0212317303887866,0.503579338990662,-0.667031411248219,-0.751384098608678,-0.682403763448821,-0.958957637902778,-0.75045361932504,-0.294420895076626,-0.649257589427558,-0.944917804928724,-0.0322340772044553,-0.654324664786875,-0.583047820945601,-0.688082607251146,-0.0273801247637916,-0.566305257916794
"F4_GI_2",0.530342598179516,0.62092334745698,0.370993411282199,0.8390099114633,-1.02960471887557,-1.01929983339216,-0.860555132626376,0.243870590855109,-0.891523116900759,-1.12178757278488,-0.714633376586343,-0.609098306669544,-0.889445555134343,-1.09061835408968,-1.01191532697486,-1.18599494695089,-1.05643368780884,-0.944491267045466,-1.01849539534034,-0.441648534936032,-0.662784755408134,-0.763308551489298,-1.14076417849256,-0.933098457276684,-0.778460440710262,-0.95346914985675,0.234118472082657,-1.20553534599323,-0.882433466842323,-0.754605331494159,1.72147807733187,-0.944405909299918,2.05432952035805,-0.764421963118573,-0.997520971410018,0.913251786423477,0.577590887761393,0.572769159255986,-0.562801704826092,2.04904471443446,-0.761623867622664,-0.988712672816353,-0.755024769247803,0.688464105266481,1.20692406306821,-0.667031411248219,-0.751384098608678,-0.682403763448821,-0.958957637902778,-0.75045361932504,0.106386235030143,-0.649257589427558,-0.944917804928724,0.663132143772048,-0.654324664786875,-0.583047820945601,-0.688082607251146,0.944285516207001,-0.566305257916794
"F4_GI_3",0.0451593720088746,-0.169408841503878,0.978907505411054,0.386251929443924,-1.02960471887557,-1.01929983339216,0.0458087352705044,0.0749510660078772,-0.891523116900759,-1.12178757278488,-0.714633376586343,-0.609098306669544,-0.889445555134343,-1.09061835408968,-1.01191532697486,-1.18599494695089,-1.05643368780884,-0.944491267045466,-1.01849539534034,-0.137293184331105,-0.209444894196074,-0.763308551489298,-1.14076417849256,-0.933098457276684,-0.778460440710262,-0.95346914985675,-0.262688366045085,-1.20553534599323,-0.882433466842323,-0.754605331494159,2.18378613719199,-0.944405909299918,0.89298399819863,-0.764421963118573,-0.997520971410018,0.305440472907079,0.593698470178555,1.40010570491336,-0.562801704826092,1.81378759105864,-0.761623867622664,-0.988712672816353,-0.755024769247803,0.281616741328104,1.16906222979832,-0.667031411248219,-0.751384098608678,-0.682403763448821,-0.958957637902778,0.416759150398916,0.900788569708912,-0.0925542123872673,-0.405171206294501,0.249641693285268,-0.654324664786875,-0.583047820945601,-0.688082607251146,1.05532988571483,-0.566305257916794
"F4_GI_4",-0.305534345054603,-0.293186204407635,1.17601930057297,0.537422969810512,-1.02960471887557,-1.01929983339216,0.504905991017675,0.0749510660078772,-0.891523116900759,-1.12178757278488,-0.714633376586343,-0.609098306669544,-0.889445555134343,-1.09061835408968,-1.01191532697486,-1.18599494695089,-1.05643368780884,-0.944491267045466,-1.01849539534034,-0.00513001047424021,-0.21761533357638,-0.763308551489298,-1.14076417849256,-0.933098457276684,-0.778460440710262,-0.95346914985675,-0.292841035078207,-1.20553534599323,-0.882433466842323,-0.754605331494159,1.51905469150296,-0.944405909299918,0.86750370798389,-0.764421963118573,-0.997520971410018,0.810525008300151,0.472671381328537,1.64939429418452,-0.562801704826092,1.34285266162142,-0.761623867622664,-0.988712672816353,-0.755024769247803,2.11940697909461,2.56963617916767,-0.667031411248219,-0.751384098608678,-0.682403763448821,-0.958957637902778,0.468688838361091,0.953826703581479,0.221207979707544,0.713079680724074,0.822352936876536,-0.654324664786875,-0.583047820945601,-0.688082607251146,0.594229330774312,-0.566305257916794
"F4_HG_1",-0.691242134759033,-0.426657548914345,0.00928023811368355,-0.140072347582919,0.165370303564862,1.33267672369466,0.781573468018421,-0.856919328696996,0.723904447376815,1.56814073805659,-0.140101346771701,0.149495243375396,1.82784704425885,0.629670731864809,0.890351126884796,0.0171164631177288,0.623802706172539,-0.944491267045466,1.72330152390642,-0.844409986417533,-0.243079198116232,1.82776727354854,1.12611718752033,1.11908000725628,0.356871999858848,0.597385310989882,-0.835043975337982,0.940851718985339,0.435434212648098,2.091936340367,0.42922252952465,1.68158674289118,-0.155324239038427,0.149723149320058,-0.134473638502821,-0.147068056628922,-0.255489445728102,1.87928766923983,0.83197093195686,-0.643700837694987,1.08684211567539,0.687205758746834,1.04962392835106,0.100802679782317,0.925110792088211,1.03835683498897,0.491881218560777,-0.682403763448821,2.27044159161011,0.111489487617645,1.23049788605388,0.384091787450417,0.744217495522701,-0.712564207481966,0.433180052835384,0.0950162526268895,1.11132835637803,-0.131091497115853,1.57769646134345
"F4_HG_2",-0.72269664242359,-0.426657548914345,0.0738393979948361,-0.20579776136787,0.323234958924696,1.28308601557231,0.84072302885047,-0.815587291653587,0.585925590177937,1.2568605275713,-0.129744683038609,0.143542887032002,1.51964812046149,0.636032152298485,0.581191848713907,-0.0450831037112546,0.462036669434088,-0.944491267045466,1.72534398161645,-0.902672109782298,-0.662784755408134,1.75321981002752,0.7001451747019,0.745830564079701,0.319862183952013,0.51203699721734,-0.835043975337982,0.881895495515724,0.456107762896068,1.75364520499526,0.462294322984508,1.36731562382687,0.138012320607399,0.212869616400294,-0.244731064670446,-0.00348144325923727,-0.313557698319071,1.76371934039464,0.531147054736205,-0.643700837694987,0.605673199292471,0.481895945182373,1.27209530707989,0.125601100965197,0.815560836990031,0.707542754024327,0.548456556198111,-0.682403763448821,1.80273716599397,0.00188691382333149,1.24854613267784,0.546438520570983,0.786873501156516,-0.712564207481966,0.531383958447816,-0.583047820945601,0.972311078679965,-0.060337001659388,1.93171485158869
"F4_HG_3",-0.869869349752844,-0.159696168460708,-1.1965349776951,-0.485416304631852,1.61137314336517,1.30921559264555,-0.348718458364081,-1.30546761615051,1.19223952552052,1.38073836590201,0.0980267665292452,0.371911558406565,1.58947981844727,0.897930752872231,1.30787261812486,0.353012143610925,0.719375158960377,-0.944491267045466,2.0913973411921,-0.936242950831264,-0.662784755408134,2.40140872809312,1.30916780062128,0.962205374102996,0.487701205070867,1.05291253598381,-0.835043975337982,2.14049439522046,0.833951699936604,2.57449866649556,-0.320843481401903,1.83554211693354,-0.449939478894163,0.538877093379657,0.140761263785316,-0.27245301272498,-0.902422988471793,0.147770231207596,0.585760597058302,-0.643700837694987,0.682676049940306,1.02356084588482,2.52304505038581,-0.688162773321693,-0.169668703952445,1.81703273823127,0.692682029644508,-0.682403763448821,2.51203981079096,-0.75045361932504,-0.117658018596009,-0.649257589427558,-0.367900572237541,-0.712564207481966,1.01619883069729,-0.583047820945601,1.44018330745053,-0.801392250954468,4.19614600608615
"F5_GI_1",1.40305509711379,3.84828312935161,-0.447114036978439,2.84681026718668,-0.829861642314478,-0.382038743473764,-0.849464016398992,0.426323559160111,-0.201974047941225,-0.357295149334203,-0.0045414609043915,-0.609098306669544,-0.889445555134343,-0.608259517446447,-1.01191532697486,-0.256223374442576,-1.05643368780884,-0.396394524312624,-1.01849539534034,-0.37321306168355,-0.662784755408134,-0.763308551489298,-1.14076417849256,-0.406498795189863,-0.778460440710262,-0.193489607226429,3.96601943612401,-0.483172240490587,-0.444548916897132,-0.754605331494159,-0.0654016795447869,-0.192835800781434,-0.00311192219177283,-0.123242863812237,-0.213123998632261,-0.291439987375469,0.063483868340236,-0.863848294220264,-0.562801704826092,0.488928067088135,-0.234445975118442,-0.988712672816353,-0.755024769247803,-0.688162773321693,-0.848859216189337,-0.667031411248219,-0.751384098608678,-0.682403763448821,0.0969434230544852,-0.75045361932504,-0.841795400360935,-0.649257589427558,-0.944917804928724,-0.712564207481966,-0.654324664786875,-0.583047820945601,-0.688082607251146,-0.801392250954468,-0.566305257916794
"F5_GI_2",2.22502810850467,-0.201040021042088,1.18060431966018,0.0473910222274304,-0.816960557838117,-0.809861961729784,0.418085124004939,2.10057946733878,-0.633784510284085,-0.875964967031613,-0.714633376586343,-0.609098306669544,-0.637246948485373,-0.942941006085052,-0.907029744328333,-1.18599494695089,-0.867888015894562,-0.944491267045466,-1.01849539534034,0.380015480649057,-0.662784755408134,-0.763308551489298,-0.981875056220053,-0.730425695210466,-0.778460440710262,-0.718978951130267,2.19308021786536,-1.20553534599323,-0.716938595421731,-0.754605331494159,0.662149321012212,-0.944405909299918,1.90729396181883,-0.764421963118573,-0.997520971410018,0.358370769076962,0.363833085116523,0.0639849839384267,-0.562801704826092,1.75089798259705,-0.761623867622664,-0.988712672816353,-0.755024769247803,0.328322936609512,0.986788536262933,-0.667031411248219,-0.751384098608678,-0.55233151974919,-0.958957637902778,0.632034740907399,-0.704958616903222,-0.0337906404595539,-0.405171206294501,0.440066125966153,-0.654324664786875,-0.583047820945601,-0.688082607251146,0.172597122103346,-0.566305257916794
"F5_GI_3",1.87462736015876,-0.426657548914345,0.112158652022002,-0.517516746599322,-0.516311641800253,0.00261688339941453,0.235136137107005,0.958952561192791,-0.162306898861253,-0.455970246604892,-0.256345941096322,-0.280674627387348,-0.24634479095102,-0.0251579725690544,-0.525514395208145,-0.256223374442576,-0.218308760893352,-0.0886441759502626,-0.513110821381417,0.0236969284027918,-0.662784755408134,-0.763308551489298,-0.691336899677406,-0.230916396420973,-0.00726199726774529,-0.181515537954771,0.435548036080143,-0.130441715810361,-0.0276021134608487,-0.754605331494159,1.92636123038122,-0.0504498028430769,0.789163632135667,-0.438727632951843,-0.172861692745692,0.362674468455237,2.12352721397161,0.0463042780748248,-0.562801704826092,2.32816329804553,-0.761623867622664,-0.494753699538091,-0.137835164314268,1.00807020565365,1.7088835966746,-0.667031411248219,-0.167140010983285,-0.2921766256685,-0.431075769262905,0.313630142353964,-0.648278320293477,0.0813552102058536,0.153844175090012,0.618476375533892,-0.654324664786875,-0.583047820945601,-0.688082607251146,0.965636121271541,-0.566305257916794
"F5_GI_4",2.22746949722351,-0.426657548914345,0.0848037619783638,-0.573822163455939,0.0300314808872864,0.713199679955914,0.264097665867558,0.510781015387973,0.345729474659338,0.116397528845637,0.0484634312472769,-0.2672629637207,0.283474114531477,0.778395597304633,-0.0500903564488514,0.355974091904647,0.402133124521141,0.743603509117008,-0.236893219602746,-0.017695018597484,-0.471228389243889,-0.763308551489298,0.00539150630004917,0.333234736198292,0.647454245759444,0.620926592290541,0.122036230636509,0.474862764013847,0.90462520048844,0.0806413350189142,0.375041740607099,0.41980246052618,0.939522333391729,-0.166045366635228,0.524653151114277,0.00272697637137683,0.767862880496785,-0.142945714087182,-0.562801704826092,0.4618272057812,-0.0370484984629853,0.0340364474029426,0.272198424404613,0.992341528743391,1.48430670108931,-0.363046462112375,0.304158236189306,-0.00646996880049896,-0.0804417350330392,0.190028508299198,-0.311804081627165,-0.0772973335578721,0.218287696500343,0.217727140881299,0.347721850750496,-0.583047820945601,-0.0932096982122471,0.401994956040515,-0.215538185213488
"F5_HG_1",0.989524949262535,-0.3257637051626,0.0578957453200638,-0.540885095512228,0.662600591035823,1.98453171674194,-0.205607343927531,-0.27306036546558,1.43178668668727,0.74452375933903,0.63052432589602,0.125396937546739,1.19645005616083,2.23606652863748,0.497374433097922,1.09308805658108,1.15040557705831,1.24495558055785,0.604968466156617,-0.109606510069971,-0.391878628858551,-0.763308551489298,0.703582681316539,1.13162040172617,1.63214293625828,1.52623812339392,-0.835043975337982,1.07619969814259,1.9489497785127,0.378050418673215,-0.334523699625251,1.01771164665585,0.449175202092634,0.438187984263957,1.76214679104104,-0.813313043748082,-0.902422988471793,-0.226669289387816,-0.562801704826092,-0.326001554518316,0.370656950747344,0.687205758746834,0.896634220525261,-0.090216764577117,-0.15720314671566,-0.128096743446753,1.33526130866935,0.558778909711131,0.375195009088667,-0.617471091702187,-0.311804081627165,-0.649257589427558,-0.195322938719762,-0.712564207481966,0.762995900439931,-0.583047820945601,0.661223351408632,-0.801392250954468,0.486080166185586
"F5_HG_2",0.999434344820053,-0.27531426067912,-0.0675586453198223,-0.538196376355207,0.831429562000358,1.74389188357708,-0.245087663110141,-0.445043526616094,1.25938472264914,0.986301150885728,0.617023202071951,0.0680525177214807,1.40893159951221,1.83345588478121,0.660863733624655,1.31561031986519,1.58672213612563,0.956407449832805,0.658963778794224,-0.245492145745769,-0.436130695215456,0.0523998440228733,0.886869818267976,1.23174345240047,1.57290808933512,1.44475265766513,-0.835043975337982,1.33290318199041,1.93095070108936,0.486260487185085,-0.314134850344934,0.996459966219463,0.576638316249632,0.470868712345463,1.69342071949749,-0.813313043748082,-0.902422988471793,-0.44121128628535,-0.562801704826092,-0.442774187512586,0.536051451817753,0.748609671508621,1.00845139081796,-0.186576890609417,-0.294319127093765,-0.11598250225547,1.5839603542999,0.731094106053528,0.631998557503218,-0.0593962348947961,-0.409066514224165,-0.649257589427558,-0.0793342302302567,-0.201102666078719,0.839712258681902,0.166590215714402,1.01743200477597,-0.801392250954468,0.486080166185586
"F5_HG_3",0.621738824741217,-0.426657548914345,0.173195659742307,-0.512556800479637,0.91749106947272,1.79899775507125,-0.30047282094844,-0.431440182196813,1.75272164083746,0.834746485271778,0.886312615342521,0.131494909113325,1.17635427764231,2.00535479271871,0.567235587395947,1.37365090520921,1.25738243309738,1.25142042704731,0.685324076688849,0.12162602855593,-0.420480565193637,0.0113699728602001,0.622837859361449,0.867313725167507,1.67648482024783,1.91739015800435,-0.835043975337982,1.04034000929944,2.22012783780704,0.336480384744953,-0.479870182010861,1.05609112474076,0.467317516485529,0.646544329932924,2.31302487508688,-0.813313043748082,-0.902422988471793,-0.422416864567751,-0.562801704826092,-0.295676389367178,0.518056121316158,0.528634055784351,1.15639063095764,-0.688162773321693,-0.396088186959318,-0.222031141762395,1.43233779354246,0.538136176516711,0.266213212622119,-0.75045361932504,-0.27757279365243,-0.649257589427558,-0.181565211630269,-0.712564207481966,0.656586777183109,0.0359309686196933,1.37367711062208,-0.801392250954468,0.730590733215615
"F6_GI_1",-0.43542098344111,0.387470398513705,0.305368323267519,-0.829706938658214,0.559069715020298,-0.426698645874548,-1.17649416044376,1.35982355121028,-0.563934327129686,-0.407283987595161,-0.714633376586343,-0.609098306669544,-0.580561456099501,-0.0705620031468583,-0.706108641454727,0.0396310438719885,-0.296227147788104,0.4022815535475,0.169488752022458,0.463413499297327,-0.662784755408134,-0.763308551489298,0.710438682837248,-0.368830571439931,-0.778460440710262,-0.379030354587473,1.00247390345424,-0.293094890347268,-0.882433466842323,-0.754605331494159,-0.847310199444419,-0.446461898782319,-1.24494249494649,-0.764421963118573,0.111924504220031,-0.813313043748082,-0.902422988471793,-0.863848294220264,-0.562801704826092,-0.377897205383569,-0.761623867622664,0.1996976920972,-0.755024769247803,-0.688162773321693,-0.848859216189337,-0.667031411248219,-0.751384098608678,-0.213402857687888,-0.1842001074781,-0.75045361932504,-0.841795400360935,-0.649257589427558,-0.128848670881494,-0.712564207481966,-0.654324664786875,0.999524006247767,-0.688082607251146,-0.801392250954468,-0.566305257916794
"F6_GI_3",-0.283317351766782,-0.426657548914345,0.562850670483335,-0.829706938658214,-0.903279895504374,-1.01929983339216,0.144505252136352,-0.145109284703162,-0.891523116900759,-1.12178757278488,-0.714633376586343,-0.609098306669544,-0.889445555134343,-1.09061835408968,-1.01191532697486,-0.629878768973787,-1.05643368780884,-0.36313912656882,-1.01849539534034,2.04898111109446,0.0842163215819171,-0.763308551489298,-1.14076417849256,-0.933098457276684,-0.778460440710262,-0.95346914985675,0.803414317794187,-1.20553534599323,-0.882433466842323,-0.754605331494159,-0.847310199444419,-0.944405909299918,-1.24494249494649,-0.764421963118573,-0.997520971410018,-0.813313043748082,-0.0913947719327786,-0.863848294220264,-0.562801704826092,-0.643700837694987,-0.761623867622664,-0.988712672816353,-0.755024769247803,-0.688162773321693,-0.479178148716722,-0.667031411248219,-0.751384098608678,-0.682403763448821,-0.958957637902778,-0.75045361932504,-0.841795400360935,0.947749649445564,3.90506109526275,1.00809232337512,-0.654324664786875,-0.583047820945601,-0.688082607251146,-0.077377446175393,-0.566305257916794
"F6_GI_4",-0.48598343708461,-0.426657548914345,-0.171267479714571,-0.829706938658214,-0.186178106547049,-0.61029793572829,0.0116133789367712,0.786604555621549,-0.891523116900759,0.810392911776132,-0.714633376586343,-0.609098306669544,-0.889445555134343,0.677863323142193,-0.39571434567911,0.600158816824281,-0.176871738110056,0.843925723353704,-0.0410363630909038,0.798039951841698,0.176828019543652,-0.763308551489298,-0.129333525595129,-0.933098457276684,-0.778460440710262,-0.95346914985675,-0.262688366045085,0.644309682415063,-0.882433466842323,-0.754605331494159,-0.847310199444419,-0.944405909299918,-1.24494249494649,-0.764421963118573,0.147857255989464,-0.813313043748082,-0.683742138655864,-0.863848294220264,-0.562801704826092,-0.643700837694987,-0.761623867622664,2.1717796285853,-0.755024769247803,-0.688162773321693,-0.848859216189337,-0.667031411248219,-0.751384098608678,-0.682403763448821,1.0656451034223,-0.75045361932504,-0.841795400360935,-0.649257589427558,2.27294204563972,0.10237880369488,-0.654324664786875,1.10887170306058,-0.688082607251146,-0.801392250954468,-0.215538185213488
"F6_HG_1",-0.757917308174204,-0.426657548914345,-0.708075338920505,-0.829706938658214,1.60980802023491,-0.508828351646066,-0.844057084631777,0.18710190483446,-0.891523116900759,0.08611537527975,-0.714633376586343,-0.609098306669544,-0.889445555134343,0.397463344749532,-0.327955660839941,1.57735784006814,-0.0993528655552579,1.89646486413955,0.0142647044449271,0.110253374274191,-0.405781494609333,0.0914650509606459,1.04634723493805,-0.479884209072056,-0.778460440710262,-0.95346914985675,-0.285147995135271,0.489626058842026,-0.882433466842323,-0.146938985211552,-0.847310199444419,-0.944405909299918,-0.599825544989414,-0.764421963118573,0.662295052355474,-0.813313043748082,-0.902422988471793,-0.863848294220264,-0.562801704826092,-0.643700837694987,-0.761623867622664,0.763625984336318,-0.755024769247803,-0.688162773321693,-0.848859216189337,-0.667031411248219,-0.751384098608678,-0.146073556422947,0.165796765374427,-0.75045361932504,-0.841795400360935,-0.649257589427558,0.798870009075201,-0.712564207481966,-0.654324664786875,1.5201602214877,-0.688082607251146,-0.801392250954468,-0.0304925592841696
"F6_HG_2",-0.987062410729062,-0.426657548914345,-0.777700516194499,-0.829706938658214,3.04782568044159,-0.779354608182176,-1.17649416044376,0.453567732397649,-0.891523116900759,-0.695984775823372,-0.714633376586343,-0.609098306669544,-0.889445555134343,-0.352054278507576,0.0939348493950453,1.25621672833362,-0.308019003711348,0.426519449297178,-0.450995544393323,-0.255928293042502,-0.662784755408134,0.423947342355243,0.249648525778756,-0.596995860612188,-0.778460440710262,-0.95346914985675,0.0100592422341254,-0.272881471628772,-0.424168361649869,-0.754605331494159,-0.847310199444419,-0.944405909299918,-1.24494249494649,-0.764421963118573,0.343425352266535,-0.813313043748082,-0.902422988471793,-0.863848294220264,-0.562801704826092,-0.643700837694987,-0.761623867622664,-0.103030272365715,-0.755024769247803,-0.688162773321693,-0.848859216189337,-0.667031411248219,-0.751384098608678,0.308385245453397,-0.451786834470049,-0.75045361932504,-0.841795400360935,-0.649257589427558,-0.656420730389812,-0.712564207481966,-0.654324664786875,3.40126964465875,-0.688082607251146,-0.801392250954468,0.361792878586352
"F6_HG_3",-1.09617048259166,-0.426657548914345,-0.861699724752095,-0.829706938658214,0.993340649541641,-0.67592492564262,-1.17649416044376,0.686135772625987,-0.891523116900759,-0.6804930641642,-0.714633376586343,-0.609098306669544,-0.889445555134343,-0.110615919282968,0.0428757463987663,1.12106418741458,-0.396424803707304,0.570062409086111,-0.343693860209391,0.173478065147231,-0.662784755408134,0.574009778835466,1.05214031178858,-0.553919797888616,-0.778460440710262,-0.95346914985675,0.603428263022593,-0.030928843957338,-0.882433466842323,-0.754605331494159,-0.847310199444419,-0.944405909299918,-1.24494249494649,-0.764421963118573,0.36143904918437,-0.813313043748082,-0.902422988471793,-0.863848294220264,-0.562801704826092,-0.643700837694987,-0.761623867622664,0.214287989521041,-0.755024769247803,-0.688162773321693,-0.848859216189337,-0.667031411248219,-0.751384098608678,0.906114652174525,-0.600340896929122,-0.75045361932504,-0.841795400360935,-0.649257589427558,-0.944917804928724,-0.712564207481966,-0.654324664786875,2.6967189358434,-0.688082607251146,-0.801392250954468,0.00650452073201936
"F7_GI_2",-0.707037382602092,0.0599793979415097,0.493065640974045,0.121316732920656,-0.850950866886621,-0.718500538874039,-1.17649416044376,2.57543028157434,-0.563934327129686,-0.850018644641943,-0.714633376586343,-0.609098306669544,-0.601892025582931,-0.86503447088352,-0.789414214709797,-1.18599494695089,-0.789786285873034,-0.53343789997079,-0.807748809065372,0.251292175857044,-0.662784755408134,-0.763308551489298,-0.946164892182404,-0.933098457276684,-0.555859120748774,-0.595269901473205,-0.835043975337982,-1.20553534599323,-0.612176968889544,-0.754605331494159,-0.847310199444419,-0.573270256246598,-0.430774600152743,-0.764421963118573,-0.660894520177611,-0.813313043748082,-0.574396246159839,-0.863848294220264,-0.562801704826092,-0.643700837694987,-0.761623867622664,-0.988712672816353,-0.755024769247803,-0.688162773321693,-0.848859216189337,-0.667031411248219,-0.519241422334437,-0.682403763448821,-0.958957637902778,-0.75045361932504,-0.841795400360935,-0.649257589427558,-0.944917804928724,-0.712564207481966,-0.654324664786875,-0.583047820945601,-0.688082607251146,-0.801392250954468,-0.566305257916794
"F7_GI_3",-1.00820679582087,-0.0524695291283371,-1.15538618428917,0.160072230019102,-1.02960471887557,-1.01929983339216,2.42099788838634,-0.655757440441502,-0.891523116900759,-1.12178757278488,-0.714633376586343,-0.609098306669544,-0.889445555134343,-1.09061835408968,-1.01191532697486,-1.18599494695089,-1.05643368780884,-0.944491267045466,-1.01849539534034,-0.831203579125658,3.39000074138787,-0.763308551489298,-1.14076417849256,-0.933098457276684,-0.778460440710262,-0.95346914985675,-0.0736636516897693,-1.20553534599323,-0.882433466842323,-0.754605331494159,-0.451920512595082,-0.944405909299918,-1.24494249494649,-0.601578055184801,-0.997520971410018,2.99995417479301,3.2434241360605,1.00591324148291,-0.562801704826092,-0.643700837694987,-0.761623867622664,-0.988712672816353,-0.755024769247803,3.06606530800126,0.589404884199054,-0.667031411248219,-0.751384098608678,-0.682403763448821,-0.958957637902778,1.85539111850997,2.2718997437342,1.53254998566196,-0.405171206294501,3.63142729906927,-0.654324664786875,-0.583047820945601,-0.688082607251146,3.56209000801358,-0.566305257916794
"F7_GI_4",-0.913575835730661,0.1810897186274,-1.0809852094913,-0.186605092264452,-0.823310268661159,-0.742228485413982,2.87748785089342,-0.469241313760625,-0.891523116900759,-0.384142625059601,-0.0948557025228992,0.20110429008499,-0.601892025582931,-0.690680871978526,-0.442132499581064,-1.18599494695089,-0.679327257812084,-0.944491267045466,-0.624211490390909,-0.553587414874069,2.84387838931795,-0.763308551489298,-0.889535905190362,-0.567713976655149,-0.218229520776051,-0.65073956817673,-0.835043975337982,0.331636172137761,-0.595782207677375,-0.754605331494159,-0.157202957541751,-0.612454302969766,-0.797324050289471,0.0251116330041218,-0.777150167965786,2.28695634860174,1.36549119349413,2.94466699871814,-0.0681602823601748,-0.643700837694987,-0.546415156599567,-0.988712672816353,-0.755024769247803,2.58328395326673,0.810410241832487,-0.128096743446753,-0.396775574827681,-0.682403763448821,-0.958957637902778,3.96336251390874,2.24147711139435,4.03170638313096,0.431524928360385,2.40340969788224,0.325194541304503,-0.583047820945601,-0.137340983576037,0.60315181850258,-0.566305257916794
"F7_HG_1",-1.01165798776513,0.0779732491189363,-1.51656425827836,-0.453969226614313,-0.0444976481827613,0.65193827885981,0.985505099555377,-1.17410748857005,0.0786843615187704,1.59083731607219,2.10875988324761,2.82409523964332,1.15763241246953,0.866384794705023,1.7265107358662,0.719010525424668,0.997084136076183,0.864892086766655,0.71128547519543,-1.22064171879898,1.04850574006066,1.35727046573708,0.797376909125026,0.253539977075504,2.02993164080972,0.834397311066467,-0.835043975337982,0.713775793190508,0.516305713465551,0.211699888537784,-0.658826245327704,0.978572157199174,-1.24494249494649,1.94839195204373,1.30923674153726,-0.147068056628922,0.207627671551282,0.410828637226076,2.90379541583632,-0.643700837694987,0.878292546885969,1.61495617941475,0.000907806061320226,-0.160834511512409,-0.848859216189337,2.16233813765378,2.30133311847317,0.190275399995735,0.334363961180844,1.04466294383677,-0.10483797514409,0.424969212032757,-0.367900572237541,0.161954914439556,2.96824927680467,0.216077005134695,1.61185508467643,0.0783047844076386,-0.566305257916794
"F7_HG_2",-1.09617048259166,-0.0628213888435968,-1.62133196156981,-0.542238858195433,0.353652359630951,0.745027534713974,0.424840973580636,-1.15597508645979,0.290609782168541,1.52732516042278,2.79483861136688,2.94203461433717,0.903948806393038,1.01077009492949,1.63291641927551,1.02990375051829,1.39287242966007,0.870096174730236,0.808429284004244,-1.22064171879898,0.558583643827816,1.67642598285267,0.564429495836377,0.177415685107439,1.81781597802629,0.88267231389673,-0.835043975337982,1.03755808837704,0.992313461038042,0.422524364545289,-0.847310199444419,0.699702242462018,-1.24494249494649,2.84283922926388,1.78565861680548,-0.254109862668204,0.135168966227724,0.0813354692434833,2.5838765732193,-0.643700837694987,0.719682291432581,1.84385082052043,0.15085257439181,-0.688162773321693,-0.848859216189337,2.5501526563072,2.28350623707049,0.0872012478367309,0.248575877552782,0.28838096459345,-0.409066514224165,0.0813552102058536,-0.488754753903018,0.206843099392348,2.30660853538509,0.725359188926394,1.99834894143272,-0.254104925516646,-0.566305257916794
"F7_HG_3",-0.949778832690318,-0.141260021633431,-1.62530900844341,-0.622671770324494,0.295172324649272,0.845578739745291,-0.243170034239758,-1.30546761615051,0.324822963996649,1.55163242514274,2.99338463480876,2.82941976052681,0.827356735722301,1.03331986970956,1.70495026481048,1.24869248778036,1.8492137574641,0.817370172176743,1.00261723857871,-1.22064171879898,0.0743169112801154,1.8201538893374,0.710438682837248,0.14451384682305,2.10009275675488,0.994648167182883,-0.835043975337982,0.955341879543753,1.19224715438272,0.4737768467053,-0.847310199444419,0.63982220995478,-1.24494249494649,2.57826945337621,1.78858382096301,-0.813313043748082,-0.334229904981362,-0.338431041980841,2.46613679073115,-0.643700837694987,0.765949882817999,1.51552125946609,0.100931730131156,-0.688162773321693,-0.848859216189337,2.42762406505843,2.08648924440666,0.190275399995735,0.0555057508525032,0.131779162318312,-0.841795400360935,-0.649257589427558,-0.622367194701434,0.0513832246741893,2.46163346265249,0.801307855457593,2.89056865157049,-0.801392250954468,-0.566305257916794
"F8_GI_1",1.06150725238712,-0.426657548914345,-0.0980457919498346,3.10754750618072,-0.883736404766151,-1.01929983339216,-0.969674550073446,-0.614831196959342,-0.643896699023945,-1.12178757278488,-0.714633376586343,-0.609098306669544,-0.889445555134343,-1.09061835408968,-1.01191532697486,-1.18599494695089,-1.05643368780884,-0.944491267045466,-1.01849539534034,-0.806050395221906,-0.662784755408134,-0.763308551489298,-1.14076417849256,-0.933098457276684,-0.778460440710262,-0.95346914985675,0.540563997164442,-1.20553534599323,-0.882433466842323,-0.754605331494159,-0.847310199444419,-0.944405909299918,1.00925963091372,-0.764421963118573,-0.997520971410018,-0.813313043748082,-0.902422988471793,-0.863848294220264,-0.562801704826092,-0.643700837694987,-0.761623867622664,-0.988712672816353,-0.755024769247803,-0.688162773321693,-0.848859216189337,-0.667031411248219,-0.751384098608678,-0.682403763448821,-0.958957637902778,-0.75045361932504,-0.841795400360935,-0.649257589427558,-0.944917804928724,-0.712564207481966,-0.654324664786875,-0.583047820945601,-0.688082607251146,-0.801392250954468,-0.566305257916794
"F8_GI_2",1.0408711809271,-0.426657548914345,2.88805545489495,2.39083688775615,-1.02960471887557,-0.853727969806293,-0.969674550073446,0.182661040201516,-0.891523116900759,-1.00590838921746,-0.524902698315604,-0.609098306669544,-0.889445555134343,-1.09061835408968,-1.01191532697486,-1.18599494695089,-1.05643368780884,-0.944491267045466,-0.869476048582734,0.585560279997287,0.325592846181645,-0.763308551489298,-1.14076417849256,-0.933098457276684,-0.778460440710262,-0.700189943136229,0.321084698620586,-1.20553534599323,-0.882433466842323,-0.754605331494159,-0.847310199444419,-0.944405909299918,1.33301745045879,-0.764421963118573,-0.997520971410018,-0.813313043748082,-0.902422988471793,-0.863848294220264,-0.562801704826092,-0.643700837694987,-0.761623867622664,-0.988712672816353,-0.755024769247803,-0.688162773321693,-0.848859216189337,-0.667031411248219,-0.751384098608678,-0.682403763448821,-0.958957637902778,-0.75045361932504,-0.841795400360935,-0.649257589427558,-0.944917804928724,-0.712564207481966,-0.654324664786875,-0.583047820945601,-0.688082607251146,-0.801392250954468,-0.566305257916794
"F8_GI_3",0.614130032014818,-0.426657548914345,1.80365203285766,-0.00833649204256958,-1.02960471887557,-0.945255819671438,0.811816618237917,1.18158652033647,-0.891523116900759,-1.12178757278488,-0.714633376586343,-0.609098306669544,-0.889445555134343,-1.09061835408968,-1.01191532697486,-1.18599494695089,-1.05643368780884,-0.944491267045466,-1.01849539534034,2.58238199310189,1.74523524500698,-0.763308551489298,-1.14076417849256,-0.933098457276684,-0.778460440710262,-0.95346914985675,-0.137012250068294,-1.20553534599323,-0.882433466842323,-0.754605331494159,1.7507205119361,-0.944405909299918,0.655543780619908,-0.764421963118573,-0.997520971410018,1.6515452727553,1.49190327393997,-0.226669289387816,-0.562801704826092,2.11079034455413,-0.761623867622664,-0.988712672816353,-0.755024769247803,0.0305076516701639,-0.0755461698915557,-0.667031411248219,-0.751384098608678,-0.682403763448821,-0.958957637902778,1.04959384332134,1.77205337216841,0.682819549527276,-0.154767533631329,-0.311347452426305,-0.654324664786875,-0.583047820945601,-0.688082607251146,1.83513983713132,-0.566305257916794
"F8_GI_4",-0.239149057294695,-0.426657548914345,1.35073244035889,-0.43769270244806,-0.425707264168401,-0.231612265356275,1.55616894488535,0.271616543962259,0.610077187736614,-0.0218077789771381,-0.0526906525716986,-0.0811976527011073,-0.0916840496313983,-0.524979844063946,0.0989124173937589,-0.180918379695812,0.0555274514532787,-0.511200084362923,0.0460706710676936,3.13952150238353,1.14293194257306,0.232539012296327,-0.0805339045647377,0.745830564079701,-0.778460440710262,0.0956018389041935,-0.200053376172853,0.196076078066206,-0.0329644453904003,0.581955231216311,2.06466109630876,0.507992129232399,0.301408102709051,0.0896896372609228,-0.637650958045557,2.06504494046865,1.19764354425813,0.832435274556236,-0.1424443348696,0.785095410678054,0.588603324885906,-0.988712672816353,0.257824199479842,0.790680392397514,1.53522432600801,-0.0590189426665921,-0.268124472107473,0.650902606111603,0.212506311030688,1.11251405495515,2.0653132831746,2.03060344956836,0.851867211243734,1.36882573657814,-0.654324664786875,-0.583047820945601,-0.688082607251146,1.72352603120608,-0.566305257916794
"F8_HG_1",-0.347055322752108,-0.376211131523667,0.0500819890983408,-0.0821034694021223,0.367176236003426,0.81771859640869,-0.132793009034412,-1.08984649795593,1.82843154146941,0.680031993439051,0.51107126174261,0.0812069106395414,1.3132477190569,0.301177570241204,1.34245509379854,0.600158816824281,1.14634523510442,0.254465024146361,1.26706382059363,0.513882032058257,-0.127736284639144,0.539366322587089,1.57026067991547,2.30475755468741,0.371343090805733,1.37636078612922,-0.119180129843564,0.634173477823347,0.81245063250496,1.35075462476271,-0.461012433915882,1.33110121863482,-0.0800488180723736,0.873232098647835,-0.0798942265285732,-0.124722759069594,-0.283842394449419,-0.863848294220264,1.02385222588738,-0.643700837694987,2.64736889047087,0.469978244895416,1.39873045918118,-0.688162773321693,-0.848859216189337,0.707542754024327,0.278293988713815,2.88872552336367,1.02815226153961,-0.112645042154049,0.0660072881501596,0.138087134582826,0.115264890009825,-0.712564207481966,-0.443104998181402,-0.583047820945601,0.0744126098257142,-0.0948285060795354,0.383636637437823
"F8_HG_2",-0.393088421912825,-0.355315303454994,-0.184789204215821,0.26225477480201,0.392902020181194,0.777858385053945,0.119835327833771,-1.22323516589977,1.47270136510226,0.706098111026926,0.359312025089155,0.484719556465646,1.32052830670367,0.385150388283142,1.54913372158085,0.502902055227751,0.926191245386787,0.254465024146361,0.777662347357281,-0.0915246300602667,-0.134642186599185,0.384800112451331,1.80433225400298,2.13991744203725,0.378510906171435,1.48488220236121,0.206215446532575,0.507902402441368,0.602057612533629,1.29867885444504,-0.314134850344934,1.22524706402978,0.0926214124513554,0.683720073017966,-0.0200574949223216,0.20127970855441,-0.121453778017096,-0.354120387020369,1.01091910286892,-0.643700837694987,2.58039562310736,0.618050743119091,1.22067490804415,-0.688162773321693,-0.848859216189337,0.866741089298636,0.157765908929069,2.92207205198261,1.08676263801463,0.025046424312708,0.286841784741453,0.138087134582826,0.236055466993089,-0.712564207481966,0.0620062247370518,-0.583047820945601,-0.370120262672338,0.0783047844076386,0.268726363299163
"F8_HG_3",-0.61190917120446,-0.426657548914345,-0.497913040978784,-0.303933599307695,1.23822496791207,0.760734450023372,-0.591356018935311,-1.30546761615051,2.28751722329108,0.869028361696988,0.874966376674344,0.63133203229841,0.527458843291484,0.316815244533377,1.56653453163732,1.21072318514904,1.82745069691923,2.77427283481111,1.7859386485012,-0.326720777183435,-0.378655065616163,0.593410340841846,1.07229787689629,1.89895467281958,0.624058277816567,1.52063866688045,-0.367737837305076,1.07346107215497,1.48029491103389,1.688932304414,-0.608892376089396,1.34020808851523,-0.0282182413058118,1.2975984031057,-0.0283797175553782,-0.0960097174048581,-0.508178651357747,-0.863848294220264,0.654783431109366,-0.643700837694987,1.78526693137618,0.836864366120323,2.41992038096302,-0.688162773321693,-0.848859216189337,0.745506908571347,-0.122698936705886,2.15695342431478,1.10245955837523,-0.309385768216382,-0.294420895076626,-0.649257589427558,-0.154767533631329,-0.712564207481966,0.163801959212299,0.477178242079748,0.522899985411815,-0.149979181107219,0.792400045469813
