,Species,Gut_SubSection,Gut_SubSection.padjust,Species.padjust,Kingdom,Phylum,Class,Order,Family,Genus,F4_GI_1,F4_GI_2,F4_GI_3,F4_GI_4,F4_HG_1,F4_HG_2,F4_HG_3,F5_GI_1,F5_GI_2,F5_GI_3,F5_GI_4,F5_HG_1,F5_HG_2,F5_HG_3,F6_GI_1,F6_GI_3,F6_GI_4,F6_HG_1,F6_HG_2,F6_HG_3,F7_GI_2,F7_GI_3,F7_GI_4,F7_HG_1,F7_HG_2,F7_HG_3,F8_GI_1,F8_GI_2,F8_GI_3,F8_GI_4,F8_HG_1,F8_HG_2,F8_HG_3,mean_GI_1,mean_GI_2,mean_GI_3,mean_GI_4,mean_HG_1,mean_HG_2,mean_HG_3
Otu00003,0.482227194,6.00E-05,0.000432758,0.714563637,Bacteria,Proteobacteria,Gammaproteobacteria,Vibrionales,Vibrionaceae,Vibrionaceae_unclassified,0.0623,0.0863,0.04314,0.02086,0.0055,0.00468,0.00172,0.19562,0.32708,0.2684,0.3275,0.1392,0.14046,0.09594,0.0146,0.02204,0.01246,0.00384,4.00E-04,0,0.00508,0.00026,0.00112,0.00024,0,0.00072,0.14846,0.14578,0.09512,0.02448,0.01874,0.01652,0.00786,0.105245,0.14106,0.085792,0.077284,0.033504,3.24E-02,0.021248
Otu00004,0.65278703,0.002140557,0.008081226,0.805220366,Bacteria,Proteobacteria,Gammaproteobacteria,Pasteurellales,Pasteurellaceae,Pasteurellaceae_unclassified,0.12424,0.0086,0.00052,0.00014,0,0,0.00056,0.13688,4.00E-04,0,0,8.00E-05,0.00018,0,0.0052,0,0,0,0,0,0.00186,0.0011,0.0029,0.002,0.00104,0.00064,0,0,0,0,2.00E-05,4.00E-05,0,0.06658,0.002715,0.000324,0.000608,0.00042,2.52E-04,0.00024
Otu00005,0.095706487,0.00042035,0.002170764,0.281134099,Bacteria,Firmicutes,Erysipelotrichia,Erysipelotrichales,Erysipelotrichaceae,Turicibacter,0.06088,0.06268,0.1011,0.1153,0.0439,0.04702,0.00506,0.0248,0.11564,0.04892,0.04756,0.04624,0.04032,0.05202,0.05904,0.0739,0.03572,0.01626,0.01428,0.01206,0.06972,0.00576,0.00714,0.00116,0.00048,0.00046,0.03894,0.26882,0.16572,0.12856,0.04586,0.03514,0.023,0.045915,0.129215,0.07908,0.066856,0.030684,2.74E-02,0.01852
Otu00015,0.221276298,0.006040838,0.01926387,0.454572444,Bacteria,Firmicutes,Clostridia,Clostridiales,Peptostreptococcaceae,Peptostreptococcaceae_unclassified,0.04026,0.0698,0.03748,0.04722,0.01216,0.00996,0.00304,0.30868,0.01962,0.0025,0.00168,0.00214,0.00218,0.00258,0,0,0,0,0,0,0.02304,0.02494,0.01058,0.00362,0.00212,0.0011,0.3479,0.24346,0.01722,0.00394,0.01428,0.0303,0.00708,0.17421,0.08898,0.016428,0.012684,0.00644,8.91E-03,0.00276
Otu00019,0.061139745,1.94E-06,7.05E-05,0.218086099,Bacteria,Proteobacteria,Deltaproteobacteria,Desulfovibrionales,Desulfovibrionaceae,Desulfovibrio,6.00E-05,0,0,0,0.0107,0.0137,0.05154,3.00E-04,0.00034,0.00198,0.00842,0.02138,0.02582,0.02824,0.01886,0.00012,0.00534,0.05148,0.1199,0.03046,0.00024,0,0.00032,0.00728,0.01432,0.01314,0.00016,0,0,0.00274,0.0146,0.01514,0.03818,0.004845,0.000145,0.00042,0.003364,0.021088,3.78E-02,0.032312
Otu00025,0.333203607,3.25E-06,9.03E-05,0.577329218,Bacteria,Firmicutes,Clostridia,Clostridiales,Ruminococcaceae,Ruminococcaceae_unclassified,2.00E-05,0,0,0,0.03982,0.03818,0.03904,0.00296,0.00032,0.0076,0.02174,0.0644,0.05468,0.05684,0.00256,0,0.00122,0.0019,0.00042,0.00086,0.00066,0,0.00056,0.02024,0.02254,0.02516,0,2.00E-04,4.00E-05,0.00452,0.02442,0.02338,0.02294,0.001385,0.000295,0.001528,0.005608,0.030156,2.78E-02,0.028968
Otu00027,0.059983492,0.000416581,0.002167473,0.21732239,Bacteria,Tenericutes,Mollicutes,DMI,DMI_fa,DMI_ge,0,0.00056,0.00836,0.01578,0.02136,0.02266,0.00384,6.00E-04,0.0142,0.01114,0.0116,0.00528,0.00486,0.0043,0,0.00976,0.0079,0.00062,0,0,0,0.07088,0.08942,0.026,0.01432,0.00488,0.00024,0.00024,0.02202,0.04132,0.0061,0.0094,0.00192,0.00021,0.00375,0.024432,0.033204,0.011872,1.02E-02,0.002988
Otu00032,0.325915806,0.000827515,0.003817604,0.572420655,Bacteria,Firmicutes,Clostridia,Clostridiales,Peptostreptococcaceae,Peptostreptococcaceae_unclassified,0.01964,0.0086,0.0071,0.0071,0.0014,0.00156,0.00022,0.01038,0.03434,0.01652,0.01126,0.00446,0.00338,0.00346,0.02206,0.00536,0.01438,0.00808,0.01066,0.0132,0.04358,0.00226,0.00324,0.00046,5.00E-04,0.00022,0.00246,0.00804,0.0195,0.00886,0.00066,0.00036,0.00022,0.013635,0.02364,0.010148,0.008968,0.003012,3.29E-03,0.003464
Otu00040,0.168304683,6.44E-05,0.000454397,0.385651791,Bacteria,Verrucomicrobia,Verrucomicrobiae,Verrucomicrobiales,Akkermansiaceae,Akkermansia,0.00012,0,0,0,0.01018,0.00852,0.0169,0.00186,0.00026,0.00208,0.00598,0.02098,0.018,0.02712,0.00042,0,0,0,0,0,0.00042,0,0,0.00368,0.00546,0.00578,0.00024,0,0,0.0088,0.02868,0.02172,0.03904,0.00066,0.00017,0.000416,0.002956,0.012704,1.07E-02,0.017768
Otu00047,0.241356903,2.81E-05,0.000239386,0.475837542,Bacteria,Bacteroidetes,Bacteroidia,Bacteroidales,Rikenellaceae,Alistipes,0,0,0,0,0.0214,0.01676,0.01854,0.00174,0.00018,0.00132,0.00456,0.01034,0.01318,0.01136,0.00152,0,0.01108,0.00434,0.00054,0.00058,0.00022,0,0.00162,0.02176,0.02076,0.02114,0,4.00E-05,0,0.0036,0.00964,0.00992,0.01176,0.000815,0.00011,0.000264,0.004172,0.013496,1.22E-02,0.012676
Otu00057,0.081359729,0.002143689,0.008081226,0.255913331,Bacteria,Verrucomicrobia,Verrucomicrobiae,Verrucomicrobiales,Akkermansiaceae,Akkermansia,0,0,0,0,0.0011,0.00114,0.0022,0.00168,0,7.00E-04,0.00194,0.00602,0.0059,0.00852,0,0,0,0,0,0,0,0,0.00128,0.02634,0.0405,0.04514,0,0.00012,0,0.00146,0.005,0.00384,0.0084,0.00042,0.00003,0.00014,0.000936,0.007692,1.03E-02,0.012852
Otu00058,0.032420789,0.005471451,0.017859643,0.21164498,Bacteria,Bacteroidetes,Bacteroidia,Bacteroidales,Rikenellaceae,Alistipes,0,0,0,0,0.00128,0.00126,0.00214,0,0,0.00024,0.00026,0.0012,0.00102,0.00122,0,0,0,0,0,0,0,0,0.00146,0.026,0.0278,0.02608,0,0,0,0.00062,0.00106,0.00266,0.00342,0,0,0.000048,0.000468,0.005908,6.55E-03,0.006572
Otu00059,0.050083206,9.50E-06,0.00013606,0.212623179,Bacteria,Bacteria_unclassified,Bacteria_unclassified,Bacteria_unclassified,Bacteria_unclassified,Bacteria_unclassified,8.00E-05,0,0,0,0.02304,0.01814,0.0192,0,2.00E-04,0.0013,0.00432,0.01362,0.01652,0.01336,3.00E-04,0,0,0,0,0,0.00026,0,0.00026,0.01312,0.01008,0.00924,0,0,0,0.002,0.01518,0.01528,0.0063,0.000095,0.000115,0.00026,0.001316,0.012992,1.20E-02,0.00962
Otu00061,0.938640406,4.84E-06,0.00010995,0.939998786,Bacteria,Firmicutes,Clostridia,Clostridiales,Ruminococcaceae,Ruminococcaceae_unclassified,0,0,0,0,0.00812,0.00818,0.01084,0.00064,6.00E-05,0.00312,0.00958,0.03014,0.02334,0.02614,0.00286,0,0.00858,0.00608,0.0015,0.00264,0.00014,0,0.00044,0.0105,0.0121,0.01236,0,0,0,0.00088,0.00532,0.00598,0.00544,0.000875,0.00005,0.000624,0.003896,0.012032,1.02E-02,0.011484
Otu00062,0.172383675,5.00E-08,6.91E-06,0.392165687,Bacteria,Firmicutes,Clostridia,Clostridiales,Clostridiales_vadinBB60_group,Clostridiales_vadinBB60_group_ge,0,0,0,0,0.0131,0.0092,0.01944,0,4.00E-05,0.00086,0.00336,0.00826,0.01014,0.00904,0.00034,0,0.00138,0.0017,0.00444,0.00404,0.00018,0,0.00118,0.02702,0.02522,0.0266,0,0,0,0.00448,0.02002,0.02366,0.02398,0.000085,0.000055,0.000172,0.00208,0.01402,1.45E-02,0.01662
Otu00063,0.579299561,9.41E-10,6.51E-07,0.779636788,Bacteria,Firmicutes,Clostridia,Clostridiales,Lachnospiraceae,Lachnospiraceae_unclassified,0,0,0,0,0.00318,0.00286,0.0052,0.0019,0,0.0019,0.00522,0.01138,0.0137,0.01434,0.0033,0.00068,0.007,0.0167,0.01306,0.01166,0,0,0,0.00796,0.01076,0.01298,0,0,0,0.00222,0.007,0.00626,0.01258,0.0013,0,0.000516,0.002888,0.009244,9.33E-03,0.011352
Otu00069,0.426131885,1.15E-06,5.68E-05,0.661460971,Bacteria,Firmicutes,Clostridia,Clostridiales,Ruminococcaceae,Ruminiclostridium_5,0,0,0,0,0.00634,0.00518,0.00708,0,8.00E-05,0.00158,0.00478,0.01092,0.01564,0.012,0.0013,0,0.00174,0.00206,0.00126,0.00098,0.00016,0,0.00032,0.00946,0.01344,0.01888,0,0,0,0.00278,0.01088,0.00882,0.0186,0.000325,0.00006,0.000316,0.001924,0.007932,8.87E-03,0.011508
Otu00072,0.72223672,0.006230627,0.019777953,0.84139362,Bacteria,Firmicutes,Clostridia,Clostridiales,Lachnospiraceae,Lachnospiraceae_unclassified,0,0,0,0,0,0,0,0.00064,0,0.00156,0.00606,0.01018,0.00768,0.01024,0.00386,0.00072,0.0068,0.0171,0.004,0.00488,0.00036,0,0,0.00696,0.007,0.0066,0,0,0,4.00E-04,0.00306,0.00306,0.02918,0.001125,0.00009,0.000456,0.002652,0.00746,4.35E-03,0.01018
Otu00079,0.333543078,1.59E-05,0.000166217,0.577329218,Bacteria,Firmicutes,Clostridia,Clostridiales,Ruminococcaceae,Ruminococcaceae_ge,0,0,0,0,0.01348,0.0135,0.01732,0,0,0.00046,0.0011,0.00474,0.00506,0.00522,0.00254,0,0.00172,0.00192,0.00058,0.00082,8.00E-05,0,0.00028,0.00538,0.006,0.00734,0,4.00E-05,0,0.00204,0.00938,0.0058,0.0141,0.000635,0.00003,0.000092,0.001028,0.00698,6.19E-03,0.00896
Otu00081,0.444332854,0.014104712,0.036556033,0.673994413,Bacteria,Firmicutes,Clostridia,Clostridiales,Clostridiaceae_1,Clostridiaceae_1_unclassified,0.00064,0.0012,0.00232,0.00292,0.00028,2.00E-04,0.00016,0.00142,0.00506,0.00306,0.00286,0.00244,0.00188,0.00356,0.0056,0.021,0.00804,0.0035,0.00184,0.00384,0.00428,3.00E-04,0.00088,0,0,0,0.00034,0.00644,0.02834,0.03714,0.00594,0.00252,0.00158,0.002,0.004245,0.011004,0.010368,0.002432,1.29E-03,0.001828
Otu00082,0.185846369,0.013801327,0.035904204,0.405696175,Bacteria,Tenericutes,Mollicutes,DMI,DMI_fa,DMI_ge,0,0,0.00056,0.00054,0.00048,0,0,0,0,0,1.00E-04,2.00E-04,0.00014,0.00016,0,0.00152,0.00192,0.00018,0,0,0,0.0441,0.03314,0.00796,0.00406,0.00148,0,0.00266,0.01572,0.00886,0.00078,0.00076,0.00022,0,0.000665,0.01238,0.008912,0.00192,9.92E-04,0.000372
Otu00083,0.682750231,1.41E-05,0.00016213,0.825984546,Bacteria,Bacteroidetes,Bacteroidia,Bacteroidales,Rikenellaceae,Alistipes,0,0,0,0,0.01026,0.00968,0.01528,0,0,0,0,0,0.00102,0.00092,0,0,0,0.00112,0.00216,0.00274,0,0,0,0.00688,0.0091,0.0102,0,0,0,0.00152,0.0026,0.00202,0.00282,0,0,0,0.000304,0.004172,4.80E-03,0.006392
Otu00087,0.474947858,1.11E-07,1.27E-05,0.709857274,Bacteria,Lentisphaerae,Lentisphaeria,Victivallales,Victivallaceae,Victivallaceae_ge,6.00E-05,0,0,0,0.00812,0.00536,0.00948,0,4.00E-05,0.00032,0.00208,0.00538,0.0065,0.00492,0.00542,0,0.00162,0.00756,0.00306,0.0076,6.00E-05,0,1.00E-04,0.00594,0.0046,0.00542,0,0,0,0.00178,0.0116,0.01368,0.00774,0.00137,0.000025,0.000064,0.001116,0.00772,6.64E-03,0.007032
Otu00089,0.195677245,2.81E-05,0.000239386,0.417927943,Bacteria,Bacteroidetes,Bacteroidia,Bacteroidales,Rikenellaceae,Rikenellaceae_unclassified,4.00E-05,0,0,0,0.00818,0.00548,0.00698,0.00054,8.00E-05,0.00096,0.00312,0.00828,0.0091,0.0063,0.00062,0,0,4.00E-04,0.00022,0.00028,0,0,0.00026,0.00274,0.0024,0.00226,0,0,0,0.00548,0.02028,0.01828,0.01554,0.0003,0.00002,0.000192,0.001772,0.007976,7.10E-03,0.006272
Otu00090,0.266587765,3.77E-05,0.00029778,0.50960976,Bacteria,Bacteroidetes,Bacteroidia,Bacteroidales,Rikenellaceae,dgA-11_gut_group,0,0,0,0,0.00156,0.00146,0.00194,0,0,0.00072,0.00246,0.00702,0.00668,0.00728,0,0,0,0,0,0,6.00E-05,0,0.00038,0.00952,0.00814,0.01,0,0,0,0,0.0016,0.00162,0.00238,0,0.000015,0.000144,0.000568,0.00394,3.58E-03,0.00432
Otu00091,0.24547799,1.66E-05,0.000166217,0.481220309,Bacteria,Firmicutes,Clostridia,Clostridiales,Ruminococcaceae,Ruminococcaceae_unclassified,0,0,0,0,0.00524,0.00468,0.00876,0.00126,0.00012,0.0013,0.0054,0.01336,0.0125,0.01788,0.00072,0,0,0,0,0,0.00028,0,2.00E-04,0.00696,0.00734,0.00826,0,0.00014,0,0.0024,0.0118,0.01292,0.0133,0.000495,0.000135,0.00026,0.0016,0.007472,7.49E-03,0.00964
Otu00092,0.509448712,0.005506294,0.017888993,0.738464616,Bacteria,Firmicutes,Clostridia,Clostridiales,Peptostreptococcaceae,Peptostreptococcaceae_unclassified,0.00596,0.00272,0.00078,7.00E-04,0,0,0,0.0539,0.02168,0.00384,0.00218,0,0,0,0.00802,0.00638,0.00078,0.00072,0.0017,0.00492,0,0.00138,0,0,0,0,0.0045,0.00318,0.00116,0.00096,0.00122,0.00258,0.00052,0.018095,0.006895,0.002708,0.000924,0.000388,8.56E-04,0.001088
Otu00094,0.652164127,1.90E-06,7.05E-05,0.805220366,Bacteria,Bacteroidetes,Bacteroidia,Bacteroidales,Rikenellaceae,Alistipes,0,0,0,0,0.0074,0.007,0.01792,0.00084,0,0.00186,0.00454,0.00836,0.01034,0.0081,0.00134,0,0.0055,0.00462,0.0014,0.00222,0,0,0.0038,0.00592,0.00808,0.0075,0,0,0,0.00316,0.00544,0.00472,0.00834,0.000545,0,0.000372,0.0034,0.006348,6.31E-03,0.008816
Otu00095,0.385318971,2.06E-06,7.08E-05,0.628869641,Bacteria,Firmicutes,Clostridia,Clostridiales,Ruminococcaceae,Ruminococcaceae_unclassified,0,0,0,0,0.0038,0.00392,0.00644,0.00042,6.00E-05,0.0016,0.00698,0.01746,0.01724,0.02094,0,0,0,0,0.00046,0,0.00016,0,0.00018,0.00428,0.00768,0.0094,0,0,0,0.00158,0.00628,0.00482,0.01218,0.000105,0.000055,0.00032,0.001748,0.006364,6.82E-03,0.009792
Otu00097,0.190284121,0.000112528,0.00073462,0.411489411,Bacteria,Bacteroidetes,Bacteroidia,Bacteroidales,Rikenellaceae,Alistipes,0,0,0,0,0.01572,0.01222,0.02146,0,0,0,0.00136,0.0025,0.003,0.00232,0,0,0,0.00072,0,0,0,0,0,0.00182,0.0027,0.00294,0,0,0,0.00348,0.00862,0.0082,0.0116,0,0,0,0.000968,0.005876,5.22E-03,0.007664
Otu00100,0.165545742,0.005434421,0.01782284,0.38059021,Bacteria,Spirochaetes,Spirochaetia,Brevinematales,Brevinemataceae,Brevinema,0.00432,0.01846,0.02564,0.01568,0.00458,0.00482,0.00078,0.00172,0.0064,0.0215,0.0042,0.00074,8.00E-04,0.00038,0,0,0,0,0,0,0,0.00044,0.00134,1.00E-04,0,0,0,0,0.01888,0.02368,0.00042,8.00E-04,0.00016,0.00151,0.006215,0.013292,0.00898,0.001168,1.28E-03,0.000264
Otu00104,0.051505454,5.30E-05,0.000390416,0.212986203,Bacteria,Bacteroidetes,Bacteroidia,Bacteroidales,Rikenellaceae,Alistipes,0,0,0,0,0.00998,0.00774,0.01118,0.00082,0,0.00116,0.0027,0.00558,0.00546,0.0058,0.00036,0,0,0,0,0,2.00E-04,0,0.00016,0.00536,0.00392,0.00364,0,0,0,0.00306,0.0075,0.00682,0.00756,0.000295,0.00005,0.000232,0.001184,0.005684,4.79E-03,0.005636
Otu00105,0.036637632,2.39E-05,0.000214436,0.21164498,Bacteria,Bacteroidetes,Bacteroidia,Bacteroidales,Rikenellaceae,Alistipes,0,0,0,0,0.0066,0.00478,0.00918,0,0,0.0013,0.00224,0.00592,0.006,0.00514,0,0,0,0,0,0,0,0,0,0.0015,0.0019,0.00194,0,0,0,0.00356,0.00874,0.0087,0.0093,0,0,0.00026,0.00116,0.004552,4.28E-03,0.005112
Otu00107,0.005399487,0.00057464,0.002800356,0.21164498,Bacteria,Proteobacteria,Gammaproteobacteria,Vibrionales,Vibrionaceae,Vibrionaceae_unclassified,0.00822,0.01406,0.00592,0.00578,0.00154,0.00248,0.00082,0.002,0.01284,0.00536,0.00618,0.00372,0.0043,0.0038,0,0,0,0.00054,0,0,0.00086,0,0.00026,0,0,0,0.00658,0.0086,0.00468,0.0031,0.00176,0.00232,0.00192,0.0042,0.00909,0.003192,0.003064,0.001512,1.82E-03,0.001308
Otu00108,0.032920833,0.000207715,0.001239125,0.21164498,Bacteria,Verrucomicrobia,Verrucomicrobiae,Verrucomicrobiales,Akkermansiaceae,Akkermansia,0,0,0,0,0.00126,0.00144,0.00256,0.00062,0,0.00016,0.00054,0.00218,0.0023,0.003,0,0,0,0,0,0,0,4.00E-05,0.00094,0.01106,0.0195,0.01676,0,0,0,0.0011,0.00404,0.00316,0.0064,0.000155,0,0.00004,0.000516,0.003708,5.28E-03,0.005744
Otu00111,0.859753966,9.63E-06,0.00013606,0.878803168,Bacteria,Firmicutes,Clostridia,Clostridiales,Christensenellaceae,Christensenellaceae_R-7_group,0,0,0,0,0.00092,7.00E-04,0.0016,0.00076,0,0.00084,0.00286,0.00938,0.00892,0.01348,0.00152,0,0.00162,0.0034,0.00222,0.00228,0.00014,0,6.00E-05,0.00656,0.00954,0.00956,0,0,0,0.00016,0.00104,0.00118,0.00116,0.00057,0.000035,0.000168,0.00094,0.00426,4.51E-03,0.005616
Otu00113,0.102568478,1.37E-05,0.000161251,0.295386954,Bacteria,Bacteroidetes,Bacteroidia,Bacteroidia_unclassified,Bacteroidia_unclassified,Bacteroidia_unclassified,0,0,0,0,0.00168,0.00138,0.00166,0,0,0.00042,0.00178,0.00338,0.00274,0.0036,0,0,0,0,0,0,0,0,0.00034,0.00678,0.0065,0.00642,0,0,0,0.00116,0.00418,0.00302,0.00264,0,0,0.000084,0.000656,0.003204,2.73E-03,0.002864
Otu00118,0.154914013,0.018394057,0.045622535,0.364736375,Bacteria,Firmicutes,Clostridia,Clostridiales,Ruminococcaceae,Ruminococcaceae_unclassified,0.00116,0.0059,0.00248,0.00522,0.00088,0.0013,0.00058,0.00054,0.00272,0.00274,0.00132,0,0,0,0,0,0,0,0,0,0,0.02856,0.01894,0.00088,0.00062,0,0,0,0.012,0.01634,0.00094,0.00204,0.00102,0.000425,0.002155,0.009156,0.008364,0.00054,7.92E-04,0.00032
Otu00122,0.067901624,4.86E-05,0.000369753,0.229209383,Bacteria,Firmicutes,Clostridia,Clostridiales,Ruminococcaceae,GCA-900066225,4.00E-04,0.00366,0.00374,0.00316,7.00E-04,0.00058,0,0.00156,0.00268,0.01524,0.00466,0,0,0,0,0.0011,8.00E-05,0,0,0,0.00018,0.02848,0.00858,0.00206,0.0018,0.00054,0,0,0.00956,0.00736,0.00064,0.00102,0.00026,0.00049,0.00163,0.011624,0.004768,0.00068,6.80E-04,0.00016
Otu00124,0.204741497,1.64E-05,0.000166217,0.430785776,Bacteria,Bacteroidetes,Bacteroidia,Bacteroidales,Rikenellaceae,Rikenellaceae_unclassified,0,0,0,0,0.00176,0.0015,0.00222,0,0,2.00E-04,0.00064,0.00124,0.00122,0.00166,0,0,0,1.00E-04,0.00018,0,0,0,0.00076,0.00662,0.00774,0.00786,0,0,0,0.00212,0.00532,0.00552,0.00786,0,0,0.00004,0.000704,0.003008,3.23E-03,0.00392
Otu00130,0.611236124,7.42E-07,4.28E-05,0.792708831,Bacteria,Firmicutes,Clostridia,Clostridiales,Lachnospiraceae,Tyzzerella,0,0,0,0,0.00382,0.003,0.00384,0,0,0.0013,0.00272,0.00742,0.00648,0.00902,0.0014,0,0.00078,5.00E-04,0.00066,0.00208,0,0,0.00016,0.0031,0.00474,0.00598,0,6.00E-05,0,0.00078,0.00566,0.00486,0.0046,0.00035,0.000015,0.00026,0.000888,0.0041,3.95E-03,0.005104
Otu00131,0.544854903,0.019123004,0.046925954,0.764756443,Bacteria,Bacteroidetes,Bacteroidia,Bacteroidales,Rikenellaceae,Alistipes,0.00042,0.00254,0.0063,0.00776,0.00924,0.00848,0.00126,0,0.00106,0.00102,0.00064,5.00E-04,0.00022,0.00024,0,0,0,0,0,0,0,0.0043,0.01776,0.002,0.0011,0.00034,0,0,5.00E-04,0.00354,0,0.00032,0,0.000105,0.0009,0.002424,0.00594,0.002348,2.02E-03,0.000368
Otu00132,0.118764798,0.007751359,0.023423322,0.313684124,Bacteria,Bacteroidetes,Bacteroidia,Bacteroidales,Paludibacteraceae,Paludibacteraceae_unclassified,0,0,0,0,0.00286,0.00176,0.00194,0,0,0,0,0,0,0,0,0,0,0,0,0,0,0,0.00036,0.01758,0.0145,0.01344,0,0,0,0.00026,0.0037,0.00364,0.00218,0,0,0,0.000124,0.004828,3.98E-03,0.003512
Otu00133,0.164198695,0.011650553,0.031616403,0.378751657,Eukaryota,Parabasalia,Parabasalia_unclassified,Parabasalia_unclassified,Parabasalia_unclassified,Parabasalia_unclassified,0.00278,0.0143,0.01192,0.0078,0,0,0,0.00254,0.01132,0.0174,0.00242,2.00E-04,8.00E-05,0.00024,0.00014,0,0,0,0,0,0,0,0,0,0,0,0,0,0.01496,0.00404,0,0,0,0.001365,0.006405,0.008856,0.002852,0.00004,1.60E-05,0.000048
Otu00134,0.330061169,0.000133981,0.000866493,0.576773557,Bacteria,Firmicutes,Clostridia,Clostridiales,Clostridiales_vadinBB60_group,Clostridiales_vadinBB60_group_ge,0,0,0,0,0.00442,0.00242,0.0027,0.00036,0,0,0.00068,0.00166,0.00218,0.00212,0,0,0,0,0,0,0,0,6.00E-05,0.00348,0.00284,0.00302,0,0,0,0.00236,0.01498,0.0144,0.00838,0.00009,0,0,0.00062,0.004908,4.37E-03,0.003244
Otu00135,0.360654698,0.000416503,0.002167473,0.602833457,Bacteria,Bacteroidetes,Bacteroidia,Bacteroidales,Rikenellaceae,Alistipes,0,0,0,0,0.00322,0.00248,0.00464,0,0,0.00028,0.0012,0.00322,0.00346,0.00264,0.00162,0,0.01142,0.00352,9.00E-04,0.00166,0,0,0,0.00776,0.00918,0.00718,0,0,0,0,0.00244,0.00296,0.00382,0.000405,0,0.000056,0.002524,0.004032,3.80E-03,0.003988
Otu00137,0.045024425,4.93E-05,0.000371086,0.21164498,Bacteria,Firmicutes,Clostridia,Clostridiales,Ruminococcaceae,Ruminococcaceae_unclassified,0,0,0,0,0.00444,0.0056,0.0146,0,0,0.00052,0.00144,0.00372,0.00424,0.00498,0,0,0,0,0,0,0,0,0,0.00078,0.00112,0.001,0,0,0,0.0014,0.00632,0.00532,0.0137,0,0,0.000104,0.000568,0.003052,3.26E-03,0.006856
Otu00139,0.264279852,0.003516133,0.012165822,0.507524916,Bacteria,Firmicutes,Clostridia,Clostridiales,Lachnospiraceae,Tyzzerella,0.00076,0.00286,0.00142,0.01186,0.00094,0.001,0,0,0.00156,0.00434,0.00426,0.00054,0.00038,0,0,0,0,0,0,0,0,0.02114,0.01608,0.00042,0,0,0,0,0.00078,0.0033,0,0,0,0.00019,0.001105,0.005536,0.0071,0.00038,2.76E-04,0
Otu00140,0.472910311,0.000139215,0.000892009,0.709857274,Bacteria,Firmicutes,Clostridia,Clostridiales,Lachnospiraceae,Lachnospiraceae_unclassified,0.00214,0.00494,0.00476,0.01362,0.00368,0.00324,0.00054,0,0.00394,0.00764,0.00636,0.00056,0.00036,0.00024,0,0.00016,0,0,0,0,0,0.00242,0.00322,0,0,0,0,0,7.00E-04,0.00664,0,0,0,0.000535,0.00222,0.003136,0.005968,0.000848,7.20E-04,0.000156
Otu00141,0.08640166,0.000759473,0.003527216,0.268741914,Bacteria,Bacteroidetes,Bacteroidia,Bacteroidales,Bacteroidales_unclassified,Bacteroidales_unclassified,0,0,0,0,0.0044,0.00286,0.00932,0,0,0,0.00014,0.00044,0.00046,3.00E-04,0,0,0,0,0,0,0,0,0.00044,0.01208,0.0156,0.01444,0,0,0,0.00056,0.00286,0.00356,0.00302,0,0,0,0.000228,0.003956,4.50E-03,0.005416
Otu00147,0.012573513,1.80E-05,0.000175142,0.21164498,Bacteria,Bacteroidetes,Bacteroidia,Bacteroidales,Rikenellaceae,Alistipes,0,0,0,0,5.00E-04,5.00E-04,0.00124,0,0,0,0,0.00036,0.00024,0,0.00206,0,0.00152,0.00576,0.00814,0.00732,0,0,0,0.0013,0.00192,0.00136,0,0,0,0,0.00052,0.00094,0.0011,0.000515,0,0,0.000304,0.001688,2.35E-03,0.002204
Otu00148,0.829744294,3.00E-07,2.59E-05,0.876836309,Bacteria,Lentisphaerae,Lentisphaeria,Victivallales,Victivallales_unclassified,Victivallales_unclassified,0,0,0,0,0.00216,0.0014,0.00134,0,0,0.00024,0.00084,0.00218,0.00264,0.0034,0.00062,0,8.00E-04,0.0014,0.00034,0.0016,8.00E-05,0,0,0.0017,0.00214,0.00214,0,6.00E-05,2.00E-05,0.00052,0.00442,0.00382,0.00212,0.000155,0.000035,0.000052,0.000432,0.002372,2.07E-03,0.00212
Otu00151,0.200871031,6.93E-06,0.000119902,0.425678966,Bacteria,Verrucomicrobia,Verrucomicrobiae,Verrucomicrobiae_unclassified,Verrucomicrobiae_unclassified,Verrucomicrobiae_unclassified,0,0,0,0,0.00126,0.00122,0.00076,0,0,8.00E-05,0.00022,0.00062,0.00076,0.00058,0.00098,0,0,4.00E-04,0.00028,0.00152,0,0,8.00E-05,0.00404,0.00336,0.0031,0.00014,0,0,0.00026,0.00252,0.00218,0.00092,0.00028,0,0.000016,0.000112,0.001768,1.56E-03,0.001376
Otu00156,0.182321469,0.000184158,0.001117873,0.401804002,Bacteria,Proteobacteria,Alphaproteobacteria,Rhodospirillales,uncultured,uncultured_ge,0,0,0,0,0.00172,0.00188,0.00232,0,0,0.00038,0.00124,0.00484,0.00606,0.0053,0,0,0,0,0,0,6.00E-05,0,0.00014,0.01034,0.01022,0.00894,0,0,0,0.00026,0.00118,0.00092,0.00044,0,0.000015,0.000076,0.000328,0.003616,3.82E-03,0.0034
Otu00157,0.87896797,0.008006314,0.023984283,0.888042758,Bacteria,Firmicutes,Clostridia,Clostridiales,Clostridiales_vadinBB60_group,Clostridiales_vadinBB60_group_ge,0,0,0,0,0,0,0,0,2.00E-05,0.00018,0.00054,0.00182,0.00236,0.00176,0.00026,0,0,0.00034,0.00116,0.00298,0,0,0,9.00E-04,7.00E-04,9.00E-04,0,0,0,0.0021,0.015,0.01528,0.0095,0.000065,0.000005,0.000036,0.000528,0.003612,3.90E-03,0.003028
Otu00158,0.590105761,0.001926908,0.00750853,0.786807681,Bacteria,Firmicutes,Clostridia,Clostridiales,Ruminococcaceae,Ruminococcaceae_unclassified,0,0,0,0,0.00372,0.0039,0.00392,0,0,0,0,0,0,0,0,0,0,0,0,0,0,0,0,0.00338,0.00348,0.0045,0,0,0,0.00166,0.00808,0.00714,0.00736,0,0,0,0.000332,0.003036,2.90E-03,0.003156
Otu00159,0.288286157,0.001987498,0.007683513,0.533406471,Bacteria,Bacteroidetes,Bacteroidia,Bacteroidales,Rikenellaceae,Alistipes,0,0,0,0,0.0097,0.0071,0.0112,0.00104,0,0.00026,0.00072,0.00166,0.00236,0.0014,0.00056,0,0.00382,0.00118,0.00024,0.00012,0,0,0,0.00156,0.00136,0.00096,0,0,0,0.00128,0.00368,0.0039,0.00396,0.0004,0,0.000052,0.001164,0.003556,2.99E-03,0.003528
Otu00162,0.049708723,0.010412884,0.029055304,0.212623179,Bacteria,Tenericutes,Mollicutes,DMI,DMI_fa,DMI_ge,0,0,0.00154,0.00168,0.00084,0.00064,0,0,0.00216,0.00128,0.001,2.00E-05,0.00054,0,0,0,0,0,0,0,0,0.00766,0.02492,0.00364,0.00122,0.00088,0,0,0.00366,0.00392,0.00046,0.00068,0.00022,0,0.00054,0.002828,0.006304,0.000992,6.16E-04,0.00022
Otu00163,0.190921457,0.00115114,0.00510634,0.411581459,Bacteria,Bacteroidetes,Bacteroidia,Bacteroidales,Rikenellaceae,Alistipes,0,0,0,0,0.00144,0.00068,0.001,0,0,0,0.00034,0.00062,0.00082,0,0,0,0,0,0,0,0,0,0,0.00732,0.00486,0.00496,0,0,0,0.00114,0.00294,0.00302,0.0033,0,0,0,0.000296,0.002464,1.88E-03,0.001852
Otu00165,0.375822382,0.013062717,0.034445895,0.617741303,Bacteria,Bacteroidetes,Bacteroidia,Bacteroidales,Rikenellaceae,Alistipes,0.00032,0.00096,0.00324,0.00344,0.00458,0.00466,0.00056,0,2.00E-05,4.00E-05,3.00E-04,3.00E-04,2.00E-04,0.00034,0,0,0,0,0,0,0,0.01032,0.01012,0.00058,2.00E-04,0,0,0,0.00728,0.009,0.00088,0.00136,0.00032,0.00008,0.000245,0.004176,0.004572,0.001268,1.28E-03,0.000244
Otu00166,0.162760807,0.013691328,0.03575245,0.378751657,Bacteria,Bacteroidetes,Bacteroidia,Bacteroidales,Rikenellaceae,Alistipes,0,0,0.00036,0.00088,0.00124,0.00166,0,0,0.00044,0.00062,0.00038,0,0,0,0,0.00296,0,0,0,0,0,0.00552,0.02524,0.00134,0.00062,0,0,0,0.00206,0.00832,0.00072,0.00072,0,0,0.00011,0.002304,0.006964,0.00066,6.00E-04,0
Otu00174,0.335157579,3.07E-05,0.000252639,0.57837667,Bacteria,Firmicutes,Erysipelotrichia,Erysipelotrichales,Erysipelotrichaceae,Erysipelatoclostridium,0,0,0,0,0.00082,9.00E-04,0.00126,0,0,0.00026,0.00092,0.00232,0.00216,0.0031,0,0,0,0,0,0,0,0,0,0.00252,0.00336,0.0041,0.00014,0,0,0.00102,0.0069,0.00652,0.0078,0.000035,0,0.000052,0.000388,0.002512,2.59E-03,0.003252
Otu00175,0.043775577,1.02E-05,0.000140625,0.21164498,Bacteria,Bacteroidetes,Bacteroidia,Bacteroidales,Rikenellaceae,Alistipes,0,0,0,0,0.00238,0.00162,0.00186,0,0,0.00028,0.00066,0.00154,0.00212,0.0014,0,0,0,0,0,0,0,0,0.00018,0.00328,0.0047,0.0045,0,0,0,0.00086,0.00304,0.00216,0.00468,0,0,0.000056,0.00034,0.002048,2.12E-03,0.002488
Otu00180,0.703913172,2.10E-08,3.64E-06,0.829860795,Bacteria,Firmicutes,Clostridia,Clostridiales,Ruminococcaceae,Ruminococcaceae_unclassified,0,0,0,0,0.00136,0.00118,0.00304,3.00E-04,0,0.00044,0.0012,0.00258,0.00342,0.00404,0,0,0.0017,0.00144,8.00E-04,0.00084,0,0,6.00E-05,0.0015,0.00348,0.00338,0.00024,0,0,0.00046,0.00308,0.00298,0.00348,0.000135,0,0.000088,0.000684,0.001992,2.37E-03,0.002956
Otu00181,0.690741579,0.001832115,0.007244704,0.827500693,Bacteria,Bacteroidetes,Bacteroidia,Bacteroidales,Rikenellaceae,Alistipes,0,0,0,0,0.00644,0.00654,0.00734,0,0,0,0.00018,4.00E-04,0.00058,0.00034,0,0,0.00182,0.00092,0,0,0,0,0.00012,0.0037,0.00218,0.00234,0,0,0,0,0.00074,0.00162,0.00226,0,0,0,0.000424,0.00244,2.18E-03,0.002456
Otu00182,0.547183617,0.001185461,0.00522509,0.764951643,Bacteria,Bacteroidetes,Bacteroidia,Bacteroidales,Rikenellaceae,Rikenella,0,0,0,0,0.00042,0.00028,0.00044,0.00076,8.00E-05,8.00E-04,0.00252,0.0077,0.00626,0.00832,0.00024,0,0,0,0,0,0.00014,0,0,0.00072,0.00092,0.00102,0,0,0,0.0013,0.00426,0.00358,0.00416,0.00025,0.000055,0.00016,0.000764,0.00262,2.21E-03,0.002788
Otu00183,0.067680108,0.000408805,0.002159492,0.229209383,Bacteria,Firmicutes,Clostridia,Clostridiales,Ruminococcaceae,Intestinimonas,1.00E-04,6.00E-05,6.00E-04,0.00784,0.00178,0.00172,0,0,0.00246,0.00574,0.00566,4.00E-04,0.00036,0.00018,0,0,0,0,0,0,0,0.00298,0.00224,9.00E-04,0.00052,0,0,0,0.00212,0.00846,0.00056,0.00092,0.00014,0.000025,0.00063,0.002288,0.00484,0.000728,7.04E-04,0.000064
Otu00185,0.25083017,0.002815672,0.01014815,0.490323382,Bacteria,Bacteroidetes,Bacteroidia,Bacteroidales,Rikenellaceae,Rikenella,0,0,0,0,0.00126,0.0013,0.00096,0,0,0,0,0,0,0,0,0,0,0,0,0,0,0,0.00014,0.00318,0.00336,0.00376,0,0,0,4.00E-04,0.00136,0.00112,0.00128,0,0,0,0.000108,0.00116,1.16E-03,0.0012
Otu00187,0.043622569,5.66E-06,0.00010995,0.21164498,Bacteria,Bacteroidetes,Bacteroidia,Bacteroidales,Rikenellaceae,Alistipes,0,0,0,0,0.0026,0.00182,0.00246,0,0,3.00E-04,0.001,0.0017,0.00224,0.00162,0,0,0,0,0,0,0,0,0,0.0027,0.00236,0.0021,0,0,0,0.00104,0.00308,0.00264,0.00312,0,0,0.00006,0.000408,0.002016,1.81E-03,0.00186
Otu00188,0.136437349,0.020526871,0.049840684,0.340637602,Bacteria,Bacteroidetes,Bacteroidia,Bacteroidales,Rikenellaceae,Rikenellaceae_unclassified,0,0,0.00028,0.00264,0.00274,0.00288,0.00032,0,0.00028,0.00116,0.0013,0.00054,0.00072,0.00056,0.00064,0.02244,0.00992,0.00292,8.00E-05,0,0,0.00028,0.00182,0.00032,2.00E-04,1.00E-04,0,0,6.00E-04,0.0031,0.00108,0.00134,6.00E-04,0.00016,0.00007,0.004952,0.003756,0.00152,1.04E-03,0.000316
Otu00190,0.224721082,5.92E-05,0.000430861,0.456032224,Bacteria,Firmicutes,Clostridia,Clostridiales,Clostridiales_vadinBB60_group,Clostridiales_vadinBB60_group_ge,0,0,0,0,0.00282,0.00186,0.00346,0,0,0.00042,0.0012,0.00248,0.00322,0.00248,0,0,0,0,0,0,0,0,0,0.00442,0.00414,0.0043,0,0,0,0,0.00052,0.00086,0.00048,0,0,0.000084,0.00024,0.002048,2.02E-03,0.002144
Otu00192,0.08740271,0.001286918,0.005430168,0.268741914,Bacteria,Firmicutes,Clostridia,Clostridiales,Ruminococcaceae,Ruminococcaceae_unclassified,0.00046,0.00188,0.00092,0.00234,0,0,0,0,0.00132,0.00176,0.00086,0,0.00026,0,0,0.00294,0.00066,0,0,0,0,0.01864,0.00962,0.00076,0.00084,0.00058,0,0,0.00016,0.0043,0,0,0,0.000115,0.0008,0.004884,0.003556,0.000152,2.20E-04,0.000116
Otu00194,0.047920983,0.001442254,0.005976287,0.21164498,Bacteria,Bacteroidetes,Bacteroidia,Bacteroidales,Rikenellaceae,Alistipes,0,0,0,0,0.00106,0.00126,0.0025,0,0,0,9.00E-04,0.0018,0.002,0.00154,0,0,0,0,0,0,0,0,0.00086,0.01172,0.00784,0.00868,0,0,0,0,4.00E-05,0.00046,6.00E-04,0,0,0,0.000352,0.002924,2.31E-03,0.002664
Otu00200,0.047907459,1.14E-05,0.000143871,0.21164498,Bacteria,Bacteroidetes,Bacteroidia,Bacteroidales,Rikenellaceae,Alistipes,0,0,0,0,0.00186,0.00138,0.00206,0,0,0.00028,0.00074,0.00232,0.002,0.00222,0,0,0,0,0,0,0,0,0,0.00404,0.00466,0.0028,0,0,0,0.00066,0.00176,0.00144,0.00206,0,0,0.000056,0.00028,0.001996,1.90E-03,0.001828
Otu00201,0.362730959,0.004817854,0.016106063,0.604842948,Bacteria,Verrucomicrobia,Verrucomicrobiae,Verrucomicrobiales,Akkermansiaceae,Akkermansia,0,0,0,0,0.00188,0.00174,0.00324,0,0,0,0,0,0.00068,0.001,0,0,0,0,0,0,0,0,0,0,4.00E-04,0,0,0,0,0.0013,0.0037,0.0029,0.00748,0,0,0,0.00026,0.001116,1.14E-03,0.002344
Otu00204,0.016202166,0.012103791,0.032590752,0.21164498,Bacteria,Firmicutes,Clostridia,Clostridiales,Ruminococcaceae,Ruminococcaceae_unclassified,0,0,0,0,0.00036,0,0,0,0,0,0,0,0.00044,3.00E-04,0.00196,0,0.00224,0.00346,0.01238,0.0084,0,0,0,5.00E-04,0.00134,0.0015,0,0,0,0,0,0,0.00088,0.00049,0,0,0.000448,0.000864,2.83E-03,0.002216
Otu00207,0.095471629,6.58E-05,0.000460033,0.281134099,Bacteria,Firmicutes,Clostridia,Clostridiales,Lachnospiraceae,Lachnospiraceae_unclassified,0,0,0,0,0.00256,0.00218,0.00358,0,0,0,0.00028,0.00144,0.0023,0.00336,0,0,0,0,0,0,0,0,0.00024,0.00418,0.0057,0.0101,0,0,0,0,0.00046,8.00E-05,0.00116,0,0,0,0.000104,0.001728,2.05E-03,0.00364
Otu00208,0.441935233,0.000619346,0.002976302,0.672130069,Bacteria,Bacteroidetes,Bacteroidia,Bacteroidales,Rikenellaceae,Rikenella,0,0,0,0,0.00094,0.00076,0.00098,0,0,0.00012,0.00036,0.00148,0.00162,0.00102,0.00126,0,0.00138,0.0033,0.00052,0.00076,0,0,0,0.00058,0,0,0,0,0,0.00174,0.0068,0.0049,0.00532,0.000315,0,0.000024,0.000696,0.00262,1.56E-03,0.001616
Otu00210,0.104394069,7.04E-05,0.000482329,0.29591558,Bacteria,Bacteroidetes,Bacteroidia,Bacteroidales,Rikenellaceae,Alistipes,0,0,0,0,0.00114,0.0012,7.00E-04,0,0,0.00022,0.00062,0.0011,0.00086,0.00184,0,0,0,0,0,0,0.00022,0,0,0.00082,0.00254,0.00302,0,0,0,0.00052,0.00222,0.00216,0.00278,0,0.000055,0.000044,0.000228,0.001056,1.35E-03,0.001668
Otu00211,0.880342966,2.40E-06,7.55E-05,0.888042758,Bacteria,Verrucomicrobia,Verrucomicrobiae,Verrucomicrobiales,Akkermansiaceae,Akkermansia,0,0,0,0,0.00238,0.00264,0.00548,0,0,0,0.00044,0.00138,0.00102,0.00174,0.00144,0,0.00086,0.00144,0.00078,0.00062,0,0,2.00E-04,0.00136,0.0037,0.00396,0,0,0,9.00E-04,0.00362,0.0034,0.00412,0.00036,0,0,0.00048,0.002036,2.31E-03,0.003184
Otu00213,0.048323565,2.15E-06,7.08E-05,0.21164498,Bacteria,Bacteroidetes,Bacteroidia,Bacteroidales,Rikenellaceae,Alistipes,0,0,0,0,0.00152,0.0013,0.00214,0,0,0,0.00042,0.00174,0.00234,0.00202,0,0,0,0,0,0,0,0,0,0.00216,0.00442,0.00386,0,0,0,0,0.00164,0.00158,0.00164,0,0,0,0.000084,0.001412,1.93E-03,0.001932
Otu00214,0.522321813,0.002617857,0.009484593,0.743136341,Bacteria,Firmicutes,Clostridia,Clostridiales,Ruminococcaceae,Ruminococcaceae_unclassified,0.00166,0.00406,0.0029,0.00524,0.0019,0.00242,0,0,0.00094,0.00176,9.00E-04,0,0,0,0,0,0,0,0,0,0,0.0051,0.00152,0,0,0,0,0,0.0023,0.00396,0,0.00044,0,0.000415,0.00125,0.002412,0.002324,0.00038,5.72E-04,0
Otu00218,0.345949453,1.63E-06,6.70E-05,0.58819907,Bacteria,Firmicutes,Erysipelotrichia,Erysipelotrichales,Erysipelotrichaceae,Breznakia,0,0,0,0,0.00068,0.00078,0.00052,0,8.00E-05,0.00028,8.00E-04,0.00318,0.00276,0.0039,0,0,0,0,6.00E-05,2.00E-04,1.00E-04,0,0.00012,0.0023,0.0031,0.00352,0,0,0,0.00062,0.00364,0.00352,0.0035,0,0.000045,0.000056,0.000308,0.00196,2.04E-03,0.002328
Otu00222,0.240009766,0.003503205,0.012165822,0.475837542,Bacteria,Bacteroidetes,Bacteroidia,Bacteroidales,Rikenellaceae,Alistipes,0,0,0,0,0.00342,0.00234,0.00224,0.00054,0,0.00064,0.00128,0.00254,0.00274,0.00198,0,0,0,0,0,0,0,0,0,0,0,0,0,0,0,0,0.00096,0.00082,0.00044,0.000135,0,0.000128,0.000256,0.001384,1.18E-03,0.000932
Otu00223,0.183205169,0.000247788,0.001421187,0.402469768,Bacteria,Firmicutes,Clostridia,Clostridiales,Lachnospiraceae,Lachnospiraceae_unclassified,0,0,0,0,0.00146,0.00138,0.00224,0,0,0.00046,0.0011,0.00368,0.00284,0.00422,0,0,0,0,0,0,0,0,0.00014,0.00598,0.00554,0.00684,0.00022,0,0,0.00016,0.00022,0.00054,0.00074,0.000055,0,0.000092,0.00028,0.002268,2.06E-03,0.002808
Otu00232,0.329159534,0.001250293,0.005352904,0.576654171,Bacteria,Bacteroidetes,Bacteroidia,Bacteroidales,Rikenellaceae,Alistipes,0,0,0,0,0.0023,0.00238,0.0053,0,0,0,5.00E-04,0.00138,0.0022,0.00152,0,0,0,0,0,0,0,0,0,0.00422,0.00394,0.004,0,0,0,0,0,0,3.00E-04,0,0,0,0.0001,0.00158,1.70E-03,0.002224
Otu00238,0.0548866,6.15E-09,1.42E-06,0.214959981,Bacteria,Firmicutes,Clostridia,Clostridiales,Clostridiales_unclassified,Clostridiales_unclassified,0,0,0,0,0.00222,0.00164,0.004,0,0,0,5.00E-04,0.0012,0.00142,0.00172,0,0,0,0.00034,0.00032,0.00022,0,0,0.00018,0.00294,0.00304,0.00314,0,0,0,0.00066,0.00288,0.00284,0.00236,0,0,0,0.000268,0.001916,1.85E-03,0.002288
Otu00246,0.106416114,0.003836441,0.013208045,0.29591558,Bacteria,Bacteroidetes,Bacteroidia,Bacteroidales,Rikenellaceae,Alistipes,0,0,0,0,0.00048,4.00E-04,0.00066,0,0,4.00E-05,0.00048,8.00E-04,0.0012,0.001,0,0,0,0,0,0,0,0,0.00034,0.00534,0.00412,0.00412,0,0,0,0,1.00E-04,2.00E-05,6.00E-05,0,0,0.000008,0.000164,0.001344,1.15E-03,0.001168
Otu00247,0.26476372,0.020453087,0.049836394,0.507524916,Bacteria,Firmicutes,Clostridia,Clostridiales,Lachnospiraceae,Lachnospiraceae_unclassified,0,0,0,0,0.00098,0.00106,0.00138,0,0,4.00E-04,0.0014,0.00274,0.0051,0.00472,0,0,0,0,0,0,0,0.0016,0.0019,0.0012,0.00078,0.00058,0,0.00232,0.00036,0.00046,0.00152,0.00116,0.00254,0,0.00058,0.000472,0.000752,0.001288,1.62E-03,0.001844
Otu00252,0.845913743,0.012279975,0.032936988,0.878803168,Bacteria,Bacteroidetes,Bacteroidia,Bacteroidales,Rikenellaceae,Rikenellaceae_unclassified,0,0,0,0,0.0033,0.00326,0.00298,0,0,3.00E-04,6.00E-04,7.00E-04,0.00128,0.00084,0.00056,0,0.00032,2.00E-04,0,0.00014,0,0,0,0.0017,0.00142,0.0015,0,0,0,0,0.00022,0,0,0.00014,0,0.00006,0.000184,0.001224,1.19E-03,0.001092
Otu00257,0.179904525,0.000648882,0.003096733,0.400302029,Bacteria,Proteobacteria,Deltaproteobacteria,Desulfovibrionales,Desulfovibrionaceae,uncultured,0.00048,0.00244,0.00276,0.00156,0.00036,0.00044,0,0,0.00076,0.0025,0.00116,0,0,0,0,0.00042,0,0,0,0,0,0.01518,0.00158,0.00062,0.00024,0,0,0,0.00556,0.0051,4.00E-04,0.00062,0.00034,0.00012,0.0008,0.005284,0.00188,0.000276,2.60E-04,0.000068
Otu00259,0.158515988,0.010688721,0.029544679,0.370584675,Eukaryota,Parabasalia,Gf10_symbiont_group,Gf10_symbiont_group_or,Gf10_symbiont_group_fa,Gf10_symbiont_group_ge,0.00182,0.00766,0.00486,0.00324,0,0,0,0.00042,0.0027,0.00638,0.00112,0,0,0,0,0,0,0,0,0,4.00E-05,0,0,0,0,0,0,0,0.00734,0.00164,0,0,0,0.00056,0.0026,0.003716,0.0012,0,0.00E+00,0
Otu00261,0.090648072,1.12E-05,0.00014333,0.27392343,Bacteria,Bacteroidetes,Bacteroidia,Bacteroidales,Rikenellaceae,Alistipes,0,0,0,0,0.00166,0.00118,0.00154,0,0,0.00022,0.00132,0.00188,0.00254,0.00194,0,0,0,0,0,0,0,0,0,0.00302,0.00198,0.0022,0,0,0,0.00118,0.00204,0.00266,0.00224,0,0,0.000044,0.0005,0.00172,1.67E-03,0.001584
Otu00264,0.212087407,2.04E-05,0.00018786,0.443397237,Bacteria,Bacteroidetes,Bacteroidia,Bacteroidales,Rikenellaceae,Alistipes,0,0,0,0,0.00064,5.00E-04,0.0012,0,0,0.00022,0.0011,0.00198,0.00286,0.002,0,0,0,0,0,0,0,0,0,0.0019,0.00244,0.00282,0,0,0,0.00046,0.0013,0.00116,0.00134,0,0,0.000044,0.000312,0.001164,1.39E-03,0.001472
Otu00265,0.403327687,0.000892989,0.004023101,0.642027728,Bacteria,Bacteroidetes,Bacteroidia,Bacteroidales,Rikenellaceae,Rikenella,0,0,0,0,0.00042,3.00E-04,3.00E-04,0.00016,0,3.00E-04,0.0014,0.00276,0.00276,0.00344,0,0,0,0,0,0,0,0,0,0.00014,0.00044,0.00046,6.00E-05,0,0,0.00174,0.00628,0.00466,0.00598,0.000055,0,0.00006,0.000628,0.00192,1.63E-03,0.002036
Otu00270,0.549448898,0.004616848,0.015509022,0.765584658,Bacteria,Bacteroidetes,Bacteroidia,Bacteroidales,Bacteroidales_unclassified,Bacteroidales_unclassified,0,0,0,0,4.00E-04,0.00058,0.00032,0.00034,0,0,0.00016,0.00028,0.00038,0.00028,0,0,0,0,0,0,0,0,0.00012,0.00122,0.00086,7.00E-04,0,0,0,0.00108,0.00692,0.00588,0.00348,0.000085,0,0,0.000272,0.001764,1.54E-03,0.000956
Otu00273,0.369297367,6.68E-06,0.000118512,0.611372675,Bacteria,Bacteroidetes,Bacteroidia,Bacteroidales,Rikenellaceae,Alistipes,0,0,0,0,0.00242,0.0027,0.00288,0,0,0.00014,0.00046,0.00144,0.00126,0.0017,0.00036,0,0.00044,0.00054,8.00E-05,0.00018,0,0,0,0.00166,0.0014,0.00136,0,0,0,0.00022,0.00122,0.00096,0.00084,0.00009,0,0.000028,0.000224,0.001456,1.28E-03,0.001392
Otu00274,0.032009565,1.58E-06,6.70E-05,0.21164498,Bacteria,Bacteroidetes,Bacteroidia,Bacteroidales,Rikenellaceae,Rikenella,0,0,0,0,0.00098,0.00072,0.00114,0,0,0,0.00024,0.00122,0.00106,0.00078,0,0,0,0,0,0,0,0,0.00036,0.0016,0.00264,0.00246,0,0,0,0,0.001,0.00106,0.0012,0,0,0,0.00012,0.00096,1.10E-03,0.001116
Otu00278,0.686874221,7.10E-07,4.28E-05,0.827500693,Bacteria,Firmicutes,Clostridia,Clostridiales,Peptococcaceae,uncultured,0,0,0,0,0.00052,6.00E-04,0.00094,0.00024,0,0.00054,0.00224,0.00378,0.00468,0.00508,0,0,0,0,0.00038,0.00068,2.00E-05,0,0,0.00114,0.0015,0.00142,0,0,0,2.00E-04,0.00068,0.00056,0.00156,0.00006,0.000005,0.000108,0.000488,0.001224,1.54E-03,0.001936
Otu00280,0.333716311,0.00866508,0.025194265,0.577329218,Bacteria,Bacteroidetes,Bacteroidia,Bacteroidales,Bacteroidales_unclassified,Bacteroidales_unclassified,0,0,0,0,0.00336,0.00178,0.00208,0,0,0,0,0,0,0,0,0,0,0,0,0,0,0,0.00012,0.00306,0.00276,0.00272,0,0,0,0,0.00032,0.00014,2.00E-04,0,0,0,0.000024,0.001348,9.36E-04,0.001
Otu00284,0.577284759,5.18E-06,0.00010995,0.779636788,Bacteria,Bacteria_unclassified,Bacteria_unclassified,Bacteria_unclassified,Bacteria_unclassified,Bacteria_unclassified,0,0,0,0,0.00148,0.001,0.00192,0,2.00E-05,0.00012,0.00024,6.00E-04,0.00088,0.00064,0.00042,0,0.00022,0.00234,0.00068,0.00142,0,0,0,6.00E-04,0.00038,0.00066,0,0,0,0.00068,0.00494,0.0053,0.0029,0.000105,0.000005,0.000024,0.000228,0.001992,1.65E-03,0.001508
Otu00289,0.154499195,0.008050131,0.024011599,0.364736375,Bacteria,Cyanobacteria,Melainabacteria,Gastranaerophilales,Gastranaerophilales_fa,Gastranaerophilales_ge,0,0,0,0,0.0013,0.00086,0.0025,0,0,0,0,0,0,0,0.00014,0,0,0,0.00026,0.00022,0,0,0.00014,0.00456,0.00578,0.0046,0,0,0,8.00E-05,0.00026,0.00024,0.00038,0.000035,0,0,0.000044,0.001224,1.43E-03,0.00154
Otu00290,0.704544569,0.005061349,0.016758149,0.829860795,Bacteria,Bacteria_unclassified,Bacteria_unclassified,Bacteria_unclassified,Bacteria_unclassified,Bacteria_unclassified,0,0,0,0,0.00476,0.0039,0.00342,0,0,0,0,0,0,0,0,0,0,0,8.00E-05,6.00E-05,0,0,0,9.00E-04,0.00074,0,0,0,0,0,0.00216,0.0021,0.00078,0,0,0,0,0.001564,1.36E-03,0.000852
Otu00300,0.851426796,2.17E-05,0.000198019,0.878803168,Bacteria,Firmicutes,Clostridia,Clostridiales,Lachnospiraceae,Lachnospiraceae_unclassified,0,0,0,0,0.00052,0.00044,0.00044,0,0,0.00034,0.00134,0.00372,0.0031,0.00412,3.00E-04,0,1.00E-04,0.00046,2.00E-04,6.00E-04,0,0,0,0.00178,0.00214,0.0035,0,0,0,0.00016,0.00058,0.00042,0.00058,0.000075,0,0.000068,0.00032,0.001412,1.26E-03,0.001848
Otu00301,0.116423199,1.60E-05,0.000166217,0.311061211,Bacteria,Firmicutes,Clostridia,Clostridiales,Clostridiales_vadinBB60_group,Clostridiales_vadinBB60_group_ge,0,0,0,0,6.00E-04,0.00048,0.00076,4.00E-04,0,0,0.00018,0.00046,0.00052,3.00E-04,0,0,0,0.00016,0.00068,0.00134,0,0,0.00014,0.00458,0.00424,0.00508,0,0,0,0.00046,0.00198,0.00208,0.00124,0.0001,0,0,0.000156,0.001556,1.60E-03,0.001744
Otu00303,0.74293684,0.017926656,0.044784282,0.851179293,Bacteria,Bacteroidetes,Bacteroidia,Bacteroidales,Rikenellaceae,Rikenella,0,0,0,0,0.00044,6.00E-04,0.00082,0,0,0,0,0,0,0,0,0,0,0,0,0,0,0,0,0.00058,0.00082,0.00078,0,0,0,0.00162,0.00508,0.00444,0.0059,0,0,0,0.000324,0.00122,1.17E-03,0.0015
Otu00304,0.069381153,3.00E-06,9.01E-05,0.23194086,Bacteria,Bacteroidetes,Bacteroidia,Bacteroidales,Rikenellaceae,Rikenella,0,0,0,0,0.00146,0.00106,0.00124,0,0,2.00E-05,3.00E-04,0.00074,0.00086,0.00088,0,0,0,0,0,0,0,0,1.00E-04,0.00164,0.00104,0.00136,0,0,0,0.00046,0.00172,0.00218,0.00212,0,0,0.000004,0.000172,0.001112,1.03E-03,0.00112
Otu00310,0.047556856,0.001767047,0.007068189,0.21164498,Bacteria,Tenericutes,Mollicutes,DMI,DMI_fa,DMI_ge,0,0,0,0,8.00E-04,0.00036,0.00098,0,0,0,0.00012,2.00E-04,0.00056,0.00034,0,0,0,0,0,0,0,0,0,0.00692,0.00578,0.0073,0,0,0,0,0.00108,0.0011,0.00052,0,0,0,0.000024,0.0018,1.56E-03,0.001828
Otu00316,0.224305563,2.03E-05,0.00018786,0.456032224,Bacteria,Bacteroidetes,Bacteroidia,Bacteroidales,Rikenellaceae,Rikenella,0,0,0,0,0.00076,0.00046,7.00E-04,0,0,0.00034,0.00074,0.00212,0.00226,0.00186,0,0,0,0,0,0,0,0,0,0.00164,0.00218,0.00198,0,0,0,0.00098,0.00156,0.00136,0.00182,0,0,0.000068,0.000344,0.001216,1.25E-03,0.001272
Otu00317,0.108032957,0.001231583,0.005338181,0.297537051,Bacteria,Firmicutes,Clostridia,Clostridiales,Ruminococcaceae,Ruminococcaceae_unclassified,0.00032,0.00142,8.00E-04,0.00128,6.00E-04,0.00046,0,0,0.00078,0.0031,0.00194,0.00018,0,0,0,0,0,0,0,0,0,0.00462,0.00206,0.00032,0,0,0,0,0.00694,0.00418,0.00026,6.00E-04,2.00E-04,0.00008,0.00055,0.003092,0.001892,0.000272,2.12E-04,0.00004
Otu00318,0.154960252,1.09E-05,0.000142535,0.364736375,Bacteria,Bacteroidetes,Bacteroidia,Bacteroidales,Rikenellaceae,Alistipes,0,0,0,0,0.00088,0.00096,0.00284,0.00036,0,0.00044,0.00084,0.00298,0.00238,0.00192,0,0,0,0,0,0,0,0,0,0.00214,0.00206,0.00194,0,0,0,0.00084,0.00174,0.00182,0.00166,0.00009,0,0.000088,0.000336,0.001548,1.44E-03,0.001672
Otu00322,0.064290289,5.65E-06,0.00010995,0.224691312,Bacteria,Bacteroidetes,Bacteroidia,Bacteroidales,Rikenellaceae,Rikenella,0,0,0,0,0.00154,0.00118,0.00134,0,0,0.00022,0.00052,0.00174,0.0024,0.00168,0,0,0,0,0,0,0,0,0,0.00024,0.00106,0.00096,0,0,0,4.00E-04,0.00212,0.0019,0.00228,0,0,0.000044,0.000184,0.001128,1.31E-03,0.001252
Otu00323,0.08062511,0.00047396,0.002348057,0.25476062,Bacteria,Firmicutes,Clostridia,Clostridiales,Lachnospiraceae,Lachnospiraceae_unclassified,0,0,0,0,0.00106,0.00138,0.0022,0,0,0.00016,8.00E-04,0.00328,0.00272,0.00322,0,0,0,0,0,0,0,0,0,0,6.00E-05,0,0,0,0,0.00068,0.00238,0.00254,0.00392,0,0,0.000032,0.000296,0.001344,1.34E-03,0.001868
Otu00326,0.624703893,3.60E-05,0.000289346,0.798959566,Bacteria,Bacteroidetes,Bacteroidia,Bacteroidales,Rikenellaceae,Rikenella,0,0,0,0,4.00E-05,0,0,0,0,0.00014,4.00E-04,0.0011,0.00126,0.00072,0.00018,0,0,0.0011,0.00066,0.00104,0,0,0.00026,0.00294,0.00236,0.00252,0,0,0,0.00038,0.00218,0.00154,0.0013,0.000045,0,0.000028,0.000208,0.001472,1.16E-03,0.001116
Otu00330,0.081799247,7.77E-06,0.000128961,0.25613158,Bacteria,Firmicutes,Clostridia,Clostridiales,Ruminococcaceae,Ruminococcaceae_unclassified,0,0,0,0,0.00084,0.00086,0.00208,0,0,2.00E-04,0.00074,0.00182,0.00186,0.00174,0,0,0,0,0,0,0,0,0,0.00084,0.00184,0.00116,0,0,0,0.00046,0.0012,0.00106,0.00288,0,0,0.00004,0.00024,0.00094,1.12E-03,0.001572
Otu00332,0.322582592,0.006756478,0.021060733,0.569457024,Bacteria,Bacteroidetes,Bacteroidia,Bacteroidales,Rikenellaceae,Rikenellaceae_unclassified,0,0,0,0,0.00044,0.00024,0.00052,0,0,0,8.00E-05,0,0.00018,0,0,0,0,0,0,0,3.00E-04,0,0,0.00236,0.00184,0.00212,0,0,0,0.00056,0.00188,0.0016,0.00148,0,0.000075,0,0.000128,0.000936,7.72E-04,0.000824
Otu00337,0.392254629,0.000378105,0.002044128,0.635691342,Bacteria,Firmicutes,Clostridia,Clostridiales,Ruminococcaceae,Ruminococcaceae_unclassified,0.00048,0.00426,0.00118,0.00138,0.00016,0,0,0,0.00114,0.0047,0.00188,0.00018,0,0,0,0.00038,0,0,0,0,0,0.00224,0.0019,0,0,0,0,0,0.00106,0.00184,0,0,0,0.00012,0.00135,0.001912,0.0014,0.000068,0.00E+00,0
Otu00338,0.372220809,0.000361644,0.001970532,0.61468694,Bacteria,Bacteroidetes,Bacteroidia,Bacteroidales,Rikenellaceae,Rikenella,0,0,0,0,0.00096,0.00096,0.0013,0,0,0,0,0.00024,0,0,0,0,0,0,0,0,0,0,0.00012,0.00166,0.00152,0.00174,0,0,0,0.00024,0.002,0.00166,0.00146,0,0,0,0.000072,0.000972,8.28E-04,0.0009
Otu00339,0.612066514,0.000471719,0.002348057,0.792708831,Bacteria,Proteobacteria,Alphaproteobacteria,Rhodospirillales,Rhodospirillales_unclassified,Rhodospirillales_unclassified,0,0,0,0,0.00146,0.00128,0.00184,0,0,0,0,0,0,0,0,0,0,0,2.00E-04,0.00042,0,0,0,0.00302,0.00248,0.0026,0,0,0,0.00058,0.00368,0.00298,0.00172,0,0,0,0.000116,0.001632,1.39E-03,0.001316
Otu00340,0.200106671,5.28E-05,0.000390416,0.425678966,Bacteria,Firmicutes,Clostridia,Clostridiales,Ruminococcaceae,Oscillibacter,2.00E-05,0,0,0,0.00042,0.00032,0.00042,0,0,0,0.00012,3.00E-04,0.00024,0.00044,0,0,0,0,0,0,0,0,0,7.00E-04,0.00062,0.00088,0,0,0,0,0.0016,0.00146,0.00164,0.000005,0,0,0.000024,0.000604,5.28E-04,0.000676
Otu00342,0.057786503,0.000702391,0.00332188,0.214959981,Bacteria,Firmicutes,Clostridia,Clostridiales,Lachnospiraceae,Lachnospiraceae_unclassified,0.00024,0.00158,0.00132,0.00598,0.00048,0.00034,0,0,0.00092,0.00218,0.00154,0.00044,8.00E-05,0,0,0,0,0,0,0,0,5.00E-04,0.00064,0,0,0,0,0,0.00334,0.00302,0.00014,0.00026,8.00E-05,0.00006,0.000625,0.001468,0.002236,0.000212,1.36E-04,0.000016
Otu00345,0.136808791,1.09E-05,0.000142535,0.340637602,Bacteria,Bacteroidetes,Bacteroidia,Bacteroidales,Rikenellaceae,Alistipes,0,0,0,0,0.00078,6.00E-04,0.00086,0,0,0,4.00E-04,0.00232,0.00198,0.00176,0,0,0,0,0,0,0,0,0,0.00178,0.00132,9.00E-04,0,0,0,0.00078,0.00112,0.00088,0.0012,0,0,0,0.000236,0.0012,9.56E-04,0.000944
Otu00350,0.058743919,8.20E-06,0.000128961,0.215083554,Bacteria,Firmicutes,Clostridia,Clostridiales,Ruminococcaceae,Oscillibacter,0,0,0,0,0.00102,0.001,0.00216,0,0,0.00014,0.00068,0.00128,0.0013,0.00148,0,0,0,0,0,0,0,0,0,0.00048,0.0013,0.00094,0,2.00E-05,0,0.00032,0.00218,0.00238,0.00246,0,0.000005,0.000028,0.0002,0.000992,1.20E-03,0.001408
Otu00351,0.581347662,0.017144951,0.042986615,0.779636788,Bacteria,Bacteroidetes,Bacteroidia,Bacteroidales,Rikenellaceae,Alistipes,0,0,0,0,2.00E-04,0.00042,0,0,0,0,0.00018,0,2.00E-05,3.00E-04,0,0,0.00066,0.00074,0,0,0,0,0,0.00168,0.00218,0.00178,0.00022,0,0,0.00052,0.00128,0.0013,0.00102,0.000055,0,0,0.000272,0.00078,7.84E-04,0.00062
Otu00352,0.488671269,4.11E-07,3.16E-05,0.721024559,Bacteria,Tenericutes,Mollicutes,Mollicutes_RF39,Mollicutes_RF39_fa,Mollicutes_RF39_ge,0,0,0,0,0.00088,0.00124,0.00092,0,0,0,0.00054,0.00182,0.00162,0.00188,0.00032,0,0,3.00E-04,0.0013,0.00184,0,0,0,0.0023,0.00308,0.00386,0,0,0,0,0.00018,5.00E-04,0.00022,0.00008,0,0,0.000108,0.001096,1.55E-03,0.001744
Otu00362,0.762640593,0.009939467,0.028073925,0.86150854,Bacteria,Firmicutes,Clostridia,Clostridiales,Lachnospiraceae,Tyzzerella,0,0,0,0,0.00028,0,0,0.00068,0,0.00076,0.0018,0.00528,0.00358,0.00472,0,0,0,0,0,0,0,0,0,0.00084,0.00158,0.00136,0,0,0,6.00E-05,1.00E-04,0.00018,1.00E-04,0.00017,0,0.000152,0.000372,0.0013,1.07E-03,0.001236
Otu00366,0.079845407,3.42E-06,9.03E-05,0.253454226,Bacteria,Bacteroidetes,Bacteroidia,Bacteroidales,Rikenellaceae,Rikenella,0,0,0,0,0.00156,9.00E-04,0.0014,0,0,0,0.00034,0.00108,0.00188,0.00192,0,0,0,0,0,0,0,0,8.00E-05,0.00196,0.00222,0.00208,0,0,0,0,0.00068,0.00078,0.00056,0,0,0,0.000084,0.001056,1.16E-03,0.001192
Otu00368,0.289729205,0.000452265,0.002301229,0.53464696,Bacteria,Lentisphaerae,Lentisphaeria,Victivallales,Victivallaceae,Victivallaceae_ge,0,0,0,0,0.00088,0.00068,0.00092,0,0,0,0,0.00014,0.00036,0,0,0,0,0,0,0,0,0,0.00018,0.00408,0.0032,0.00324,0,0,0,0.00048,0.00328,0.00366,0.00146,0,0,0,0.000132,0.001676,1.58E-03,0.001124
Otu00372,0.749238229,0.018300535,0.045553849,0.854156268,Bacteria,Bacteroidetes,Bacteroidia,Bacteroidales,Rikenellaceae,Rikenellaceae_unclassified,0,0,0,0,0.00036,0.00022,0.00028,0,0,0,0,0,0,0,0,0,0,0,0,0,0,0,0,0.00052,5.00E-04,0.00066,0,0,0,0.00044,0.00384,0.00324,0.00304,0,0,0,0.000088,0.000944,7.92E-04,0.000796
Otu00374,0.356530927,0.01086058,0.029588666,0.597383538,Bacteria,Bacteroidetes,Bacteroidia,Bacteroidales,Rikenellaceae,Alistipes,0,0,0,0,3.00E-04,0,0.00048,2.00E-04,0,0.00028,0.00108,0.00174,0.00214,0.00232,0,0,0,0,0,0,0,0,0,0,0,0,0,0,0,0.00134,0.00302,0.00314,0.00402,0.00005,0,0.000056,0.000484,0.001012,1.06E-03,0.001364
Otu00375,0.089074827,0.000190356,0.001145449,0.270349914,Bacteria,Proteobacteria,Alphaproteobacteria,Rhodospirillales,Rhodospirillales_unclassified,Rhodospirillales_unclassified,0,0,0,0,0.00302,0.00192,0.0025,3.00E-04,0,2.00E-05,8.00E-05,0.00046,0.00026,0.00018,0,0,0,0,0,0,0,0,0,0.00258,0.00232,0.00218,0,0,0,0.00026,0.00168,0.00176,0.00102,0.000075,0,0.000004,0.000068,0.001548,1.25E-03,0.001176
Otu00376,0.118022327,0.001284263,0.005430168,0.312917435,Bacteria,Cyanobacteria,Melainabacteria,Gastranaerophilales,Gastranaerophilales_fa,Gastranaerophilales_ge,0,0,0,0,0.00086,0.00076,0.00136,0,0,0,0,1.00E-04,0,6.00E-05,0,0,0,0,0,0,0,0,4.00E-05,0.00288,0.0025,0.0032,0,0,0,8.00E-05,0.00032,0.00044,8.00E-04,0,0,0,0.000024,0.000832,7.40E-04,0.001084
Otu00379,0.353331018,0.001931385,0.00750853,0.594902834,Bacteria,Firmicutes,Clostridia,Clostridiales,Lachnospiraceae,Lachnospiraceae_unclassified,0,0,0,0,0.00046,4.00E-04,5.00E-04,0,0,0,0,0,0.00012,0.00012,0,0,0,0,0,0,0,0,6.00E-05,0.00274,0.00298,0.00358,0,0.00012,0,6.00E-04,0.00168,0.00128,0.0035,0,0.00003,0,0.000132,0.000976,9.56E-04,0.00154
Otu00380,0.222031049,0.000856505,0.003925177,0.454572444,Bacteria,Bacteroidetes,Bacteroidia,Bacteroidales,Rikenellaceae,Rikenella,0,0,0,0,0.00074,0.00066,0.00046,0,0,2.00E-04,0.00062,0.00194,0.00214,0.0024,0,0,0,0,0,0,0,0,0,4.00E-05,0,1.00E-04,0,0,0,6.00E-04,0.00308,0.0036,0.0039,0,0,0.00004,0.000244,0.00116,1.28E-03,0.001372
Otu00382,0.068461893,1.96E-05,0.000186469,0.229978787,Bacteria,Bacteroidetes,Bacteroidia,Bacteroidales,Bacteroidales_unclassified,Bacteroidales_unclassified,0,0,0,0,0.0015,0.00146,0.00212,0,6.00E-05,3.00E-04,0.00036,0.00208,0.00198,0.00248,0,0,0,0,0,0,0,0,0,4.00E-05,0.00076,0.00048,0,0,0,3.00E-04,0.00164,0.0015,0.00124,0,0.000015,0.00006,0.000132,0.001052,1.14E-03,0.001264
Otu00384,0.51902798,0.000269488,0.001528569,0.742081326,Bacteria,Firmicutes,Clostridia,Clostridiales,Lachnospiraceae,Lachnospiraceae_unclassified,0,0,0,0,0.00122,7.00E-04,0.00162,0,0,3.00E-04,0.00084,0.0035,0.00352,0.00424,0,0,0,0,0,0,0,0,0,0.00028,0.00046,0.00086,0,0,0,0,0.00038,0,8.00E-04,0,0,0.00006,0.000168,0.001076,9.36E-04,0.001504
Otu00389,0.042461315,1.97E-05,0.000186469,0.21164498,Bacteria,Firmicutes,Clostridia,Clostridiales,Lachnospiraceae,Lachnospiraceae_unclassified,0,0,0,0,0.00146,0.00174,0.00314,0,0,0,7.00E-04,0.00164,0.00136,0.0015,0,0,0,0,0,0,0,0,0,0.00026,0.00036,0.00078,0,2.00E-04,0,3.00E-04,0.00122,0.00116,0.00174,0,0.00005,0,0.0002,0.000916,9.24E-04,0.001432
Otu00391,0.338781017,0.013091431,0.034445895,0.579218981,Bacteria,Tenericutes,Mollicutes,DMI,DMI_fa,DMI_ge,0,0,0.00058,0.00112,0.00162,0.0012,0,0,0,0,0,0,0,0,0,0,0,0,0,0,0.00022,0.0049,0.00278,0.00086,0.00056,0,0,0,0.00142,0.00204,0.00052,0.00098,0.00012,0,0.000055,0.00138,0.001188,0.0006,5.48E-04,0.000024
Otu00392,0.102873202,0.009386812,0.026841767,0.295386954,Bacteria,Cyanobacteria,Melainabacteria,Gastranaerophilales,Gastranaerophilales_fa,Gastranaerophilales_ge,0,0,0,0,0.00054,6.00E-04,0.00132,0,0,0,0,0,6.00E-05,0,0,0,0,0,0,0,0,0,0,0.0032,0.00358,0.00378,0,0,0,1.00E-04,0.00064,0.00026,0.00044,0,0,0,0.00002,0.000876,9.00E-04,0.001108
Otu00394,0.2961307,0.015826555,0.040413196,0.539269591,Bacteria,Bacteroidetes,Bacteroidia,Bacteroidales,Rikenellaceae,Alistipes,0,0,0,0,0,0,0,0,0,0,0,0,0,0,0,0,0.00036,0.00068,0.0015,0.0018,0,0,0,0.00276,0.00238,0.0022,0,0,0,0.00042,0.00118,0.00054,0.00062,0,0,0,0.000156,0.000924,8.84E-04,0.000924
Otu00395,0.431605802,0.0079818,0.023984283,0.667183834,Bacteria,Actinobacteria,Coriobacteriia,Coriobacteriales,Eggerthellaceae,Eggerthellaceae_unclassified,0,0,0,0,0.00224,0.00304,0.01102,0,0,0,6.00E-05,0.00054,0.00054,0.00082,0,0,6.00E-05,0.00014,0.00042,0.00016,0,0,0,0,0,0,0,0,0,0,0.00044,0.00034,9.00E-04,0,0,0,0.000024,0.000672,8.68E-04,0.00258
Otu00399,0.671428971,0.008093788,0.024038204,0.817657681,Bacteria,Bacteroidetes,Bacteroidia,Bacteroidia_unclassified,Bacteroidia_unclassified,Bacteroidia_unclassified,0,0,0,0,0.00106,0.00092,0.00106,0,0,0,0,0,0,0,0,0,0,0,0,0,0,0,0,0.00032,0.00042,0.00038,0,0,0,0.00066,0.0032,0.00354,0.00286,0,0,0,0.000132,0.000916,9.76E-04,0.00086
Otu00404,0.099763439,9.07E-06,0.00013606,0.290068485,Bacteria,Bacteroidetes,Bacteroidia,Bacteroidales,Rikenellaceae,Alistipes,0,0,0,0,0.00144,0.00104,0.00172,0,0,0.00032,7.00E-04,0.0011,0.0016,0.00114,0,0,0,0,0,0,0,0,0,0.00086,0.00058,0.00122,0,0,0,0,0.00098,0.00088,0.00094,0,0,0.000064,0.00014,0.000876,8.20E-04,0.001004
Otu00407,0.142261654,3.29E-06,9.03E-05,0.350338309,Bacteria,Firmicutes,Clostridia,Clostridiales,Lachnospiraceae,Lachnospiraceae_unclassified,0,0,0,0,0.00092,0.00082,0.00148,0,0,0.00028,0.00064,0.0022,0.0022,0.00298,0,0,0,0,0,0,0,0,0,0.00244,0.00258,0.00308,0,0,0,0.00026,0.00152,0.00124,0.00246,0,0,0.000056,0.00018,0.001416,1.37E-03,0.002
Otu00411,0.338412731,0.004973402,0.016546126,0.579218981,Bacteria,Bacteroidetes,Bacteroidia,Bacteroidales,Rikenellaceae,Alistipes,0,0,0,0,0.00126,0.00122,9.00E-04,0,0,0.00018,0.00016,6.00E-04,0.00072,0.00056,0,0,0,0,0,0,0,0,0,0.00196,0.0027,0.00142,0,0,0,0,0,0,0,0,0,0.000036,0.000032,0.000764,9.28E-04,0.000576
Otu00415,0.627658931,0.002277458,0.008427812,0.798959566,Bacteria,Firmicutes,Clostridia,Clostridiales,Ruminococcaceae,Oscillibacter,0,0,0,0,0.00064,0.00066,0.00142,0.00012,0,3.00E-04,0.00086,0.00274,0.00288,0.00254,6.00E-04,0,0,0,0,0,0,0,0,0.00134,0.00222,0.0019,0,0,0,0,0,0.00018,0.00028,0.00018,0,0.00006,0.000172,0.000944,1.19E-03,0.001228
Otu00419,0.063053693,0.000473949,0.002348057,0.221488099,Bacteria,Bacteroidetes,Bacteroidia,Bacteroidales,Rikenellaceae,Alistipes,0,0,0,0,0.00202,0.00128,0.00156,0,0,0,0.00046,0.00054,0.00064,0.00044,0,0,0,0.00028,2.00E-05,0,0,0,0,0,0,0,0,0,0,0,0.0014,0.00128,0.00086,0,0,0,0.000092,0.000848,6.44E-04,0.000572
Otu00421,0.221330875,0.007097651,0.02182922,0.454572444,Bacteria,Bacteroidetes,Bacteroidia,Bacteroidales,Rikenellaceae,Rikenella,0,0,0,0,8.00E-04,0.001,0.00166,0,0,0.00012,0.00018,0.00044,0.00054,0.00058,0,0,0,0,0,0,0,0,0,0,0,0,0,0,0,8.00E-04,0.00404,0.00394,0.0026,0,0,0.000024,0.000196,0.001056,1.10E-03,0.000968
Otu00422,0.262952977,0.012582186,0.033487973,0.506862006,Bacteria,Firmicutes,Clostridia,Clostridiales,Ruminococcaceae,Ruminiclostridium_5,0,0,0,0,0.00066,0.00102,0,0,0,0,0.00064,0.00214,0.002,0.0016,0,0,0.00284,0.00264,0.0015,0.00156,0,0,0,0,0,0,0,0,0,0,0,0,8.00E-04,0,0,0,0.000696,0.001088,9.04E-04,0.000792
Otu00424,0.154472483,0.004430656,0.015029479,0.364736375,Bacteria,Verrucomicrobia,Verrucomicrobiae,Verrucomicrobiales,Akkermansiaceae,Akkermansia,0,0,0,0,0.00244,0.0021,0.00434,0,0,0.00024,5.00E-04,0.00184,0.00158,0.00242,0,0,0,0,0,0,0,0,0,0,0,0,0,0,0,0.00012,0.00054,0.00026,0.00058,0,0,0.000048,0.000124,0.000964,7.88E-04,0.001468
Otu00428,0.741444112,0.010025019,0.028200461,0.851179293,Bacteria,Lentisphaerae,Lentisphaeria,Victivallales,Victivallaceae,Victivallaceae_ge,0,0,0,0,2.00E-04,0,0,0,0,0,4.00E-05,0,0,0,0.00044,0,0.00044,0.00148,3.00E-04,0.00044,0,0,0,0.00162,0.00136,0.00154,0,0,0,0.00024,0.00262,0.0029,0.00164,0.00011,0,0,0.000144,0.001184,9.12E-04,0.000724
Otu00430,0.040768714,1.52E-05,0.000166217,0.21164498,Bacteria,Verrucomicrobia,Verrucomicrobiae,Verrucomicrobiales,Akkermansiaceae,Akkermansia,6.00E-05,0,0,0,0.00132,0.00138,0.0022,0,0,0,0.00056,0.00188,0.002,0.00304,0,0,0,0,0,0,0,0,0,0.00018,0.00044,0.00064,0,0,0,0.00046,0.00116,0.00092,0.0015,0.000015,0,0,0.000204,0.000908,9.48E-04,0.001476
Otu00434,0.121360978,0.016172004,0.041143481,0.316912442,Bacteria,Proteobacteria,Deltaproteobacteria,Desulfovibrionales,Desulfovibrionaceae,uncultured,2.00E-04,0.00066,0.00132,0.002,0,0,0,0,0.00118,0.00184,0.00158,0,0,0,0,0,0,0,0,0,0,0,0,0,0,0,0,0,0.00022,0.00652,0,0.00044,0,0.00005,0.00046,0.000676,0.00202,0,8.80E-05,0
Otu00435,0.373075889,0.000145612,0.000924436,0.61468694,Bacteria,Bacteroidetes,Bacteroidia,Bacteroidales,Rikenellaceae,Alistipes,0,0,0,0,0.00022,0.00022,4.00E-04,0,0,2.00E-04,0.00084,0.00192,0.00252,0.00222,0,0,0,0,0,0,0,0,0,0.00078,3.00E-04,6.00E-04,0,0,0,0.00086,0.00314,0.0027,0.00186,0,0,0.00004,0.00034,0.001212,1.15E-03,0.001016
Otu00436,0.051707633,1.43E-05,0.000162506,0.212986203,Bacteria,Proteobacteria,Alphaproteobacteria,Alphaproteobacteria_unclassified,Alphaproteobacteria_unclassified,Alphaproteobacteria_unclassified,0,0,0,0,0.00082,0.00048,0.00082,0,0,0,1.00E-04,0.00034,0.00032,0.00062,8.00E-05,0,0,2.00E-05,0.00014,0.00016,0,0,8.00E-05,0.00314,0.00212,0.00248,0,0,0,0.00012,0.00062,0.00034,0.00022,0.00002,0,0,0.00006,0.000988,6.80E-04,0.00086
Otu00438,0.094033897,0.010759045,0.029544679,0.28091414,Bacteria,Bacteroidetes,Bacteroidia,Bacteroidales,Rikenellaceae,Rikenella,0,0,0,0,0.00016,6.00E-05,0.00014,0,0,8.00E-05,0.00026,0.00024,5.00E-04,0.00052,0.00026,0,0.00058,0.00108,0.00048,0.001,0,0,0.00014,0.00518,0.00224,0.00286,0,0,0,0,0,0.00014,0,0.000065,0,0.000016,0.000196,0.001332,6.84E-04,0.000904
Otu00443,0.415857263,0.009425649,0.026841767,0.651070647,Bacteria,Bacteroidetes,Bacteroidia,Bacteroidales,Rikenellaceae,Alistipes,0,0,0,0,0.0022,0.00122,0.00316,0,0,0,0.00022,0.00056,0.00038,0.00028,0,0,0,0,0,0,0,0,0,0.00188,0.00236,0.0019,0,0,0,0,0,0,0,0,0,0,0.000044,0.000928,7.92E-04,0.001068
Otu00444,0.629008947,0.005673432,0.018260533,0.798959566,Bacteria,Proteobacteria,Alphaproteobacteria,Rhodospirillales,uncultured,uncultured_ge,0,0,0,0,0.00184,0.00112,0.00146,0,0,0,0,0,0,0,0,0,0,0,0,0,0,0,0,0.00058,0.00032,0.00028,0,0,0,4.00E-04,0.00298,0.00336,0.00154,0,0,0,0.00008,0.00108,9.60E-04,0.000656
Otu00447,0.106276086,1.73E-05,0.000170532,0.29591558,Bacteria,Bacteroidetes,Bacteroidia,Bacteroidales,Rikenellaceae,Alistipes,0,0,0,0,0.00048,5.00E-04,0.00092,0,0,0,0.00054,0.00084,0.00086,0.00058,0,0,0,0,0,0,0,0,0,0.00146,0.0017,0.00164,0,0,0,4.00E-04,0.00156,0.00142,0.00152,0,0,0,0.000188,0.000868,8.96E-04,0.000932
Otu00448,0.179191967,0.001424784,0.005939462,0.400002714,Bacteria,Bacteroidetes,Bacteroidia,Bacteroidales,Rikenellaceae,Alistipes,0,0,0,0,0.00036,0.00054,0,0,0,0,0.00022,0.00062,0.00026,0,0,0,0,0,0,0,0,0,6.00E-05,0.00192,0.00214,0.00232,0,0,0,0.00054,0.00146,0.00098,0.00084,0,0,0,0.000164,0.000872,7.84E-04,0.000632
Otu00452,0.729603152,0.012757721,0.033825069,0.844886595,Bacteria,Bacteroidetes,Bacteroidia,Bacteroidales,Rikenellaceae,Rikenella,0,0,0,0,0.00084,0.00076,0.00084,0.00024,0,4.00E-04,0.00096,0.0032,0.0031,0.00348,0,0,5.00E-04,0.00078,0.00022,0.00028,0,0,0,0,0,0,0,0,0,0,0,0,0,0.00006,0,0.00008,0.000292,0.000964,8.16E-04,0.00092
Otu00455,0.367229784,0.000501398,0.002460759,0.609407698,Bacteria,Firmicutes,Clostridia,Clostridiales,Lachnospiraceae,Lachnospiraceae_unclassified,0,0,0,0,0.00032,0.00034,0,0,0,0,0.00018,4.00E-04,0.00044,0.00054,0,0,0,0,0,0,0,0,0,0.00116,0.00132,0.00176,0,0,0,0.00046,0.00148,0.00152,0.00228,0,0,0,0.000128,0.000672,7.24E-04,0.000916
Otu00456,0.400029346,0.000175794,0.001086154,0.641580291,Bacteria,Bacteroidetes,Bacteroidia,Bacteroidales,Rikenellaceae,Alistipes,0,0,0,0,0.00012,0,0.00036,0.00028,0,2.00E-04,0.00034,0.00096,0.00052,0.00086,0,0,0,0,0,0,0,0,0,5.00E-04,0.00088,9.00E-04,0,0,0,0.00018,0.00044,0.00066,0.00078,0.00007,0,0.00004,0.000104,0.000404,4.12E-04,0.00058
Otu00458,0.879466006,3.55E-05,0.000288694,0.888042758,Bacteria,Proteobacteria,Alphaproteobacteria,Rhodospirillales,Rhodospirillales_unclassified,Rhodospirillales_unclassified,0,0,0,0,0.00214,0.00178,0.00256,0,0,0,0,0,0,0,0,0,0,0.00078,0.0012,0.00202,0,0,0,0.00052,6.00E-04,0.00074,0,0,0,0,0.00058,0.00098,0.00044,0,0,0,0,0.000804,9.12E-04,0.001152
Otu00461,0.522987569,0.000705659,0.00332188,0.743136341,Bacteria,Firmicutes,Clostridia,Clostridiales,Family_XIII,Family_XIII_ge,0,0,0,0,0.00042,2.00E-04,0.00012,0,0,0,0.00016,0.00062,0.00042,0.00076,0,0,0,0,0,0,0,0,0,0.00012,0.00034,0.00052,0,4.00E-05,1.00E-04,0.00058,0.00366,0.00332,0.0024,0,0.00001,0.00002,0.000148,0.000964,8.56E-04,0.00076
Otu00463,0.056694832,0.000614711,0.002974685,0.214959981,Bacteria,Firmicutes,Clostridia,Clostridiales,Clostridiales_unclassified,Clostridiales_unclassified,0,0,0,0,0.0012,7.00E-04,0.00124,0,0,0,0,0.00034,0.00054,0,0,0,0,0,0,0,0,0,0,0.00394,0.00318,0.00356,0,0,0,0,0.00048,0.00064,0.00038,0,0,0,0,0.001192,1.01E-03,0.001036
Otu00465,0.108351643,0.008237945,0.024258117,0.297537051,Bacteria,Bacteroidetes,Bacteroidia,Bacteroidales,Rikenellaceae,Alistipes,0,0,0.00064,0.00124,0.00158,0.00204,0.00024,0,0.00058,0.00082,6.00E-04,0.00022,0.00014,8.00E-05,0,0,0,0,0,0,0,8.00E-04,0.00184,0,6.00E-05,0,0,0,0.00196,0.00448,2.00E-05,2.00E-05,6.00E-05,0,0.000145,0.000844,0.001632,0.000364,4.52E-04,0.000076
Otu00467,0.101085425,1.23E-05,0.000150338,0.292682485,Bacteria,Bacteroidetes,Bacteroidia,Bacteroidales,Rikenellaceae,Alistipes,0,0,0,0,0.00074,0.00046,0.00054,0,0,0.00026,0.00032,8.00E-04,0.00068,0.00098,0,0,0,0,0,0,0,0,0,0.00114,0.00062,0.00088,0,0,0,0.00012,0.00058,0.00098,0.00036,0,0,0.000052,0.000088,0.000652,5.48E-04,0.000552
Otu00468,0.232327159,0.000103066,0.000685787,0.467355797,Bacteria,Bacteroidetes,Bacteroidia,Bacteroidales,Rikenellaceae,Alistipes,0,0,0,0,0.00054,0.00054,0.00082,0,0,0,8.00E-05,0.00026,2.00E-04,1.00E-04,0,0,0,0,0,0,0,0,0,0.00148,0.00168,0.00172,0.00016,0,0,0.00046,0.0012,0.001,0.00114,0.00004,0,0,0.000108,0.000696,6.84E-04,0.000756
Otu00470,0.185270733,8.14E-06,0.000128961,0.405696175,Bacteria,Lentisphaerae,Lentisphaeria,Victivallales,Victivallaceae,Victivallaceae_ge,0,0,0,0,0.00088,0.00048,0.00044,0,0,0,8.00E-05,0.00026,0.00024,0.00024,0,0,0,4.00E-05,0,6.00E-05,0,0,0,0.00166,0.0012,0.00166,0,0,0,0.00012,0.00134,0.0017,0.00076,0,0,0,0.00004,0.000836,7.24E-04,0.000632
Otu00480,0.410082783,0.002191513,0.008197444,0.645382458,Bacteria,Bacteroidetes,Bacteroidia,Bacteroidales,Rikenellaceae,Alistipes,0,0,0,0,0.0013,0.00118,0.00218,0,0,6.00E-05,0.00046,0.00164,0.00142,0.00158,0,0,0,0,0,0,2.00E-05,0,0,0.00058,7.00E-04,0,0,0,0,0,4.00E-04,0,2.00E-04,0,0.000005,0.000012,0.000092,0.000784,6.60E-04,0.000792
Otu00481,0.34932491,1.24E-05,0.000150338,0.589913705,Bacteria,Bacteroidetes,Bacteroidia,Bacteroidales,Rikenellaceae,Rikenella,0,0,0,0,0.00064,8.00E-04,0.00036,7.00E-04,0,0.00034,0.00074,0.00148,0.0019,0.0016,0,0,0,0,0,0,0,0,0.00012,0.00042,0.00048,0.00054,0,0,0,0,0.0011,0.00124,0.00108,0.000175,0,0.000068,0.000172,0.000728,8.84E-04,0.000716
Otu00492,0.120054617,0.003149829,0.011177854,0.315885151,Bacteria,Bacteroidetes,Bacteroidia,Bacteroidales,Rikenellaceae,Rikenellaceae_unclassified,0,6.00E-05,0.00018,0.00094,0.0011,0.00148,0,0,0.00062,0.00058,0.00094,0.00046,3.00E-04,0.00052,0,0,0,0,0,0,6.00E-05,0,0.00108,0.00038,0.00036,1.00E-04,0,0,0,0.00128,3.00E-04,0.00036,0.00012,0,0.000185,0.000152,0.000848,0.000448,5.00E-04,0.000148
Otu00494,0.186974576,0.001407542,0.005903144,0.406875492,Bacteria,Firmicutes,Clostridia,Clostridiales,Ruminococcaceae,Ruminococcaceae_unclassified,1.00E-04,1.00E-04,0.00058,0.00322,0.00028,4.00E-04,0,0,0.00012,0.00034,0.00032,0.00016,0.00012,8.00E-05,0,0.00158,2.00E-04,0,0,0,0,0.00014,0.00036,0,0,0,0,0,0.00018,0.00542,1.00E-04,3.00E-04,1.00E-04,0.000025,0.000055,0.000564,0.001904,0.000108,1.64E-04,0.000036
Otu00504,0.125531597,8.22E-07,4.38E-05,0.325347811,Bacteria,Bacteroidetes,Bacteroidia,Bacteroidales,Rikenellaceae,Alistipes,0,0,0,0,0.00128,0.00064,0.00148,0,0,0,0.00034,0.00096,0.00112,0.00076,0,0,0,0.00036,0,0,0,0,0,0.00096,0.00068,0.00088,0,0,0,0.00062,0.00214,0.00212,0.00144,0,0,0,0.000192,0.00114,9.12E-04,0.000912
Otu00509,0.075648223,0.00213798,0.008081226,0.244619487,Bacteria,Bacteroidetes,Bacteroidia,Bacteroidales,Rikenellaceae,Alistipes,0,0,0,0,8.00E-04,0.00102,0.00186,0.00038,0,0.00032,0.00084,0.00134,0.00152,0.00142,0,0,0,0,0,0,0,0,0,0,0,0,0,0,0,0.00066,0.00174,0.0012,0.00146,0.000095,0,0.000064,0.0003,0.000776,7.48E-04,0.000948
Otu00511,0.131560849,0.003458794,0.01208831,0.333480248,Bacteria,Firmicutes,Clostridia,Clostridiales,Clostridiales_unclassified,Clostridiales_unclassified,0,0,0,0,0.00172,0.00126,0.002,0,0,0,0.00012,3.00E-04,0.00038,3.00E-04,0,0,0,0,0,0,0,0,0,0,0,0,0,0,0,3.00E-04,0.00158,0.00204,0.00154,0,0,0,0.000084,0.00072,7.36E-04,0.000768
Otu00521,0.516948556,0.001012199,0.004518981,0.740638511,Bacteria,Firmicutes,Clostridia,Clostridiales,Ruminococcaceae,Oscillibacter,0,0,0,0,0.00106,0.00058,0.0013,0,0,0.00032,0.00094,0.00134,0.00174,0.00158,0,0,0,0,0,0,0,0,0,0.00056,0.00138,0.00084,0,0,0,0,0,0,0.00056,0,0,0.000064,0.000188,0.000592,7.40E-04,0.000856
Otu00523,0.105126847,7.87E-06,0.000128961,0.29591558,Bacteria,Bacteroidetes,Bacteroidia,Bacteroidales,Rikenellaceae,Alistipes,0,0,0,0,0.00018,0.00026,0.00038,0,0,0,0.00014,0.00052,5.00E-04,0.00056,0,0,0,0,0,0,0,0,0,0.00078,0.00076,0.00042,0,0,0,0.00024,5.00E-04,0.00066,0.00054,0,0,0,0.000076,0.000396,4.36E-04,0.00038
Otu00524,0.304509118,6.25E-05,0.000445727,0.54732548,Bacteria,Bacteroidetes,Bacteroidia,Bacteroidales,Rikenellaceae,Alistipes,0,0,0,0,3.00E-04,0.00044,0.0012,0,0,2.00E-04,7.00E-04,0.00138,0.00132,0.0013,0,0,0,0,0,0,0,0,0,0.00052,0.00056,0.00054,0,0,0,2.00E-04,0.00048,3.00E-04,0.00024,0,0,0.00004,0.00018,0.000536,5.24E-04,0.000656
Otu00532,0.275033706,3.52E-06,9.03E-05,0.520009084,Bacteria,Firmicutes,Clostridia,Clostridiales,Ruminococcaceae,Ruminococcaceae_unclassified,0,0,0,0,0.00044,0.00056,0.00088,0,0,0.00014,0.00042,0.00138,0.0018,0.00168,0,0,0,0,0,0,0,0,0,6.00E-04,0.00144,0.0012,0,0,0,0,0.00036,0.00072,0.00072,0,0,0.000028,0.000084,0.000556,9.04E-04,0.000896
Otu00533,0.440230566,0.001538855,0.006301111,0.672130069,Bacteria,Firmicutes,Clostridia,Clostridiales,Ruminococcaceae,GCA-900066225,0,0,0,0,0.00024,0,0,0,0,0.00012,0.00042,0.00164,0.00144,0.00166,0,0,0,0,0,0,0,0,0,0.00092,0.00186,0.00222,0,0,0,0.00032,7.00E-04,0.00064,0.00094,0,0,0.000024,0.000148,0.0007,7.88E-04,0.000964
Otu00536,0.07839142,0.000243813,0.001421187,0.249985541,Bacteria,Bacteroidetes,Bacteroidia,Bacteroidales,Rikenellaceae,Alistipes,0,0,0,0,0.00056,0.00072,0.0011,0,0,6.00E-05,2.00E-04,3.00E-04,5.00E-04,0.00032,0,0,0,0,0,0,0,0,0,0.00154,0.00126,0.00112,0,0,0,0,0,6.00E-04,0.00058,0,0,0.000012,0.00004,0.00048,6.16E-04,0.000624
Otu00553,0.478675857,0.00404397,0.0138536,0.712352029,Bacteria,Bacteroidetes,Bacteroidia,Bacteroidales,Rikenellaceae,Alistipes,0,0,0,0,0.0013,0.00142,0.00142,0,0,0,2.00E-04,0.00046,0.00046,0.00048,0,0,0,0,0,0,0,0,0,0.00148,0.00086,0.00084,0,0,0,0,0,0,0,0,0,0,0.00004,0.000648,5.48E-04,0.000548
Otu00561,0.867875259,0.000246565,0.001421187,0.883190704,Bacteria,Firmicutes,Clostridia,Clostridiales,Lachnospiraceae,Lachnospiraceae_unclassified,0,0,0,0,0,0,0,0.00036,0,0.00036,0.00088,0.00262,0.0028,0.00268,0,0,0,0.00016,0.00014,2.00E-04,0,0,0,0.00036,0.00042,0.00068,0,0,0,6.00E-05,0.00042,0.00036,0.00096,0.00009,0,0.000072,0.000188,0.000712,7.44E-04,0.000904
Otu00563,0.378284513,0.012089017,0.032590752,0.618848423,Bacteria,Proteobacteria,Deltaproteobacteria,Desulfovibrionales,Desulfovibrionaceae,uncultured,0,0,0,0,0,0,0,0,0,0.00028,0.00042,0.00058,0.00034,0.00068,0,0,0,0,0,0,0,0,0,0.00164,0.00238,0.002,0,0,0,0,0.00108,0.00108,0.00228,0,0,0.000056,0.000084,0.00066,7.60E-04,0.000992
Otu00565,0.056979482,4.48E-05,0.000344621,0.214959981,Bacteria,Lentisphaerae,Lentisphaeria,Victivallales,Victivallaceae,Victivallaceae_ge,0,0,0,0,0.00074,6.00E-04,0.00032,8.00E-05,0,0,0.00014,0.00036,5.00E-04,0.00032,0,0,0,0,0,0,0,0,0,0.00204,0.00162,0.00186,0,0,0,1.00E-04,0.00156,0.00152,0.00056,0.00002,0,0,0.000048,0.00094,8.48E-04,0.000612
Otu00567,0.454700974,0.000351862,0.001932449,0.684028422,Bacteria,Bacteroidetes,Bacteroidia,Bacteroidales,Rikenellaceae,Alistipes,0,0,0,0,0.00028,0.00014,0,5.00E-04,0,0,0.00028,0.00036,0.00034,5.00E-04,0.00018,0,0,0.00044,0.00012,1.00E-04,0,0,0,0.00154,0.00102,0.00108,0,0,0,0,1.00E-04,4.00E-05,0.00012,0.00017,0,0,0.000056,0.000544,3.32E-04,0.00036
Otu00569,0.566619949,8.57E-05,0.000575479,0.775072506,Bacteria,Verrucomicrobia,Verrucomicrobiae,Verrucomicrobiales,Akkermansiaceae,Akkermansia,0,0,0,0,0.00026,6.00E-05,0,0,0,0.00012,4.00E-05,0.00018,0.00036,0.00052,0,0,8.00E-05,0.00014,8.00E-05,0.00038,0,0,0,0.00076,0.00116,0.00158,0,0,0,0,0.00102,0.00118,0.00094,0,0,0.000024,0.000024,0.000472,5.68E-04,0.000684
Otu00570,0.204810001,5.56E-06,0.00010995,0.430785776,Bacteria,Firmicutes,Clostridia,Clostridiales,Ruminococcaceae,Ruminococcaceae_unclassified,0,0,0,0,0.00048,0.00048,0.00056,0,0,4.00E-05,0.00034,0.0014,0.00144,0.00156,0,0,0,0,0,0,0,0,0,0.00034,0.00058,0.00112,0,0,0,0.00022,5.00E-04,0.00048,0.0011,0,0,0.000008,0.000112,0.000544,5.96E-04,0.000868
Otu00571,0.133377293,2.84E-05,0.000239386,0.335648826,Bacteria,Firmicutes,Clostridia,Clostridiales,Ruminococcaceae,Ruminococcaceae_unclassified,0,0,0,0,0.00038,0.00034,9.00E-04,0.00034,0,0,0.00012,0.00054,0.00052,0.00056,0,0,0,0,0,0,0,0,0,7.00E-04,0.00114,0.00104,0,0,0,0.00028,0.00126,0.00098,0.00202,0.000085,0,0,0.00008,0.000576,5.96E-04,0.000904
Otu00575,0.7202327,0.008809324,0.025506495,0.84047391,Bacteria,Bacteroidetes,Bacteroidia,Bacteroidales,Rikenellaceae,Rikenella,0,0,0,0,0.00068,0.00036,0.00052,0,0,0.00024,0.001,0.00214,0.00302,0.0021,0,0,0,0,0,0,0,0,0,0.00044,0.00042,0.00036,0,0,0,0,0,0,0,0,0,0.000048,0.0002,0.000652,7.60E-04,0.000596
Otu00576,0.552463062,0.005651989,0.018260533,0.766141161,Bacteria,Firmicutes,Clostridia,Clostridiales,Ruminococcaceae,Harryflintia,0,0,0,0,0,0,0,0,0,0,0.00012,0.00034,0.00034,0,0,0,1.00E-04,2.00E-04,8.00E-05,0.00024,0,0,0,0.00138,0.00212,0.00216,0,0,0,3.00E-04,0.00122,0.00098,0.0016,0,0,0,0.000104,0.000628,7.04E-04,0.0008
Otu00577,0.069782936,0.013145018,0.03445588,0.232162461,Bacteria,Bacteroidetes,Bacteroidia,Bacteroidales,Rikenellaceae,Alistipes,0,0,0,0,0.00166,0.0015,0.00146,0,0,8.00E-05,0.00028,0,9.00E-04,0.00026,0,0,0,0,0,0,0,0,0,0,0,0,0,0,0,2.00E-04,0.00158,0.00134,0.00102,0,0,0.000016,0.000096,0.000648,7.48E-04,0.000548
Otu00578,0.171219145,0.002413749,0.008837643,0.391035144,Bacteria,Firmicutes,Clostridia,Clostridiales,Ruminococcaceae,Oscillibacter,0,0,0,0,0.00072,6.00E-05,0.00088,0,0,0,0.00058,0.00084,9.00E-04,0.00128,0,0,0,0,0,0,0,0,0,0,2.00E-05,0,0,0,0,0.00046,0.00194,0.00206,0.00186,0,0,0,0.000208,0.0007,6.08E-04,0.000804
Otu00583,0.566743768,0.00178736,0.007108352,0.775072506,Bacteria,Proteobacteria,Alphaproteobacteria,Rhodospirillales,uncultured,uncultured_ge,4.00E-05,0,0,0,0.00172,0.0012,0.00126,0,0,0,0.00016,0.00094,0.00094,0.00106,0,0,0,0,0,0,0,0,0,0.00074,0.00076,0.00056,0,0,0,0,0,0,0,0.00001,0,0,0.000032,0.00068,5.80E-04,0.000576
Otu00584,0.27972035,0.002525104,0.009196694,0.527429106,Bacteria,Bacteroidetes,Bacteroidia,Bacteroidales,Rikenellaceae,Alistipes,0,0,0,0,3.00E-04,0.00032,0.00062,0,0,1.00E-04,0.00022,0.00028,0.00046,0.00032,0,0,0,0.00016,8.00E-05,0,0,0,0,0,0,0,0,0,0,0.00068,0.00142,0.00168,0.00226,0,0,0.00002,0.00018,0.000432,5.08E-04,0.00064
Otu00586,0.271474889,0.000311868,0.001754574,0.516100613,Bacteria,Bacteroidetes,Bacteroidia,Bacteroidales,Rikenellaceae,Alistipes,0,0,0,0,0.00146,0.00124,0.00136,0,0,0,0.00022,0.00042,0.00042,0.00042,0,0,0,0,0,0,0,0,0,0.00152,0.00078,0.00088,0,0,0,0,3.00E-04,0.00026,0,0,0,0,0.000044,0.00074,5.40E-04,0.000532
Otu00589,0.153706073,1.64E-05,0.000166217,0.364736375,Bacteria,Firmicutes,Clostridia,Clostridiales,Ruminococcaceae,Ruminococcaceae_unclassified,0,0,0,0,0.00046,0.00032,0.00096,0,0,0,0.00042,0.00078,0.00082,0.00098,0,0,0,0,0,0,0,0,0,0.00074,0.001,0.00142,0,0,0,0,2.00E-04,4.00E-04,0.00036,0,0,0,0.000084,0.000436,5.08E-04,0.000744
Otu00590,0.396656808,0.018546377,0.045672928,0.639395435,Bacteria,Firmicutes,Clostridia,Clostridiales,Lachnospiraceae,Lachnospiraceae_unclassified,6.00E-05,0,0,0,0.00128,0.00146,0.00154,0,0,0,4.00E-04,0.00074,7.00E-04,0.001,0,0.00016,0.00128,8.00E-04,0.00042,0.00022,0,0,0,0,0,0,0,0,0,0,0,0,0.00026,0.000015,0,0.000032,0.000336,0.000564,5.16E-04,0.000604
Otu00592,0.046435231,6.04E-06,0.000113021,0.21164498,Bacteria,Bacteroidetes,Bacteroidia,Bacteroidales,Rikenellaceae,Alistipes,0,0,0,0,6.00E-04,3.00E-04,0.00076,0,0,6.00E-05,0.00012,0.00048,5.00E-04,0.00036,0,0,0,0,0,0,0,0,0,0.00054,0.00032,0.00028,0,0,0,0.00012,0.00034,0.00028,3.00E-04,0,0,0.000012,0.000048,0.000392,2.80E-04,0.00034
Otu00594,0.041951924,0.009750099,0.02765192,0.21164498,Bacteria,Bacteroidetes,Bacteroidia,Bacteroidales,Rikenellaceae,Rikenella,4.00E-05,4.00E-05,0.00056,0.00084,0.00036,0.00034,0,0,3.00E-04,0.00036,0.00034,1.00E-04,1.00E-04,4.00E-05,0,4.00E-05,0,0,0,0,0,0.00142,0.00338,0.001,0.00032,0.00018,0,0,8.00E-05,0.00026,1.00E-04,0.00028,0.00018,0.00001,0.000085,0.000492,0.000964,0.000312,2.08E-04,0.00008
Otu00605,0.05468479,0.001639981,0.006598832,0.214959981,Bacteria,Firmicutes,Clostridia,Clostridiales,Ruminococcaceae,Ruminococcaceae_UCG-008,2.00E-05,0,0,0,0.00022,0.00016,0.00092,0,0,0,0.00012,0.00018,0.00014,0.00034,0,0,0,0,0,0,0,0,0,0.00166,0.00336,0.0034,0.00018,0,0,2.00E-04,0.00046,0.00026,0.00086,0.00005,0,0,0.000064,0.000504,7.84E-04,0.001104
Otu00609,0.364731648,0.009343199,0.026841767,0.606717068,Bacteria,Bacteroidetes,Bacteroidia,Bacteroidales,Rikenellaceae,Alistipes,0,0,0,0,0.00124,0.00112,0.00042,0,0,0,0.00038,8.00E-05,0.00064,5.00E-04,0,0,0,0,0,0,0,0,0,0.00114,0.00086,0.00128,0,0,0,0,0,0,2.00E-05,0,0,0,0.000076,0.000492,5.24E-04,0.000444
Otu00619,0.077620791,0.000152235,0.000949069,0.249819321,Bacteria,Bacteroidetes,Bacteroidia,Bacteroidales,Rikenellaceae,Alistipes,0,0,0,0,0.00102,9.00E-04,0.0011,0,0,0,0.00026,0.00062,0.00044,3.00E-04,0,0,0,0,0,0,0,0,0,0.00092,0.00044,0,0,0,0,2.00E-04,0.00034,0.00056,0.00048,0,0,0,0.000092,0.00058,4.68E-04,0.000376
Otu00620,0.843882949,0.016617322,0.041967836,0.878803168,Bacteria,Firmicutes,Clostridia,Clostridiales,Ruminococcaceae,Ruminococcaceae_unclassified,0,6.00E-05,1.00E-04,0.00038,3.00E-04,0.00052,0,0,0,2.00E-05,0,0,0,0,0,0.0039,0.00078,0,0,0,0,5.00E-04,0.00032,0,0,0,0,0,0.001,0.0033,5.00E-04,0.00074,0.00046,0,0.000015,0.001104,0.000956,0.00016,2.52E-04,0.000092
Otu00622,0.405442366,0.016386977,0.041537684,0.642027728,Bacteria,Proteobacteria,Deltaproteobacteria,Desulfovibrionales,Desulfovibrionaceae,uncultured,0,0,0,0,0.00026,0.00022,0.00044,0,0,0,3.00E-04,0,0.00034,6.00E-04,0,0,0,0,0,0,0,0,0,0,0.00012,0,0,0,0,0.00028,0.00198,0.00176,0.00372,0,0,0,0.000116,0.000448,4.88E-04,0.000952
Otu00623,0.058694286,4.15E-05,0.000322894,0.215083554,Bacteria,Bacteroidetes,Bacteroidia,Bacteroidales,Rikenellaceae,Rikenella,0,0,0,0,0.00052,3.00E-04,0.00044,0,0,0,0.00022,0.00024,0.00026,0.00038,0,0,0,0,0,0,0,0,0,0.00172,0.00084,0.00112,0,0,0,0.00016,0.00072,0.00072,0.00068,0,0,0,0.000076,0.00064,4.24E-04,0.000524
Otu00632,0.087519816,0.000107673,0.000709613,0.268741914,Bacteria,Firmicutes,Clostridia,Clostridiales,Lachnospiraceae,Tyzzerella,0,0,0,0,0.00022,0.00018,1.00E-04,0,0,0,0.00014,3.00E-04,0.00032,0.00026,0,0,0,0,0,0.00016,0,0,0,0.0012,0.00152,0.00188,0,0,0,1.00E-04,0.00076,0.00042,0.00056,0,0,0,0.000048,0.000496,4.88E-04,0.000592
Otu00635,0.347932059,0.001234261,0.005338181,0.589913705,Bacteria,Bacteroidetes,Bacteroidia,Bacteroidales,Rikenellaceae,Rikenellaceae_unclassified,0,0,0,0,0.00054,0,0,0,0,0,0,0.00048,0.00058,0,0,0,0,0,0,0,0,0,0,0.00076,0.00054,0.00082,0,0,0,0,0.00098,0.00106,0.00094,0,0,0,0,0.000552,4.36E-04,0.000352
Otu00639,0.688385096,0.010412508,0.029055304,0.827500693,Bacteria,Bacteroidetes,Bacteroidia,Bacteroidales,Rikenellaceae,Alistipes,0,0,0,0,0.00082,0.0011,0.00124,0,0,0,0.00038,0,0,0,0,0,0,0.00052,0,0,0,0,0,0.00046,2.00E-04,0.00016,0,0,0,0,0.00052,0.00058,0.00034,0,0,0,0.000076,0.000464,3.76E-04,0.000348
Otu00647,0.33983079,0.001640172,0.006598832,0.579218981,Bacteria,Firmicutes,Clostridia,Clostridiales,Ruminococcaceae,Ruminococcaceae_unclassified,0,0,0,0,0.00016,0.00026,0.00084,0,0,1.00E-04,0.00028,5.00E-04,0.00052,0.00114,0,0.00038,0.00022,0,0,0,0,0,0,0.00042,0.00054,0.00054,0,0,0,3.00E-04,0.00068,0.00106,0.00132,0,0,0.000096,0.00016,0.000352,4.76E-04,0.000768
Otu00649,0.845450046,9.14E-06,0.00013606,0.878803168,Bacteria,Firmicutes,Clostridia,Clostridiales,Clostridiales_vadinBB60_group,Clostridiales_vadinBB60_group_ge,0,0,0,0,0.00024,0.00018,0.00046,0,0,0.00018,0.00048,0.00148,0.0015,0.0014,0,0,0.00048,0.00086,0.00048,0.00026,0,0,0,0.00024,2.00E-04,0.00026,0,0,0,0,8.00E-05,0.00012,1.00E-04,0,0,0.000036,0.000192,0.00058,4.96E-04,0.000496
Otu00652,0.630392952,2.73E-07,2.59E-05,0.798959566,Bacteria,Firmicutes,Clostridia,Clostridiales,Ruminococcaceae,Ruminococcaceae_unclassified,0,0,0,0,1.00E-04,0.00032,0.00036,0,0,0.00012,2.00E-04,0.00058,0.00082,0.00058,0,0,0.00014,0.00016,6.00E-05,2.00E-04,0,0,0,0.00044,9.00E-04,0.00092,0,0,0,2.00E-05,0.00022,0.00024,0.00078,0,0,0.000024,0.000072,0.0003,4.68E-04,0.000568
Otu00663,0.189131963,0.00529833,0.017459259,0.410279994,Bacteria,Bacteroidetes,Bacteroidia,Bacteroidales,Rikenellaceae,Alistipes,0,0,0,0,0.00088,0.00048,0.00084,0,0,0,0,0.00028,0.00038,0.00026,0,0,0,0,0,0,0,0,0,0.00244,0.00166,0.00178,0,0,0,0,0,0,0,0,0,0,0,0.00072,5.04E-04,0.000576
Otu00666,0.710800009,2.94E-09,1.02E-06,0.835099501,Bacteria,Firmicutes,Clostridia,Clostridiales,Ruminococcaceae,Ruminiclostridium_5,0,0,0,0,0.00016,0.00038,0.00084,0,0,2.00E-05,0.00014,5.00E-04,0.00016,0.00048,0,0,0.00016,0.00034,9.00E-04,0.00054,0,0,0,0.00038,7.00E-04,0.00074,0,0,0,0.00014,7.00E-04,0.00036,8.00E-04,0,0,0.000004,0.000088,0.000416,5.00E-04,0.00068
Otu00667,0.225729888,4.10E-06,0.000101421,0.456740008,Bacteria,Firmicutes,Clostridia,Clostridiales,Ruminococcaceae,Oscillibacter,0,0,0,0,4.00E-04,0.00028,0.00102,0,0,1.00E-04,0.00038,0.00108,0.00146,0.0018,0,0,0,0,0,0,0,0,0,5.00E-04,0.00078,0.00062,0,0,0,0,8.00E-04,7.00E-04,0.00104,0,0,0.00002,0.000076,0.000556,6.44E-04,0.000896
Otu00672,0.833968081,0.008422449,0.024689121,0.876836309,Bacteria,Firmicutes,Clostridia,Clostridiales,Ruminococcaceae,Ruminococcaceae_unclassified,0.00056,0.00178,0.00116,0.00158,0.00058,0.00044,0.00024,0,0,0,0,0,0,0,0,0.00054,0,0,0,0,0,0.00038,5.00E-04,0,0,0,0,0,0.00068,0.00132,0,0.00018,0,0.00014,0.000445,0.000552,0.00068,0.000116,1.24E-04,0.000048
Otu00673,0.285730324,0.000895314,0.004023101,0.53151985,Bacteria,Firmicutes,Clostridia,Clostridiales,Peptostreptococcaceae,Romboutsia,5.00E-04,0.00124,7.00E-04,0.00102,0.00012,4.00E-04,0,0.00064,0.00176,0.00038,0,0,8.00E-05,0,0,0.00048,0,0,3.00E-04,0,0.00034,0.00044,2.00E-04,0,0,0,0,0.00078,0.00132,0.00066,0,0,0.00022,0.000285,0.00103,0.000664,0.000376,0.000024,1.56E-04,0.000044
Otu00675,0.125433621,3.79E-05,0.00029778,0.325347811,Bacteria,Lentisphaerae,Lentisphaeria,Victivallales,Victivallaceae,Victivallaceae_ge,1.00E-04,0,0,0,0.00078,0.00054,6.00E-04,0,0,0,8.00E-05,0.00022,0.00012,2.00E-04,0,0,0,0,0,0,0,0,0,0.00052,0.00054,0.00084,0,0,0,0,0.00136,0.00082,0.00066,0.000025,0,0,0.000016,0.000576,4.04E-04,0.00046
Otu00685,0.312165492,1.08E-05,0.000142535,0.555431836,Bacteria,Firmicutes,Clostridia,Clostridiales,Ruminococcaceae,GCA-900066225,0,0,0,0,0.00028,2.00E-04,0.00032,0,0,0,4.00E-04,0.00066,7.00E-04,0.00078,0,0,0.00082,0.00136,3.00E-04,0.00028,0,0,0,0,0.00018,3.00E-04,0,0,0,0.00016,0.00086,0.00084,0.00098,0,0,0,0.000276,0.000632,4.44E-04,0.000532
Otu00686,0.454590649,0.014701222,0.037678687,0.684028422,Bacteria,Bacteria_unclassified,Bacteria_unclassified,Bacteria_unclassified,Bacteria_unclassified,Bacteria_unclassified,0,0,0,0,0.00016,0,0,0,0,0,0,0,0,0,0,0,0,0.00012,0,0,0,0,0,0.0015,0.00096,0.00098,0,0,0,0.00024,8.00E-04,0.00094,0.00046,0,0,0,0.000048,0.000516,3.80E-04,0.000288
Otu00692,0.236796421,0.019754246,0.048303668,0.472228022,Bacteria,Firmicutes,Clostridia,Clostridiales,Ruminococcaceae,Oscillibacter,0,0,0,0,0,1.00E-04,0,0,0,0,0.00016,0.00062,0.00042,0.00058,3.00E-04,0,0.00114,0.00076,0.00052,8.00E-04,0,0,0,0.00116,0.00148,0.00118,0,0,0,0,0,0,0,0.000075,0,0,0.00026,0.000508,5.04E-04,0.000512
Otu00693,0.223712938,2.43E-05,0.000215688,0.456032224,Bacteria,Firmicutes,Clostridia,Clostridiales,Ruminococcaceae,Oscillibacter,0,0,0,0,6.00E-04,0.00032,8.00E-04,0.00018,0,0,0,0.00034,0.00056,0.00054,0,0,0,0.00018,0,0.00038,0,0,0,0.00144,0.00158,0.00176,0,0,0,0,0,0,0.00042,0.000045,0,0,0,0.000512,4.92E-04,0.00078
Otu00696,0.151041806,0.001211885,0.005307748,0.362919894,Bacteria,Bacteroidetes,Bacteroidia,Bacteroidales,Rikenellaceae,Alistipes,0,0,0,0,0.00068,0.00074,0,0,0,0,2.00E-04,3.00E-04,0.00058,0.00034,0,0,0,0,0,0,0,0,0,0.00022,0.00038,0.00032,0,0,0,0,0,0.00036,0.00034,0,0,0,0.00004,0.00024,4.12E-04,0.0002
Otu00697,0.287091758,0.002911466,0.010385231,0.532620635,Bacteria,Firmicutes,Clostridia,Clostridiales,Lachnospiraceae,Tyzzerella,0,0,0,0,0,0,0,0,0,4.00E-05,8.00E-05,0,0.00082,0.00096,0,0,0,0.00108,6.00E-04,0.00134,0,0,0,0.00086,0.00148,0.00146,0,0,0,0,0,0,0.00042,0,0,0.000008,0.000016,0.000388,5.80E-04,0.000836
Otu00708,0.262250918,7.28E-05,0.000493662,0.506862006,Bacteria,Bacteroidetes,Bacteroidia,Bacteroidales,Rikenellaceae,Alistipes,0,0,0,0,0.00046,0.00044,0,0,0,4.00E-05,0.00022,0.00076,0.00062,0.00066,0,0,0,0,0,0,0,0,0,2.00E-04,0.00042,0.00026,0,0,0,0,6.00E-04,0.00028,4.00E-04,0,0,0.000008,0.000044,0.000404,3.52E-04,0.000264
Otu00722,0.115812483,0.000326192,0.001820363,0.31062883,Bacteria,Bacteroidetes,Bacteroidia,Bacteroidales,Rikenellaceae,Alistipes,0,0,0,0,6.00E-04,0.00032,0.00052,0,0,6.00E-05,4.00E-04,0.00104,0.00112,0.00088,0,0,0,1.00E-04,0,0,0,0,0,0,0,0,0,0,0,0.00026,0.00062,0.00054,0.00056,0,0,0.000012,0.000132,0.000472,3.96E-04,0.000392
Otu00723,0.234488971,0.012504018,0.033408419,0.470337297,Bacteria,Bacteroidetes,Bacteroidia,Bacteroidales,Rikenellaceae,Alistipes,0,0,0,0,0,0,0,0,0,0,3.00E-04,0,0.00042,0,0.00044,0,0.0014,0.00158,0.00062,0.00042,0,0,0,0.00068,6.00E-04,0.00038,0,0,0,0.00022,0.00052,0.00072,0.00032,0.00011,0,0,0.000384,0.000556,4.72E-04,0.000224
Otu00724,0.129438209,0.000398464,0.002121053,0.329306033,Bacteria,Firmicutes,Clostridia,Clostridiales,Ruminococcaceae,Ruminiclostridium_5,0,0,0,0,3.00E-04,0.00054,0.00088,0,0,0,1.00E-04,0.00076,0.00046,0.00056,0,0,0.00024,0,0,0,0,0,0,8.00E-05,0.00018,0.00026,0,0,0,0,0.00098,0.00072,0.0021,0,0,0,0.000068,0.000424,3.80E-04,0.00076
Otu00729,0.04480861,6.26E-06,0.000114076,0.21164498,Bacteria,Bacteroidetes,Bacteroidia,Bacteroidales,Rikenellaceae,Rikenellaceae_unclassified,0,0,0,0,0.00076,0.00076,0.00054,0,0,4.00E-05,0.00014,0.00034,0.00032,0.00026,0,0,0,0,0,0,0,0,0,0.00034,0.00032,0.00018,0,0,0,1.00E-04,4.00E-04,0.00044,0.00042,0,0,0.000008,0.000048,0.000368,3.68E-04,0.00028
Otu00731,0.293167896,0.002007388,0.007717292,0.539269591,Bacteria,Firmicutes,Clostridia,Clostridiales,Ruminococcaceae,Oscillibacter,0,0,0,0,0.00024,0.00022,0,0,0,1.00E-04,2.00E-04,0.00038,6.00E-04,0.00042,0,0,0.00058,0.00058,0,0,0,0,6.00E-05,0.00108,0.00142,0.0013,0,0,0,0,0.00034,0.00032,0.00026,0,0,0.00002,0.000168,0.000524,5.12E-04,0.000396
Otu00732,0.129285444,0.00941057,0.026841767,0.329306033,Bacteria,Verrucomicrobia,Verrucomicrobiae,Verrucomicrobiales,Akkermansiaceae,Akkermansia,0,0,0,0,0.00102,0.00052,0.00178,0,0,1.00E-04,2.00E-04,0.00128,0.00074,0.00112,0.00016,0,0,0,0,0,0,0,0,0,0,0,0,0,0,0,0.00034,0.00046,0.00038,0.00004,0,0.00002,0.00004,0.000528,3.44E-04,0.000656
Otu00736,0.048679415,5.32E-06,0.00010995,0.211862613,Bacteria,Firmicutes,Clostridia,Clostridiales,Ruminococcaceae,Ruminococcaceae_unclassified,0,0,0,0,0.00042,0.00034,7.00E-04,0,0,2.00E-05,8.00E-05,5.00E-04,6.00E-04,8.00E-04,0,0,0,0,0,0,0,0,0,7.00E-04,0.00116,0.00086,0,0,0,0.00016,0.00026,0.00032,0.00054,0,0,0.000004,0.000048,0.000376,4.84E-04,0.00058
Otu00744,0.29591734,5.72E-06,0.00010995,0.539269591,Bacteria,Bacteroidetes,Bacteroidia,Bacteroidales,Rikenellaceae,Alistipes,0,0,0,0,0.00022,1.00E-04,0.00042,0,0,4.00E-05,0.00024,3.00E-04,0.00048,0.00056,0,0,0,0,4.00E-05,6.00E-05,0,0,0,1.00E-04,0.00012,2.00E-04,0,0,0,0.00024,0.00086,0.001,0.00112,0,0,0.000008,0.000096,0.000296,3.48E-04,0.000472
Otu00749,0.09607648,2.95E-05,0.000246315,0.281134099,Bacteria,Firmicutes,Clostridia,Clostridiales,Ruminococcaceae,Ruminiclostridium_5,0,0,0,0,0.00022,0.00058,0.00054,0,0,0,0.00016,0.00054,0.00042,0.00102,0,0,0,0,0,0,0,0,0,0,0.00032,0.00062,0,0,0,0.00038,0.00066,0.00066,0.00126,0,0,0,0.000108,0.000284,3.96E-04,0.000688
Otu00761,0.32038545,0.000242481,0.001421187,0.567024888,Bacteria,Firmicutes,Clostridia,Clostridiales,Ruminococcaceae,Pygmaiobacter,0,0,0,0,2.00E-04,1.00E-04,0.00024,0,0,0,2.00E-04,7.00E-04,6.00E-04,0.00062,0,0,0.00018,0.00016,0,0,4.00E-05,0,0,0.00064,8.00E-04,0.00114,0,0,0,4.00E-05,0.00018,6.00E-05,0.00032,0,0.00001,0,0.000084,0.000376,3.12E-04,0.000464
Otu00766,0.397312192,0.000248502,0.001421187,0.639395435,Bacteria,Bacteroidetes,Bacteroidia,Bacteroidales,Rikenellaceae,Alistipes,0,0,0,0,0.00052,0,0,0,0,0,0,0.00076,0.00026,0.00062,0,0,0,0,0,0,0,0,0,8.00E-04,0.00032,0.00066,0,0,0,2.00E-04,0.00096,0.00106,0.00072,0,0,0,0.00004,0.000608,3.28E-04,0.0004
Otu00767,0.400524112,1.56E-05,0.000166217,0.641580291,Bacteria,Bacteroidetes,Bacteroidia,Bacteroidales,Rikenellaceae,Rikenella,0,0,0,0,0.00074,0.00046,0.00066,0.00028,0,8.00E-05,1.00E-04,0.00094,0.00066,0.00084,0,0,0,0,0,0,0,0,0,0.00044,0.00054,0.00054,0,0,0,0,6.00E-05,0.00012,0.00014,0.00007,0,0.000016,0.00002,0.000436,3.56E-04,0.000436
Otu00768,0.217339531,5.59E-06,0.00010995,0.453008902,Bacteria,Bacteroidetes,Bacteroidia,Bacteroidales,Rikenellaceae,Rikenella,0,0,0,0,0.00034,0.00036,4.00E-04,0,0,8.00E-05,0.00014,5.00E-04,7.00E-04,0.00054,0,0,0,0,0,0,0,0,0,3.00E-04,0.00068,0.00064,0,0,0,0,0.00022,2.00E-04,0.00016,0,0,0.000016,0.000028,0.000272,3.88E-04,0.000348
Otu00770,0.163666609,0.014606822,0.037575913,0.378751657,Bacteria,Firmicutes,Clostridia,Clostridiales,Ruminococcaceae,Ruminococcaceae_unclassified,0,0,0,0,6.00E-05,6.00E-05,0,0,0,0,2.00E-05,4.00E-05,0,6.00E-05,0,0,0,0,0,0,0,0,6.00E-05,0.00126,0.00116,0.0021,0,0,0,8.00E-05,4.00E-04,0.00056,0.00066,0,0,0,0.000032,0.000352,3.56E-04,0.000564
Otu00778,0.087547125,1.65E-06,6.70E-05,0.268741914,Bacteria,Firmicutes,Clostridia,Clostridiales,Ruminococcaceae,Ruminococcaceae_UCG-013,0,0,0,0,0.00044,0.00028,0.00048,0,0,0,8.00E-05,3.00E-04,0.00038,0.00038,0,0,0,0,0.00016,0,0,0,0,0.00018,0.00036,0.00098,0,0,0,6.00E-05,7.00E-04,0.00048,0.00098,0,0,0,0.000028,0.000324,3.32E-04,0.000564
Otu00781,0.088733295,0.000740585,0.003462737,0.270349914,Bacteria,Bacteroidetes,Bacteroidia,Bacteroidales,Rikenellaceae,Rikenellaceae_unclassified,0,0,0,0,0.00026,1.00E-04,0,0,0,0,0,0.00016,0,0.00028,0,0,0,0,0,0,0,0,0,0.00072,0.00052,0.00066,0,0,0,0,0.00048,4.00E-04,0.00014,0,0,0,0,0.000324,2.04E-04,0.000216
Otu00783,0.31240237,0.000893806,0.004023101,0.555431836,Bacteria,Proteobacteria,Alphaproteobacteria,Alphaproteobacteria_unclassified,Alphaproteobacteria_unclassified,Alphaproteobacteria_unclassified,0,0,0,0,0.00118,0.00088,0.00106,0,0,0,4.00E-05,1.00E-04,6.00E-05,1.00E-04,0,0,0,0,0,0,0,0,0,0.00058,7.00E-04,5.00E-04,0,8.00E-05,0,0,0.00024,0.00036,8.00E-05,0,0.00002,0,0.000008,0.00042,4.00E-04,0.000348
Otu00787,0.595557225,0.002871465,0.010295614,0.788003059,Bacteria,Verrucomicrobia,Verrucomicrobiae,Verrucomicrobiales,Akkermansiaceae,Akkermansia,6.00E-05,0,0,0,0.00048,0.00066,0.00072,0,0,0,0,0,0,0,0,0,0,0,0,0,0,0,0,0.00038,0.00044,0.00064,0,0,0,0.00028,0.0013,0.00118,0.00092,0.000015,0,0,0.000056,0.000432,4.56E-04,0.000456
Otu00790,0.331786806,0.007174464,0.021967829,0.577329218,Bacteria,Firmicutes,Clostridia,Clostridiales,Ruminococcaceae,GCA-900066225,0,0,0,0,0.00034,0.00016,0,0,0,0.00022,0.00044,0.00114,9.00E-04,0.00134,0,0,0,0,0,0,0,0,0,0,0,0,0,0,0,0.00014,0.00068,0.00046,0.00092,0,0,0.000044,0.000116,0.000432,3.04E-04,0.000452
Otu00794,0.075611557,2.76E-05,0.000239386,0.244619487,Bacteria,Firmicutes,Clostridia,Clostridiales,Ruminococcaceae,Ruminococcaceae_unclassified,0,0,0,0,0.00054,0.00068,0.0014,0,0,0,2.00E-05,3.00E-04,2.00E-04,0.00036,0,0,0,0,0,0,0,0,0,6.00E-05,0.00026,0.00024,0,0,0,0,6.00E-04,4.00E-04,0.00122,0,0,0,0.000004,0.0003,3.08E-04,0.000644
Otu00797,0.050981784,1.27E-05,0.000151089,0.212986203,Bacteria,Firmicutes,Clostridia,Clostridiales,Peptococcaceae,uncultured,0,0,0,0,3.00E-04,5.00E-04,0.00048,0,0,6.00E-05,8.00E-05,2.00E-04,0.00022,0.00036,0,0,0,0,0,0,0,0,0,0.00054,0.00062,7.00E-04,0,0,0,0.00022,0.00054,0.00042,0.00054,0,0,0.000012,0.00006,0.000316,3.52E-04,0.000416
Otu00800,0.093009475,0.002226803,0.008284666,0.279837203,Bacteria,Bacteroidetes,Bacteroidia,Bacteroidales,Rikenellaceae,Alistipes,0,0,0,0,0.00052,0.00054,0.00068,0,0,6.00E-05,0.00018,0.00028,5.00E-04,0.00048,0,0,0,0,0,0,0,0,0,0,0,0,0,0,0,4.00E-04,0.00144,0.00134,0.00098,0,0,0.000012,0.000116,0.000448,4.76E-04,0.000428
Otu00803,0.377421605,0.014356368,0.037069427,0.618848423,Bacteria,Bacteroidetes,Bacteroidia,Bacteroidales,Rikenellaceae,Alistipes,0,0,0,0,0.00024,0,0,0,0,0,0.00036,0.00064,0.00066,7.00E-04,0,0,0,0,0,0,0,0,0,0,0,0,0,0,0,0.00014,0.00044,4.00E-04,0.00034,0,0,0,0.0001,0.000264,2.12E-04,0.000208
Otu00806,0.106743973,9.54E-06,0.00013606,0.29591558,Bacteria,Firmicutes,Clostridia,Clostridiales,Lachnospiraceae,Lachnospiraceae_unclassified,0,0,0,0,0.00038,4.00E-04,0.00046,0,0,0,0.00018,0.00034,0.00044,0.00036,0,0,0,0,0,0,0,0,0,0.00028,0.00036,0.00046,0,0,0,0.00012,0.00076,6.00E-04,0.00144,0,0,0,0.00006,0.000352,3.60E-04,0.000544
Otu00807,0.451745706,0.00047504,0.002348057,0.682550281,Bacteria,Tenericutes,Mollicutes,Mollicutes_unclassified,Mollicutes_unclassified,Mollicutes_unclassified,0,0,0,0,0.00014,6.00E-05,0,0,0,6.00E-05,0.00014,0.00046,0.00044,0.00056,0,0,0,0,0,0,0,0,0,0.00062,5.00E-04,0.00052,0,0,0,2.00E-04,0.00118,0.00168,0.00066,0,0,0.000012,0.000068,0.00048,5.36E-04,0.000348
Otu00824,0.940088101,0.010819464,0.029588666,0.940088101,Bacteria,Firmicutes,Clostridia,Clostridiales,Ruminococcaceae,Ruminococcaceae_unclassified,0,0,0,0,0,0,0,0,0,1.00E-04,0.00028,6.00E-04,9.00E-04,0.00082,0,0,6.00E-05,0.00044,2.00E-04,0.00018,0,0,0,0.00024,0.00034,4.00E-04,0,0,0,0,0,0,0,0,0,0.00002,0.000068,0.000256,2.88E-04,0.00028
Otu00839,0.426317331,0.000427299,0.002190302,0.661460971,Bacteria,Firmicutes,Clostridia,Clostridiales,Ruminococcaceae,Ruminiclostridium_5,0,0,0,0,4.00E-05,6.00E-05,0,0,0,0.00012,0.00014,0.00076,0.00106,0.00072,0,0,0,0,0,0,0,0,0,0.00072,0.00076,0.0011,0,0,0,0,0.00036,0.00042,0.00064,0,0,0.000024,0.000028,0.000376,4.60E-04,0.000492
Otu00846,0.568605341,0.004600023,0.015509022,0.775339509,Bacteria,Bacteroidetes,Bacteroidia,Bacteroidales,Rikenellaceae,Rikenella,0,0,0,0,0.00024,1.00E-04,0.00042,0,0,0,0,0,0,0,0,0,0,0,0,0,0,0,0,0.00034,0.00036,0.00048,0,0,0,0.00032,5.00E-04,0.00058,0.00052,0,0,0,0.000064,0.000216,2.08E-04,0.000284
Otu00855,0.133386455,6.87E-07,4.28E-05,0.335648826,Bacteria,Firmicutes,Clostridia,Clostridiales,Ruminococcaceae,Ruminococcaceae_unclassified,0,0,0,0,0.00034,0.00032,6.00E-04,0,0,0,0.00012,0.00034,0.00028,0.00048,0,0,0,0,5.00E-04,0,0,0,0,0.00024,0.00056,0.00048,0,0,0,1.00E-04,0.00032,0.00036,0.00028,0,0,0,0.000044,0.000248,4.04E-04,0.000368
Otu00856,0.067844223,0.000149021,0.000937477,0.229209383,Bacteria,Bacteroidetes,Bacteroidia,Bacteroidales,Rikenellaceae,Rikenella,0,0,0,0,0.00058,5.00E-04,0.00056,0,0,0,0,4.00E-04,0.00052,0.00068,0,0,0,0,0,0,0,0,0,0.00016,6.00E-05,0,0,0,0,4.00E-05,0.00014,0.00024,0.00032,0,0,0,0.000008,0.000256,2.64E-04,0.000312
Otu00872,0.436322635,0.010564211,0.029359172,0.670967252,Bacteria,Firmicutes,Clostridia,Clostridiales,Ruminococcaceae,Ruminococcaceae_unclassified,0,0,0,0,0,0,0,0.00044,0,4.00E-05,0,0.00046,4.00E-04,0.00098,0,0,0,0,0,0,0,0,0,0.00054,0.00114,0.0012,0,0,0,0,8.00E-05,6.00E-05,1.00E-04,0.00011,0,0.000008,0,0.000216,3.20E-04,0.000456
Otu00878,0.059680394,0.000398094,0.002121053,0.21732239,Bacteria,Bacteroidetes,Bacteroidia,Bacteroidales,Rikenellaceae,Alistipes,0,0,0,0,0.00038,0.00068,0.00166,0,0,0,2.00E-04,5.00E-04,0.00074,0.00044,0,0,0,0,0,0,0,0,0,0,0,0.00016,0,0,0,0,5.00E-04,0.00084,0.00056,0,0,0,0.00004,0.000276,4.52E-04,0.000564
Otu00882,0.285387771,7.02E-05,0.000482329,0.53151985,Bacteria,Firmicutes,Clostridia,Clostridiales,Ruminococcaceae,Ruminococcaceae_unclassified,0,0,0,0,0.00012,0.00014,0.00012,0,0,0,0.00016,0.00032,0.00038,0.00044,0,0,0,0,0,0,0,0,0,0.00052,0.00062,0.0011,0,0,0,3.00E-04,0.00086,0.00054,0.00116,0,0,0,0.000092,0.000364,3.36E-04,0.000564
Otu00906,0.522755511,0.016783275,0.042232822,0.743136341,Bacteria,Bacteroidetes,Bacteroidia,Bacteroidales,Rikenellaceae,Alistipes,0,0,0,0,0,0,0,0,0,0.00016,1.00E-04,0.00038,6.00E-04,0.00094,0,0,0,0,0,0,0,0,0,0.00074,0.00072,6.00E-04,0,0,0,0,0.00026,0.00022,0,0,0,0.000032,0.00002,0.000276,3.08E-04,0.000308
Otu00908,0.05801675,1.46E-05,0.00016277,0.214959981,Bacteria,Firmicutes,Clostridia,Clostridiales,Ruminococcaceae,Ruminococcaceae_UCG-013,0,0,0,0,2.00E-04,0.00024,0.00052,0,0,0,4.00E-05,0.00026,1.00E-04,0.00028,0,0,0,0,0,0,0,0,0,0.00044,0.00076,0.00128,0,0,0,0,0.00056,0.00028,0.00036,0,0,0,0.000008,0.000292,2.76E-04,0.000488
Otu00929,0.041014157,0.005841622,0.018714825,0.21164498,Bacteria,Bacteroidetes,Bacteroidia,Bacteroidales,Rikenellaceae,Rikenella,0,0,0,0,0,0,0,0,0,0,4.00E-05,0,0.00016,0.00016,2.00E-04,0,0,6.00E-04,0.00102,0.00144,0,0,0,1.00E-04,4.00E-04,0.00018,0,0,0,0,0,1.00E-04,2.00E-05,0.00005,0,0,0.000008,0.00014,3.36E-04,0.00036
Otu00935,0.672322573,0.008228639,0.024258117,0.817657681,Bacteria,Bacteroidetes,Bacteroidia,Bacteroidales,Rikenellaceae,Alistipes,0,0,0,0,0.00046,0.00046,0,0.00026,0,0,0.00024,0.00066,0.00076,0.00056,0,0,0,0,0,0,0,0,0,0.00038,2.00E-04,0.00024,0,0,0,0,0,0,0,0.000065,0,0,0.000048,0.0003,2.84E-04,0.00016
Otu00958,0.647335446,0.006376326,0.020056443,0.803850633,Bacteria,Proteobacteria,Alphaproteobacteria,Rhodospirillales,uncultured,uncultured_ge,0,0,0,0,4.00E-05,0,0,0,0,2.00E-05,2.00E-05,0.00014,0.00026,8.00E-05,0,0,0,0,0,0,0,0,0,0.00028,0.00016,2.00E-04,0,0,0,0.00026,0.00108,0.00116,0.00064,0,0,0.000004,0.000056,0.000308,3.16E-04,0.000184
Otu00961,0.073961361,0.000178999,0.001096171,0.241421047,Bacteria,Bacteroidetes,Bacteroidia,Bacteroidales,Rikenellaceae,Alistipes,0,0,0,0,0.00046,0.00026,0.00058,0,0,0,0.00012,0.00024,0.00044,0,0,0,0,0,0,0,0,0,0,0.00152,0.00082,0.001,0,0,0,0,0.00066,0.00044,0.00036,0,0,0,0.000024,0.000576,3.92E-04,0.000388
Otu00965,0.300249727,0.006852622,0.021264638,0.5438104,Bacteria,Verrucomicrobia,Verrucomicrobiae,Verrucomicrobiales,Akkermansiaceae,Akkermansia,0,0,0,0,0,0,0,0,0,0,8.00E-05,0.00052,0.00026,0.00048,0.00042,0,0.00028,0.00112,0.00072,0.00052,0,0,0,0,0,0,0,0,0,0.00028,0.00048,0.00046,0.00076,0.000105,0,0,0.000128,0.000424,2.88E-04,0.000352
Otu00969,0.056610331,0.006478597,0.020285924,0.214959981,Bacteria,Lentisphaerae,Lentisphaeria,Victivallales,Victivallaceae,Victivallaceae_ge,0,0,0,0,0.00026,0.00016,0,0,0,0,0,0,0,0,0,0,0,0.00016,0,0,0,0,0.00012,0.00158,0.00132,0.00136,0,0,0,0,0.00028,0.00028,1.00E-04,0,0,0,0.000024,0.000456,3.52E-04,0.000292
Otu00979,0.057387133,0.004222149,0.014392744,0.214959981,Bacteria,Firmicutes,Clostridia,Clostridiales,Ruminococcaceae,Ruminococcaceae_UCG-014,0,0,0,0,8.00E-05,0.00018,0,0,0,0,2.00E-05,0.00018,0.00014,0.00026,0,0,0,0,0,0,0,0,0,0.00086,0.0011,0.00192,0,0,0,0,0.00012,0.00014,1.00E-04,0,0,0,0.000004,0.000248,3.12E-04,0.000456
Otu00980,0.578573931,0.008455667,0.024689121,0.779636788,Bacteria,Bacteroidetes,Bacteroidia,Bacteroidales,Rikenellaceae,Alistipes,0,0,0,0,8.00E-05,1.00E-04,0,0,0,0,2.00E-05,0.00016,0.00022,0.00028,0,0,0,0,0,0,0,0,0,0.00016,1.00E-04,0,0,0,0,0.00068,0.00138,0.00104,0.00122,0,0,0,0.00014,0.000356,2.92E-04,0.0003
Otu00993,0.355189464,0.003186023,0.011248613,0.596580362,Bacteria,Firmicutes,Clostridia,Clostridiales,Ruminococcaceae,Ruminococcaceae_unclassified,0,0,5.00E-04,9.00E-04,4.00E-05,8.00E-05,0,0,0,1.00E-04,6.00E-05,0,0,0,0,0,0,0,0,0,0,0.00042,0.00072,0,0,0,0,0,0,0.00294,0,0,0,0,0,0.000204,0.000924,0.000008,1.60E-05,0
Otu01004,0.645066337,0.002148765,0.008081226,0.803850633,Bacteria,Firmicutes,Erysipelotrichia,Erysipelotrichales,Erysipelotrichaceae,Turicibacter,0.00084,0.00054,0.00094,7.00E-04,0.00024,0.00048,0,0,0.00114,0.00044,0.00014,0,0,0,0,0,0,0,0,0,0.00086,0,0,0,0,0,0,0.00032,0,0.00018,0,0,0,0.00021,0.000715,0.000276,0.000204,0.000048,9.60E-05,0
Otu01011,0.033938968,0.006903271,0.021326177,0.21164498,Bacteria,Bacteroidetes,Bacteroidia,Bacteroidales,Rikenellaceae,Rikenella,0,0,0,0,1.00E-04,0.00018,0,0,0,0,0,2.00E-04,0.00016,0.00016,0,0,0,0,0,0,0,0,0.00016,0.0018,0.00132,0.00104,0,0,0,0,0,0.00024,0,0,0,0,0.000032,0.00042,3.80E-04,0.00024
Otu01021,0.180994498,0.00235187,0.008656883,0.401436514,Bacteria,Bacteroidetes,Bacteroidia,Bacteroidales,Rikenellaceae,Rikenella,0,0,0,0,0.00078,0.00064,0.00068,0.00044,0,0.00016,0.00014,0.00056,6.00E-04,0.00044,0,0,0,0,0,0,0,0,0,4.00E-05,0,0,0,0,0,0,0.00034,0.00028,0.00024,0.00011,0,0.000032,0.000028,0.000344,3.04E-04,0.000272
Otu01028,0.638979645,0.010756905,0.029544679,0.803850633,Bacteria,Bacteroidetes,Bacteroidia,Bacteroidales,Rikenellaceae,Alistipes,0,0,0,0,0.00038,0,0.00046,0,0,0,0,0,0,0,0,0,0,0,0,0,0,0,0,0.00044,0.00028,3.00E-04,0,0,0,0.00026,0.00062,8.00E-04,8.00E-04,0,0,0,0.000052,0.000288,2.16E-04,0.000312
Otu01030,0.441026285,0.001476942,0.006083594,0.672130069,Bacteria,Firmicutes,Clostridia,Clostridiales,Ruminococcaceae,Ruminococcaceae_unclassified,0,0,0,0,0.00012,0,0,0,0,0,0.00018,0.00042,5.00E-04,5.00E-04,0,0,0,0,0,0,0,0,0,0.00022,0.00066,0.00036,0,0,0,0,0.00014,0.00024,0.00026,0,0,0,0.000036,0.00018,2.80E-04,0.000224
Otu01040,0.402833505,0.001560475,0.00635205,0.642027728,Bacteria,Proteobacteria,Alphaproteobacteria,Rhodospirillales,uncultured,uncultured_ge,0,0,0,0,0.00036,5.00E-04,0.00074,0,0,0,0,0,0,0,0,0,0,0,0,0,0,0,0,8.00E-04,0.00072,0.00052,0,0,0,0,0.00072,0.00034,0.00044,0,0,0,0,0.000376,3.12E-04,0.00034
Otu01053,0.477928923,0.007276773,0.022182937,0.712352029,Bacteria,Firmicutes,Clostridia,Clostridiales,Lachnospiraceae,Lachnospiraceae_unclassified,0,0,0,0,0.00056,0.00034,5.00E-04,0.00028,0,0.00014,0.00014,0.00056,6.00E-04,0.00074,0,0,0,0,0,0,0,0,0,0,0,4.00E-05,0,0,0,0,0,0,0.00024,0.00007,0,0.000028,0.000028,0.000224,1.88E-04,0.000304
Otu01068,0.194201132,0.001253136,0.005352904,0.416059392,Bacteria,Firmicutes,Clostridia,Clostridiales,Family_XIII,Anaerovorax,0,0,0,0,0.00018,0.00024,5.00E-04,0,0,6.00E-05,8.00E-05,0,0,0.00026,0,0,0,0,0,0,0,0,0,3.00E-04,0.00076,0.00056,0,0,0,6.00E-05,0.00046,0.00046,0.00076,0,0,0.000012,0.000028,0.000188,2.92E-04,0.000416
Otu01081,0.349515345,0.006364485,0.020056443,0.589913705,Bacteria,Synergistetes,Synergistia,Synergistales,Synergistaceae,Synergistaceae_unclassified,0,0,0,0,8.00E-05,8.00E-05,6.00E-05,0,0,2.00E-05,3.00E-04,0.00062,0.00096,0.00144,0,0,0,0,0,0,0,0,0,0,0,0,0,0,0,6.00E-05,0.00048,0.00032,5.00E-04,0,0,0.000004,0.000072,0.000236,2.72E-04,0.0004
Otu01089,0.156031335,0.001905509,0.007492113,0.366012488,Bacteria,Verrucomicrobia,Verrucomicrobiae,Opitutales,Puniceicoccaceae,Puniceicoccaceae_unclassified,0,0,0,4.00E-05,8.00E-05,0.00012,0,0,0,6.00E-05,0.00014,8.00E-05,0.00026,0.00032,0,0,0,4.00E-05,0,0,0,0,0,0.00054,0.00056,0.00068,0,0,0,1.00E-04,0.00026,0.00024,6.00E-05,0,0,0.000012,0.000056,0.0002,2.36E-04,0.000212
Otu01166,0.283972361,0.00326991,0.01148618,0.531105064,Bacteria,Tenericutes,Mollicutes,Mollicutes_unclassified,Mollicutes_unclassified,Mollicutes_unclassified,0,0,0,0,0.00026,0.00012,0.00018,0,0,0,0,0,0,0,0,0,0,0,0,0,0,0,0,0.00078,0.00058,0.00066,0,0,0,0,0.00032,0.00064,0.00024,0,0,0,0,0.000272,2.68E-04,0.000216
Otu01176,0.129280917,0.018470879,0.045649458,0.329306033,Bacteria,Firmicutes,Clostridia,Clostridiales,Ruminococcaceae,GCA-900066225,0,0,0,0,0,0,0,0,0,0,0,0,4.00E-04,0.00064,0,0,0,0,0,0,0,0,0,5.00E-04,7.00E-04,0.00138,0,0,0,0,0,0,0.00026,0,0,0,0,0.0001,2.20E-04,0.000456
Otu01233,0.404054306,0.000343465,0.001901424,0.642027728,Bacteria,Firmicutes,Clostridia,Clostridiales,Clostridiales_unclassified,Clostridiales_unclassified,0,0,0,0,8.00E-05,0,0,0,0,0,1.00E-04,3.00E-04,0.00026,5.00E-04,0,0,0,4.00E-05,0,0,0,0,0,0.00034,0.00052,0.00052,0,0,0,0,0.00024,0.00018,0.00034,0,0,0,0.00002,0.0002,1.92E-04,0.000272
Otu01409,0.235325294,0.007633978,0.023169792,0.470650587,Bacteria,Bacteroidetes,Bacteroidia,Bacteroidales,Rikenellaceae,Rikenella,0,0,0,0,0.00032,0.00014,0,0,0,0,6.00E-05,2.00E-04,2.00E-04,0.00024,0,0,0,0,0,0,0,0,0,0,0,0,0,0,0,0.00012,0.00052,6.00E-04,0.00064,0,0,0,0.000036,0.000208,1.88E-04,0.000176
