"","V1"
"aov.tab",list(Df = c(7, 2, 11, 16, 36), SumsOfSqs = c(3.33182361518057, 1.1885033391718, 1.10636983496562, 1.16449041856533, 6.79118720788332), MeanSqs = c(0.475974802168654, 0.594251669585898, 0.100579075905966, 0.0727806511603333, NA), F.Model = c(6.53985358169024, 8.16496775051904, 1.38194800819236, NA, NA), R2 = c(0.490609890905811, 0.175006711314358, 0.162912580834368, 0.171470816945463, 1), `Pr(>F)` = c(0.001, 0.001, 0.115, NA, NA))
"call",adonis(formula = weighted.unifrac.F4.F8.dist ~ Gut_SubSection * Species, data = metadata.fish.F4.F8.unifrac, permutations = 999, strata = metadata.fish.F4.F8.unifrac$Fish_Number, by = "margin")
"coefficients",NULL
"coef.sites",c(0.605810631944444, -0.174346965277779, -0.0637910208333329, -0.374698854166667, 0.0322409236111112, 0.0621403680555558, 0.174695368055556, 0.149523145833334, -0.00164884027777833, 0.100179222222223, -0.261087159722225, 0.165610229166667, -0.238290270833333, 0.145295284722223, 0.122951840277778, 0.0549098402777783, 0.00794906250000036, 0.0590481111111126, NA, NA, 0.0103092222222218, 0.0085557777777775, -0.0503502222222226, NA, 0.662792895833334, 0.101466548611115, -0.057057062500001, -0.1729385625, 
-0.0900900069444451, -0.0242207847222227, 0.0834557708333328, 0.0636384374999994, 0.0998591458333346, 0.0612066666666659, 0.00343507638889584, -0.0121299791666676, 0.0615081875000001, 0.0973119652777765, 0.0391227430555542, -0.0313198125000014, -0.0810304791666674, -0.0521821111111144, NA, NA, 0.0874714444444453, 0.0500082222222231, -0.0418463333333325, NA, 0.640759222222222, 0.108340666666666, -0.0404336666666667, -0.207240333333333, -0.0940605555555555, -0.0273998888888887, 0.0894710000000001, 
0.0672826666666668, 0.0913340277777777, 0.0657381111111112, 0.00722908333333239, 0.00486041666666675, -0.0112839166666667, 0.104639305555556, 0.054469638888889, -0.0219972499999998, -0.0699809166666666, -0.0543579999999995, NA, NA, 0.093327222222222, 0.0540275555555556, -0.0463803333333335, NA, 0.621703173611111, 0.1518189375, -0.0287332291666667, -0.129840395833333, -0.104057395833333, -0.0745408402777776, 0.0581210486111111, 0.0425516041666668, 0.0984842013888888, 0.0557032222222223, 0.00290302083333231, 
-0.0317471458333331, 0.0386256874999999, 0.0797940208333336, 0.0675284652777779, -0.0186554236111109, -0.0668089791666665, -0.0406243333333329, NA, NA, 0.0586399999999999, 0.0551544444444444, -0.0417484444444446, NA, 0.535977194444444, 0.271577694444444, 0.0539825833333335, 0.0899559166666665, 0.080576027777778, -0.0381015277777777, -0.174823638888889, -0.157517083333333, 0.106956097222222, -0.00131611111111098, 0.0826263472222207, -0.111135875, -0.0607352083333334, -0.0325403194444442, -0.0778237638888886, 
0.0790903472222226, 0.0708427916666668, -0.00441777777777709, NA, NA, -0.0185011111111112, 0.0314484444444443, -0.00553444444444467, NA, 0.507251597222222, 0.102345069444443, 0.0774499583333337, -0.00843170833333353, 0.0995252916666669, -0.0145837083333331, -0.0942839305555553, -0.106516708333333, 0.0455865694444439, 0.0465561111111114, -0.186352569444447, -0.0416591249999996, -0.125539791666667, 0.0452165416666672, -0.00214945833333274, 0.11130476388889, 0.108397541666667, 0.115925222222224, NA, 
NA, -0.0533990000000004, -0.00699000000000033, -0.0334437777777781, NA, 0.564299715277778, 0.278930062499999, 0.0543048958333337, 0.0903327291666666, 0.114486951388889, -0.0059746041666665, -0.1787899375, -0.178887270833333, 0.117974284722222, -0.0239304444444443, 0.138981270833331, -0.104758895833333, -0.0752890624999999, -0.0317089513888884, -0.094941395833333, 0.0481029375000006, 0.0473082708333336, -0.0278233333333323, NA, NA, -0.0208752222222224, 0.0370303333333331, -0.00667233333333367, NA, 
0.677962159722222, -0.689837715277778, 0.0719365624999996, -0.2004349375, 0.137494618055556, 0.138336284722222, 0.186422173611111, 0.1647680625, -0.0928466180555555, 0.0671597777777778, -0.554430159722222, 0.170133895833334, -0.2109389375, 0.159095840277777, 0.139118173611111, 0.124911284722222, 0.0761433958333331, 0.193473777777778, NA, NA, -0.0787905555555554, -0.0591142222222221, -0.041068111111111, NA, 0.598488229166666, -0.23560611805556, -0.146155395833332, -0.132615229166667, 0.0569731041666673, 
0.0591761041666674, 0.133118104166667, 0.113332770833334, -0.0314450208333349, 0.100478000000001, -0.404418090277786, 0.139682187500001, -0.0493383125000001, 0.105822687500001, 0.0823686875000017, 0.0732366875000017, 0.0259710208333342, 0.169261888888893, NA, NA, -0.0621853333333343, -0.0424703333333344, -0.0423793333333344, NA, 0.613599625, 0.0992682638888867, -0.0648649583333326, -0.181268291666667, -0.0774772916666665, -0.0449097361111108, 0.0848893750000003, 0.0656407083333337, 0.0988753749999993, 
0.0534186666666671, 0.01505006944444, 0.00375695833333382, 0.0413809583333332, 0.0569542916666677, 0.054983736111112, -0.0187753749999992, -0.0702637083333328, -0.0394205555555534, NA, NA, 0.0568309999999994, 0.051887444444444, -0.0453496666666672, NA, 0.607886229166667, 0.0534701041666692, 0.00525760416666603, -0.0344972291666667, -0.108977784722223, -0.0655170069444448, 0.0532439930555552, 0.0286847708333329, 0.0850592708333342, 0.0592769999999996, -0.158442270833329, -0.0340481041666673, 0.0733513958333334, 
0.140118284722221, 0.0705085069444435, 0.0117515069444435, -0.0550402708333339, 0.0486266666666644, NA, NA, 0.0318695555555561, 0.0156867777777785, -0.0499492222222217, NA, 0.528275791666666, 0.0536777638888873, 0.0325675416666671, -0.0508217916666667, 0.0161635416666669, -0.0715712361111109, -0.00343679166666643, -0.0145047916666664, 0.0489712916666661, 0.0612760000000003, -0.127280513888892, -0.00691162499999964, -0.0433349583333334, 0.0704143750000005, 0.0526921527777784, 0.0413977083333339, 0.00901670833333369, 
0.0735354444444459, NA, NA, -0.0375783333333337, 0.0236704444444441, -0.0366020000000004, NA, 0.536334854166667, 0.249579923611111, 0.0674506458333336, 0.141840479166667, 0.0780074791666668, -0.0572374097222223, -0.176805965277778, -0.159198520833333, 0.0738222291666665, 0.0159886666666668, 0.0708846597222215, -0.122641729166667, -0.0247535625, -0.0282645624999998, -0.097621673611111, 0.0562108819444447, 0.0717844375000001, -0.00234844444444408, NA, NA, -0.036727, 0.0205708888888888, 0.0193164444444444, 
NA, 0.54136375, 0.26532025, 0.0694139166666667, 0.164891583333333, 0.0871918055555556, -0.0519763055555556, -0.189623305555555, -0.181491416666667, 0.0805990833333333, 0.0069586666666667, 0.0884045833333328, -0.12988175, -0.0147714166666666, -0.0387236388888889, -0.114809527777778, 0.0509244722222223, 0.0843855833333335, -0.00879366666666646, NA, NA, -0.0300522222222222, 0.0305088888888888, 0.0108138888888888, NA, 0.561050444444445, 0.333555111111111, 0.0542723333333335, 0.180577666666667, 0.0674484444444445, 
-0.0740445555555556, -0.195698666666667, -0.178837333333333, 0.0903833472222222, -0.0090301111111111, 0.209182430555555, -0.154969125, -0.00253445833333333, -0.0636102361111112, -0.133281236111111, 0.019318875, 0.0601165416666668, -0.0633644444444443, NA, NA, -0.0247277777777777, 0.0352902222222221, 0.0299263333333333, NA, 0.546159972222222, -0.286775083333336, 0.0384809166666673, -0.0769554166666667, 0.0877931388888893, 0.0265265833333337, 0.0650730277777781, 0.0543485833333339, -0.0335026805555565, 
0.086992444444445, -0.261276541666672, 0.0663787916666673, -0.133494208333333, 0.0811475694444453, 0.052360125000001, 0.0874446805555565, 0.0526211250000006, 0.122392666666669, NA, NA, -0.0526525555555561, -0.0174380000000007, -0.0341074444444451, NA, 0.545076770833333, 0.0731927847222203, -0.170760937499999, 0.0241545624999999, 0.0649647847222225, 0.00496500694444475, -0.0074661041666665, 0.00631356250000036, -0.202901062500001, 0.125720666666667, -0.107166826388893, -0.171414770833333, 0.0165227291666666, 
0.0951865069444451, 0.058015284722223, 0.0465393958333341, 0.0530937291666672, 0.0994957777777796, NA, NA, -0.0710462222222226, -0.0394674444444449, -0.00915233333333381, NA, 0.672029715277777, 0.191481618055554, -0.00308577083333284, 0.0181743958333331, -0.219754048611111, -0.0682813819444443, 0.017484840277778, 0.0235653958333335, -0.112597423611112, 0.0784608888888891, 0.210286423611109, -0.054019520833333, 0.0122713124999998, -0.339678243055555, 0.0346020902777783, 0.058012868055556, 0.0455343125000002, 
-0.0757042222222211, NA, NA, 0.129497444444444, -0.0453292222222225, -0.0130694444444447, NA, 0.578666479166667, 0.263703965277777, 0.0416513541666671, 0.104734520833333, 0.038653076388889, -0.195141701388889, -0.117118479166667, -0.0675154791666665, -0.134606479166667, 0.0875490000000002, 0.234970034722221, -0.0805553541666666, 0.00221947916666666, 0.0430399236111113, -0.248918298611111, -0.033476520833333, 0.0581024791666669, -0.0724454444444438, NA, NA, -0.0718525555555557, 0.0888912222222221, 
0.0400589999999998, NA, 0.591832534722222, 0.3254876875, 0.0390785208333333, 0.164021354166667, 0.103373576388889, -0.0772805347222222, -0.245469090277778, -0.137543645833333, -0.144360118055556, 0.0717711111111111, 0.303305895833333, -0.1053019375, 0.0403765625, 0.0840840069444444, -0.0767268819444444, -0.202003326388889, 0.00819222916666671, -0.0937303333333332, NA, NA, -0.0811792222222222, 0.0181568888888889, 0.107574444444444, NA, 0.472505006944444, -0.443428784722223, 0.208637604166667, 0.0569607708333333, 
0.181502326388889, 0.0801338819444445, 0.0156402152777776, -0.0873502291666666, -0.392747965277778, 0.222301222222222, -1.10995659027778, 0.113188354166667, -0.019841145833333, 0.367272631944444, 0.274756076388889, 0.222723743055556, 0.00759318750000015, 0.588152555555556, NA, NA, -0.242659555555556, -0.171862111111111, -0.115747444444444, NA, 0.557464625, 0.10366648611111, 0.0692383750000002, 0.118724375, 0.124911597222222, 0.00216315277777779, -0.118838513888889, -0.116754625, -0.226803416666667, 
0.118649, -0.0888133611111123, -0.0438635833333332, 0.0260017500000001, 0.177265194444444, 0.0668866388888892, 0.0120553055555558, -0.0019815833333331, 0.0965948888888895, NA, NA, -0.119072222222222, -0.047606777777778, -0.0141891111111113, NA, 0.573608527777777, -0.278535527777781, 0.0434745833333346, -0.690047083333334, 0.125653583333334, 0.141779583333334, 0.225053027777778, 0.197783916666667, -0.142476569444446, 0.116438555555556, -0.462625097222228, 0.220345458333334, -0.590797541666667, 0.211879458333334, 
0.198038458333335, 0.17144001388889, 0.122851125000001, 0.215025444444447, NA, NA, -0.0803366666666674, -0.0636636666666673, -0.0494691111111118, NA, 0.530253694444444, -0.557407361111112, 0.178700083333333, 0.164091416666667, -0.0976096944444442, -0.0636734722222222, 0.118535972222222, 0.112139416666667, -0.157954152777778, 0.0410188888888891, -1.47487984722222, 0.113716375, 0.142627041666667, 0.385544152777778, 0.324389930555556, 0.194962486111111, 0.149210041666667, 0.823999777777779, NA, NA, 
-0.473662888888889, -0.307432111111112, -0.0455905555555556, NA, 0.522946958333333, -0.401265402777778, 0.174052708333333, 0.230058041666667, -0.0219445138888888, -0.156101958333334, 0.0426331527777777, 0.0545160416666666, -0.118023625, 0.015158, -1.22752559722222, 0.0573189583333333, 0.156904958333334, 0.253901180555555, 0.311143625, 0.156923513888889, 0.143638625, 0.715038444444444, NA, NA, -0.315993444444444, -0.382003, -0.027701111111111, NA, 0.695772104166667, 0.890938784722223, -0.0834519374999999, 
0.4217995625, 0.00428156250000007, -0.122215659722222, -0.4105984375, -0.3490804375, 0.3637293125, -0.251940666666667, 1.13700313194444, -0.321870479166667, 0.245532020833333, -0.308876979166666, -0.348129756944445, -0.123193979166667, -0.115721979166667, -0.445894222222223, NA, NA, 0.196105, 0.231421222222222, -0.033233, NA, 0.760964493055555, 1.22764972916667, -0.160837104166667, 0.449737729166667, -0.0331212708333335, -0.161392381944445, -0.442236159722222, -0.438093270833334, 0.484408131944445, 
-0.322871222222223, 1.78664097916667, -0.407424520833333, 0.265465312499999, -0.438195354166666, -0.485280243055556, -0.277076465277778, -0.199823354166667, -0.763605000000001, NA, NA, 0.27844, 0.315920111111111, 0.098893888888889, NA, 0.755693013888889, 1.07831054166667, -0.122434791666667, 0.439436541666667, -0.0107365694444446, -0.131819347222223, -0.408292458333333, -0.397155458333334, 0.432729319444445, -0.291800555555556, 1.50682779166667, -0.370383541666667, 0.259031125, -0.382174763888889, 
-0.444006986111112, -0.239015875, -0.166439875, -0.632344000000001, NA, NA, 0.266026111111111, 0.294742888888889, 0.0881590000000002, NA, 0.678262666666667, -0.846599555555556, 0.0885186666666665, -0.102844666666667, 0.149966222222222, 0.153860222222222, 0.190734222222222, 0.172756333333334, -0.105001541666667, 0.0511190000000001, -0.669642569444445, 0.181706208333333, -0.119840458333333, 0.143040652777778, 0.130352652777778, 0.131365652777778, 0.0935125416666666, 0.117217888888889, NA, NA, -0.041482888888889, 
-0.0313638888888889, -0.0312398888888889, NA, 0.594469812499999, -0.258653923611115, -0.118801645833332, -0.340644479166667, 0.0807909652777783, 0.094512520833334, 0.185694743055556, 0.158903520833334, -0.0738127291666682, 0.116859666666668, -0.536757826388897, 0.200326562500001, -0.203967270833333, 0.15831495138889, 0.130780395833335, 0.112889173611113, 0.0676613958333342, 0.240884444444448, NA, NA, -0.0978964444444454, -0.070561000000001, -0.0498582222222232, NA, 0.592220124999999, -0.177436791666673, 
-0.0720621249999986, -0.241009125, 0.0192394305555566, 0.0396340972222233, 0.145474652777779, 0.125413875000001, -0.057124041666669, 0.113169000000001, -0.47813529166668, 0.0818010416666686, -0.0190592916666669, 0.120046486111114, 0.109883819444447, 0.0902512638888913, 0.0456390416666681, 0.219320666666673, NA, NA, -0.0864215555555571, -0.0719092222222238, -0.0422777777777793, NA, 0.651003597222222, 0.250175736111113, -0.0419517083333338, -0.0339340416666668, -0.172702375, -0.104463375, 0.0261077361111109, 
0.025273958333333, 0.106231027777778, 0.0322794444444441, 0.193366305555559, -0.0867129166666671, 0.10330475, 0.0384887499999994, -0.0303022500000006, -0.0461793611111118, -0.0789705833333337, -0.121537777777779, NA, NA, 0.106694333333334, 0.0686033333333338, -0.0263257777777773, NA, 0.582219708333333, 0.277404402777779, 0.0246542916666663, 0.146627958333333, -0.0860163750000001, -0.186229486111111, -0.0828257083333334, -0.0610490416666668, 0.0856518750000005, 0.00601033333333308, 0.0741120138888913, 
-0.129112875, 0.111042125, 0.00423179166666622, 0.0186429027777774, -0.0227738750000005, -0.0139365416666669, -0.00995044444444563, NA, NA, -0.00266666666666638, 0.0200384444444448, -0.013267333333333, NA, 0.630892166666667, 0.666483388888888, -0.017475833333333, 0.274292833333333, 0.0358173888888891, -0.0867490555555557, -0.314932611111111, -0.279259166666667, 0.234874833333333, -0.11578, 0.75736261111111, -0.256825166666666, 0.0778911666666664, -0.216330388888888, -0.255254944444444, -0.0474523888888886, 
-0.010662833333333, -0.314710555555555, NA, NA, 0.107789444444444, 0.145641888888889, 0.0401194444444443, NA, 0.597072743055555, 0.512494034722222, 0.0123473125000001, 0.2465588125, 0.0568982569444446, -0.0707226319444444, -0.272230409722222, -0.2492381875, 0.177690673611111, -0.0784835555555555, 0.469952215277777, -0.210803729166666, 0.0505544374999999, -0.147080673611111, -0.195004784722222, 0.000400993055555853, 0.0389237708333335, -0.173843222222222, NA, NA, 0.0494715555555554, 0.103114444444444, 
0.00992322222222204, NA, 0.636328534722222, 0.595189020833333, 0.0100231875000002, 0.2855076875, 0.0616726875, -0.0778308680555557, -0.296739423611111, -0.2723473125, 0.191382506944444, -0.103619222222222, 0.645151270833333, -0.227793229166667, 0.0618152708333332, -0.182752729166667, -0.224974173611111, -0.0711066180555555, -0.00534472916666663, -0.253446333333333, NA, NA, 0.052787, 0.0969625555555556, 0.059228111111111, NA, 0.650434145833333, -0.282522812500002, 0.0157876875000006, -0.1305738125, 
0.056160854166667, 0.0532877430555559, 0.100396409722223, 0.0789111875000004, -0.0480001458333341, 0.0853876666666671, -0.231680187500004, 0.0464383125000005, -0.1086031875, 0.0672981458333341, 0.0708742569444452, 0.0765465902777785, 0.0369818125000005, 0.143084000000002, NA, NA, -0.0421166666666671, -0.044591555555556, -0.0393722222222226, NA)
"f.perms",c(1.12740716471517, 0.858947874792944, 0.589935981876063, 1.21089091686219, 0.568952401888796, 1.5329123994557, 0.978261258839326, 1.18615370998332, 1.18683130722515, 0.909913225117692, 1.21057603598251, 1.51311598197282, 0.878224303520265, 0.799907988976361, 1.43611180444569, 1.00419284971912, 0.875628116015192, 0.644058656917778, 0.882164273282029, 1.14248355381027, 1.38103291666756, 1.32556611122883, 1.40206146159851, 1.82967802454194, 1.29576952748229, 0.935876339131026, 0.98376195406341, 0.748395446978518, 
1.02106536992403, 0.827055914907555, 1.64907624586665, 1.91742910815071, 1.23321786896483, 1.70106498229258, 1.02769198995649, 2.03455543094359, 1.28458024816615, 1.00654342329618, 0.962225670653699, 0.872604148943881, 0.736403037219244, 0.668332069968003, 1.09520863878521, 1.1363807251858, 1.01646917629757, 1.09047224600417, 1.15583005908138, 0.961558404212114, 1.08635700032048, 1.60617975221384, 1.38883813199315, 1.16295452496084, 1.00147211423634, 0.921660533659936, 1.05949383011999, 0.761693688811768, 
1.23822667669268, 1.80200719376905, 0.777263176411831, 0.885327288279021, 1.24727033194097, 0.758416353636524, 1.04536845399031, 0.876926778378904, 1.08979118834027, 1.43125571937421, 1.66521529984927, 0.854331785369165, 1.02260303606748, 0.980710148842142, 1.14010220583018, 0.925546555638935, 0.990483556388332, 1.47285718246272, 0.901232879023634, 0.887476074016244, 0.972681631064224, 0.827332477201764, 1.695511559286, 0.937188506106421, 1.90184609584308, 1.20489532344228, 1.29537464175646, 0.815159901106684, 
1.29619710327176, 2.08040530096498, 1.18009953289161, 0.966255942639742, 1.03897612317279, 1.04561990666781, 1.65041286268254, 2.28237463675608, 1.36576860526442, 1.17769796248366, 1.66470830965394, 0.90685402954712, 1.26055115012897, 0.914710453894958, 1.44132639535132, 0.684579337842045, 0.800110176127137, 1.20982284066257, 1.02577449230802, 1.07812245710377, 0.985973265701504, 0.841963376709287, 1.11648178673268, 0.669301389335968, 0.996231470272922, 1.45500978839766, 1.2505627131631, 0.660257395506862, 
0.930396494350413, 1.14897821222303, 0.786662305877324, 1.19683683268223, 0.618480317687734, 0.896106816431608, 0.945437039134654, 0.753949625412266, 0.905159024239629, 1.46344344872511, 0.7842788081927, 1.08740691617278, 1.1091731194691, 0.668207766448471, 1.18454638180773, 1.50589902228561, 0.908002561420928, 0.686377498617825, 1.50490431009578, 1.15426778936191, 1.37618673482632, 0.704704995707486, 1.19860554357037, 0.860178089264554, 1.33915819161868, 1.11500065271816, 1.35235737338185, 0.924166662309278, 
1.28253438288278, 0.682842818916424, 0.974123712701636, 1.45424023644546, 1.41972134675592, 1.07410780868749, 1.24273614563276, 0.969758465300861, 1.28527744854573, 1.21179283788767, 1.31396594637042, 1.00378502579102, 1.30314872515054, 1.08063442402152, 1.49426576717339, 1.82150245681069, 1.0088054097541, 2.12913898348413, 0.899858108713824, 1.45611143170503, 1.15875417720316, 1.05513841629815, 1.30637042345258, 0.642308417038103, 1.43977870731425, 0.746236689227101, 0.762291104125649, 0.883961265093021, 
0.655445089231259, 1.16341277593638, 0.98418568702292, 1.21361369247815, 0.821737818736806, 1.42710888040469, 0.830757751533176, 1.04671444048323, 1.5536780948285, 0.984732586247891, 0.898791916442473, 1.56880489969216, 1.62675605359867, 1.54800074622958, 0.986903938100574, 0.758638265867455, 1.20901114576332, 0.781869279457816, 0.948801809177041, 1.43772957633375, 1.19261671386528, 0.85183790719334, 0.868950341667826, 0.853208528397807, 1.56913790910683, 0.86985058280161, 1.22009083894399, 0.955532215001206, 
0.736328123764843, 0.75668222744809, 0.703126096267149, 0.996573477849366, 0.98633334409124, 1.22052961138754, 1.6869603408248, 1.06499517600641, 0.994491520233228, 1.27154746181909, 0.793419524940752, 1.18305625652015, 0.752064205735765, 0.819242002378312, 1.34537333600225, 0.79740952890197, 1.2453515225035, 0.853604318022202, 1.10877738075477, 1.27157426600868, 0.780107135782404, 1.12843474958654, 0.892153562345294, 0.979386124683447, 1.36644605717583, 0.852336610318571, 0.977728550087375, 0.90027506461192, 
1.31412068438605, 1.15108340604521, 1.22951796345047, 0.820566709611433, 1.14609703260868, 0.972559620622797, 1.02173971707748, 0.728784373881748, 1.14632526969954, 1.01467689731468, 0.96873021905686, 0.88806905254099, 1.05238931459084, 0.737180307786842, 0.825292233160976, 1.0199140027091, 1.44033388427558, 0.950516667351558, 0.776401377918554, 1.54579643285706, 1.39126072071218, 1.25919692447694, 1.02143413707126, 1.79357764504538, 1.25784654384179, 0.831268250533229, 1.18058429030751, 1.02794140281772, 
1.11818813030655, 0.738482559162088, 1.72785930326834, 1.63630725084404, 1.13279331799408, 1.45958083234817, 1.47494543002865, 0.945868746841163, 0.756963470462755, 0.718320251615762, 0.797351582956091, 1.22827203937802, 1.37328986027245, 0.799186539932635, 1.03920020966452, 0.967676697097367, 1.14453300024621, 0.777602952155021, 1.03720070670168, 0.716792732949463, 1.38532116541258, 1.01335404474661, 0.698615853853351, 0.970305249298886, 0.993094600596441, 0.658252812367641, 0.809307081483669, 1.07099919910443, 
2.09607356551914, 0.857225555635874, 1.09564834877956, 1.01567648601756, 1.02855536455589, 1.13005754541203, 1.39184077298241, 0.814473102118321, 1.91291664648201, 1.25350777805919, 1.02247772881043, 1.04760894257119, 1.54245558866913, 0.746517899877349, 1.00561108720867, 0.556139281564253, 1.71003026217493, 0.903825795040467, 0.995591677941663, 0.984207144409271, 1.28798036604496, 1.24851541200984, 1.19387814969431, 0.853372949174819, 1.12651545048411, 0.800911397527236, 0.920996824202614, 1.00471111843015, 
1.06459044069651, 0.863515658410907, 0.881746097079192, 1.1495812839261, 0.855959435223004, 1.36858490866561, 1.26675667165981, 1.6569858771751, 1.03437502989904, 1.30421008780025, 0.780844082926917, 0.944784122667131, 0.80770282474885, 0.88536853213784, 1.56364643600494, 1.46466608023212, 0.709307486517075, 0.65625812743028, 0.777166800147164, 1.27869135763038, 1.03908178593319, 0.973113375461086, 0.787710440218003, 1.69156758021997, 0.818364693122428, 0.977454775448963, 1.14050286974797, 1.14267944551221, 
0.865536288248163, 0.985165534183193, 0.984810486795141, 0.891407725132825, 0.822270594776912, 1.38610614877795, 1.36286562159872, 0.672915424239923, 1.23393705855085, 1.28740061630949, 0.781946896965105, 1.61696156698802, 1.65721829031895, 1.20352121842634, 1.06749205655924, 1.23942465455131, 1.3365902585835, 0.915480395159896, 0.916749912715087, 1.54498881901247, 1.28783658623433, 0.931387891884816, 1.06937183157462, 1.26753593866738, 1.15687078854321, 0.612122624798769, 1.2886307162029, 1.6407587532968, 
1.01805659573878, 1.57406388432798, 0.740995464346127, 1.06688504180624, 1.87903380874177, 0.660278232193803, 1.31993267194619, 1.244673220919, 1.26529628560973, 1.06932652309558, 1.29524468087167, 1.22791298435452, 0.862687997681812, 0.721988394422113, 1.54898092310646, 0.90725636339062, 1.19458427042549, 1.22563242609487, 0.948185850784085, 1.42987286323354, 0.81210433524932, 0.668656725605943, 1.08566290727174, 0.759815486107732, 1.27533762281927, 2.161601703966, 1.00638840700669, 1.15591636439489, 
0.907633107660139, 1.10178077423864, 1.89486882537067, 1.60141506498434, 0.84104821190656, 0.95576669326227, 0.849012537068525, 1.36386086867574, 1.16191050731681, 1.16721190685957, 0.855064443728499, 1.02170111160157, 0.688100039583157, 2.29322443383675, 1.00562565839466, 0.898628468967361, 0.65270345489494, 1.08792470360182, 0.820478007543498, 0.839947679578787, 1.32256096084155, 1.18535456962142, 0.588159340484693, 0.895882880297005, 1.04738054179787, 1.3366573694401, 0.870173592000263, 0.896955386516787, 
1.12082194506366, 2.22982998513699, 1.07672798826224, 0.951835559802624, 0.983593120202187, 0.686708153496692, 1.0563732810188, 0.836394533819447, 1.22850840549833, 1.07054528888055, 0.535555975724859, 1.34945817837827, 0.561375731235784, 1.14934563466056, 0.907643183975835, 1.49522637737081, 0.630863888339376, 1.30682942836464, 0.899475203022531, 1.29684751134477, 0.697745298079139, 1.26107471212058, 0.726512375990315, 1.00955491564876, 1.69781151431928, 1.31043699380098, 1.02495917745841, 1.59929468376775, 
0.900901882280727, 0.935225086417609, 1.06160225619235, 0.750346296820218, 1.29410708927289, 0.640851979109898, 1.02181688004955, 1.1375678689568, 1.00093070472661, 1.43489763520805, 1.36232279353514, 1.00279931264675, 0.847976254899403, 1.21063410231673, 1.60863862543476, 1.1905511370147, 0.856687872898085, 1.89536848036133, 1.07905454164736, 0.925253275592385, 0.876148427950028, 0.767444395420811, 1.02871651116202, 1.38704636932992, 1.61638771156574, 0.736690566028816, 0.798733038229873, 1.17781861579831, 
0.750753707343136, 0.84156022626633, 1.1451316995322, 1.38844964667025, 1.41104748893596, 2.07046256253709, 1.26837228908489, 1.19911621559509, 0.607390474455549, 0.676316654505107, 0.986920053077491, 0.969692123279259, 0.855980526353962, 1.31405051038974, 1.0605153464478, 0.95822864599564, 1.33188953058608, 0.761906660271442, 1.17055112429687, 1.17114635157303, 0.927698545216089, 1.05595103644154, 1.31590392091932, 1.79680788819167, 1.59762853419416, 1.33208806969582, 1.58443736351596, 1.09319419214377, 
0.943342486285931, 0.717525342684576, 2.04501140197781, 0.917291322449619, 0.886201688566811, 0.898679799025759, 0.750275348622469, 1.65447550816377, 0.951319677248724, 0.658693459109978, 0.795071176573453, 1.34227622260263, 1.04909301160033, 0.917274156126197, 0.909251276760809, 1.57275832225509, 1.50004541420891, 1.18341732298205, 1.62380663908161, 1.16150448403848, 0.772223603610328, 1.49815821874047, 0.800863161452705, 1.22166061276448, 1.11461907210658, 0.842294104014239, 0.964691508176581, 
0.798280765686539, 0.952751382121499, 1.28588676918836, 0.986142304643171, 0.84397043329637, 1.4075293119242, 1.31616454368675, 1.24354755314707, 1.42286005301879, 0.855884833692066, 0.700066816237393, 1.63240733408681, 0.916510254023905, 0.835857498427749, 1.28871425625112, 0.921836041003388, 0.979908709600712, 0.839081996566426, 0.778489753035098, 0.793137921346154, 1.02086035448347, 1.48285557306085, 0.762242945750282, 1.52934409803106, 1.43120468747048, 0.844141936662127, 0.633482794740184, 1.32919616171388, 
1.08760692094116, 1.05403153353465, 0.894485315755983, 0.836218804754508, 1.27236271191065, 1.20002029389082, 0.928804976313201, 1.36122364530809, 1.25469171143706, 1.03168972934849, 1.13389822948299, 0.92026101944591, 0.896623287053474, 1.19276800523349, 0.660124748854071, 1.80475919802469, 0.864808934017664, 1.0666040740892, 1.09286331562089, 0.890743740871472, 1.19129539423367, 1.04003558096375, 1.20035002589363, 0.821233448202033, 1.37308883396717, 1.27697230917958, 0.894870249133434, 1.14895114287074, 
0.981248311820514, 1.52885817966379, 0.803090363558499, 1.12389742295152, 1.36635049178264, 0.699396037834911, 0.94406489980969, 0.878268591976599, 1.22976219251532, 1.60373469439173, 0.8428672249557, 0.826584971339376, 1.25454962324192, 0.829664044561258, 1.24929568073063, 0.999012758150668, 1.20592126175312, 1.32037068079859, 1.02060219339529, 0.722148984376108, 1.43952967160492, 0.988230653138467, 0.889294367557865, 1.36269865936403, 0.977725475711347, 1.09437715016412, 1.25127184976368, 1.08233297660814, 
1.28691717371837, 1.07072151929472, 1.29982902045525, 1.55061668083015, 0.885730544931182, 1.57516553628786, 0.9645665033744, 0.993861732354015, 0.537056804260328, 0.921996688712255, 1.23532394099898, 0.643569367624744, 1.14558432908596, 0.784966367372279, 1.39550680436715, 1.18257728942955, 0.858509934963401, 0.969125239188191, 0.850609645114288, 0.694839707889061, 1.79163035682263, 1.11409546394297, 0.852671296600138, 1.02345303632226, 1.48767122985713, 0.893206156921364, 0.885205742292038, 1.98205401112587, 
1.26995720083981, 1.7595482552503, 0.823712865790043, 0.69085268364121, 0.830882910117782, 1.50053430372061, 1.50602436763586, 1.00574495921712, 1.68257244345974, 1.09820267444154, 1.06042038865415, 1.25456984671154, 0.940134441393876, 0.828132119633756, 1.22117174653633, 0.864382869773121, 1.04817133511442, 0.818786278284974, 0.971054647450711, 1.51312560140111, 1.77008961641858, 0.964748651861057, 1.05165325516199, 1.64851069631857, 1.62643522959821, 1.09756127755959, 0.89869881345537, 1.06235433398752, 
0.749730066248761, 1.08342194781358, 0.879683457701091, 0.866319413301505, 1.13830547076557, 0.9584800181516, 1.05952763258065, 0.929346686938712, 1.83331964825117, 0.874294453350861, 1.38925715683782, 1.04152639009554, 1.04955533918942, 0.775916599435359, 1.04950394893744, 1.37024004740675, 1.11633860857263, 1.43721568709959, 1.29388645765106, 1.21960097295497, 0.808370698762643, 0.826892432666745, 1.34794036829254, 1.02323930809961, 1.0618371234745, 0.983725337592298, 0.858306417730841, 1.57250408062763, 
1.2845437211601, 0.740299395015665, 1.49517479516835, 1.092937412212, 1.06109165172257, 1.02313153584657, 0.719342802315177, 0.954299291566789, 0.814903186718391, 1.09043727832043, 1.12717170858063, 1.72751894664667, 0.849003138699324, 1.14855610885962, 1.49548613330004, 1.1413982203108, 1.00380241019737, 1.31405900436662, 1.33869753617405, 1.56896466713139, 0.898762573492246, 1.02568362991026, 1.10849778973843, 0.715642778051468, 1.21697061726093, 0.919557277873867, 0.770743394246392, 0.850092950446978, 
1.24208098433534, 1.78551913586214, 1.14103892832487, 0.712639101444904, 0.948741354996401, 0.988003444379256, 1.21308067527705, 0.772962086230128, 0.816249492693017, 1.01291611390257, 1.0028067632537, 0.968503970964665, 0.871127886213487, 1.24709326773171, 0.746735884647057, 1.14328390902185, 0.826673985917742, 0.712141227601573, 1.25502118299704, 1.92825144452904, 0.976515901491345, 1.13769099844603, 1.18885457286686, 0.859033827557885, 1.52198331717365, 0.668981359977288, 1.4930346041053, 0.689134879634249, 
0.785349367001271, 1.17945121995138, 0.783103975277153, 1.2822468712061, 1.07488636420345, 0.961837474351638, 0.743684343443861, 0.830296351725814, 1.17801597255935, 0.910399513599208, 2.58064464525465, 1.5439271200126, 1.01103314077424, 1.07774458745581, 1.48538609218445, 0.91325183808973, 0.955728694171319, 1.13138023498246, 0.848423397166197, 0.79124749973637, 0.871508217427193, 0.948369553188265, 0.631613906842267, 0.89700313324285, 0.690011980666768, 0.946808717686496, 1.41894573224616, 0.998336700423662, 
0.979744655039213, 1.28528752220769, 1.37181989563046, 0.969006272765421, 0.801684511965446, 1.22241557203715, 1.47360185722256, 0.872068482986304, 1.37049625296668, 0.972736982480298, 1.31145186268662, 0.90150186045307, 0.818260692202136, 0.824998756109369, 0.733889934036373, 1.17594987306643, 1.38956242957094, 0.84897940832468, 1.25697432151576, 1.1130021145487, 1.0040593265364, 1.31959546647911, 0.69249639827479, 1.33215855384552, 0.98534475924467, 1.50486059730559, 1.4604681842162, 0.797559649930816, 
1.09017690489971, 0.923446569237428, 0.867805004458821, 0.686163076631781, 0.708768461310077, 1.37415585514323, 1.11692881387641, 0.961637025457973, 1.15418066436862, 1.36269665928246, 0.79422436640992, 1.06318981322012, 1.80828409435083, 0.763198835585303, 0.9368348431497, 1.15512134364801, 1.10144601590327, 1.55106939873078, 0.646056418933486, 0.967781833444275, 0.718174390592792, 1.00880553258995, 0.479670688571098, 1.15111301016754, 0.892735113642385, 0.989814470390535, 0.888842449328927, 0.793189790928998, 
0.742974003907865, 1.09240820639804, 0.927129557575459, 0.898166540358777, 0.930585243314032, 0.954224730972526, 1.3581372450017, 1.43048513552158, 1.23343293512245, 0.960937650474772, 0.680779078495018, 0.89719445488725, 1.36247357896685, 1.40158984943444, 0.74956453812151, 0.562651831515075, 1.2048793131803, 0.924426453660537, 0.876403197055982, 0.78205499050422, 1.12452233404998, 1.0006317498944, 1.2720794026873, 0.8900866618337, 1.17114143121726, 0.944069917172452, 1.28316698974862, 0.986695302364136, 
1.21144022168108, 0.762454587255854, 0.820126659966117, 0.726515800476669, 1.73339577890623, 1.00130137443933, 1.31045612670077, 0.824034086009745, 0.698636778353905, 0.63219767955874, 1.01352399176405, 1.12665453267687, 1.57486905921399, 1.06252043087603, 0.704610492653162, 0.832396181022567, 0.89635229928794, 1.23027275245732, 0.978040765792059, 0.610614687510541, 0.851764403711439, 1.29952878575748, 1.52557520347131, 0.849601371263969, 0.814293187385324, 1.21126615057972, 2.0502019090239, 1.16267708279654, 
1.18392912460752, 0.851872351832479, 0.848969993066191, 0.828970227093551, 0.916529616193825, 1.20177656987723, 1.00483855742943, 1.72809156898499, 1.41415496008663, 1.02808914615024, 1.10321765470258, 0.900943221801873, 0.908248119828719, 0.813419903746209, 1.10173258001745, 1.4069720404496, 1.41417021191581, 0.797936805601342, 1.78670460933805, 0.683503461145596, 1.04672528616565, 1.12251992680338, 0.896968095425253, 1.24761033818696, 0.892781563840249, 1.09426398124508, 1.51074916896444, 1.11695020946294, 
1.0859241446532, 0.925677266035449, 0.991771326788049, 0.923200325707136, 1.3272509544429, 1.04643426805738, 0.735736534266797, 0.979507145813801, 1.46571936151715, 1.06597447276724, 0.927524063360445, 0.761385289593316, 0.977402708096195, 0.593562173050375, 1.30122995514715, 0.921862083756212, 0.882478685774373, 1.00813509272448, 1.47005587456347, 1.21868462010428, 1.38284646329624, 0.748132370119357, 1.42124020732311, 0.897526866739554, 0.998986070591422, 1.0389409711541, 1.14748926515039, 1.30262339035546, 
1.2686550592528, 0.577976845296383, 0.793764053557475, 0.860934141333623, 0.932971638303322, 0.866917245665463, 0.826598384873658, 1.00799918175304, 1.36482329675152, 1.10631545836308, 1.65165970781695, 1.04796115182954, 1.33767438320947, 1.43598605755162, 1.48369833418242, 0.703382004276139, 1.16113026293016, 0.892634191486186, 1.31943927407207, 0.829421831069107, 0.544709378991, 1.0868218966168, 0.790538173969971, 1.48733257892394, 1.39557101530102, 1.25895951770887, 1.29138330547935, 1.28665550403655, 
0.851859725335364, 1.21365878412961, 1.06100782959289, 0.769108097585898, 1.21294855153919, 0.718963378761864, 1.54952797499013, 1.4381779672565, 0.698221987631002, 0.738162150738048, 1.29492307105171, 0.920843505279441, 1.06185186689124, 0.69868038395261, 0.983444885660521, 0.981327491400273, 1.20481337151841, 0.853544368319144, 0.952826893086318, 0.904778398163594, 4.17430210056167, 4.00598675058339, 3.63062017859338, 4.6434118576396, 3.76554354579485, 5.1345356969292, 4.22169958447808, 4.82079824654788, 
4.2127383836976, 4.43757761448326, 4.16970051573483, 4.45569669887017, 3.88171145804975, 3.75296069399756, 4.97488290025981, 4.04234340416359, 4.26058521795472, 3.64117157040845, 4.04238358970772, 4.11393476293081, 5.52464873462153, 4.58057726476342, 4.37101036360364, 5.62363352855619, 4.03016775472741, 4.44558191052925, 4.3042400558914, 4.06407009951452, 3.76851309400097, 4.17056352379287, 4.77360331740453, 5.14228357714019, 4.42853359519687, 4.99478948107604, 4.20809605941894, 5.57955981424018, 
4.4391030892338, 4.22508799429277, 4.00849758365422, 3.89550240470449, 4.15583731919543, 3.69951030027822, 4.4539128610001, 4.54616799772548, 4.04253896241211, 4.4247351247152, 4.29647216195762, 4.79430275974702, 3.94123760194728, 4.52239426502992, 4.70804200125264, 4.26688707569154, 3.74897156335182, 4.1814617579514, 4.19408742082442, 4.10270654179779, 4.32279348488967, 5.14109440774313, 4.27960088107218, 4.40261395524217, 4.75875902646284, 3.94051708333737, 4.71363013870037, 4.08743284137295, 4.48576562030604, 
5.11387518243341, 5.17907433494614, 4.07143873068223, 4.24247280835575, 4.49192309758777, 4.06113323902286, 3.97011911914759, 3.91549218027314, 4.72526687194528, 4.28766653317781, 3.99821908065476, 4.34395488053307, 4.28654721017676, 5.31785463247248, 3.8644847703654, 5.31329220396009, 4.61248307973158, 4.13027134789358, 3.64426147146986, 4.76682670612157, 5.26022446218929, 4.64096566607187, 3.87309600942837, 4.35015583571506, 4.54368431090092, 4.59477984480278, 5.73358523214624, 4.37764837734633, 
4.5197315977816, 5.52874064660545, 3.98883163719096, 4.45421682845415, 4.28170664382217, 3.87096750573623, 3.51015139809329, 3.77326387454855, 4.8854425743183, 3.67466533103469, 4.05664313476609, 4.34121604422527, 4.23475173373904, 4.42171908199694, 4.22620189264655, 3.88283053638631, 4.53350118654692, 4.20110848782671, 3.86025879921636, 4.01672271458382, 4.41685655127497, 3.97266862509558, 4.60650554440613, 3.77663466288709, 4.08236775212821, 4.09159298059873, 3.62764622721811, 4.50386531126391, 
5.1347619163307, 3.81132295925112, 4.73119354721068, 4.39984480248478, 3.68984693770572, 3.7402703452607, 4.31165132107773, 4.19637212324911, 3.8839321348857, 5.25164928062025, 4.19410278555568, 4.58723254428403, 3.71702785523727, 4.07320265460309, 4.08537673366128, 4.3611127880124, 4.95447318812156, 5.66355846690552, 3.94105142097169, 4.80142670801381, 3.97325757206483, 4.24330818089579, 4.68130015662565, 4.88706816974882, 4.73715783994663, 4.57447924885994, 3.84982703924154, 4.78963528973364, 4.86735293687986, 
4.6432185451703, 4.63355346358623, 4.2068115609771, 4.65771799475599, 5.03153004016165, 5.39187016877425, 4.39769226409298, 5.4340759085791, 3.82424379958809, 5.09990296576154, 4.46623713486738, 4.53936248076564, 4.35734926538546, 3.71337527605777, 4.03662733702978, 4.08841934921024, 3.79893103470974, 4.16491492554302, 4.25354003612676, 4.11916249770698, 4.1948869910535, 4.22524078074454, 3.82612980216917, 4.74673452584452, 4.01081649158419, 4.46467056166988, 4.01211187388503, 4.38094010744989, 4.08060167763761, 
4.54313929970527, 4.35797761201592, 4.02903011343142, 4.55901939595618, 4.35147686380721, 4.46512603289197, 4.07041282329422, 3.95931008980678, 5.04212494419025, 4.09894006526209, 3.84545235766406, 4.09206610063166, 4.67843300201048, 4.75706548782642, 4.22744285975953, 3.78079782689509, 3.69589639291231, 4.0918221800397, 3.90510246162449, 4.10783499526481, 3.68203467572762, 4.31424528198497, 4.91843898718697, 5.22572684240972, 4.52962451179369, 4.58372900503142, 4.99431353281716, 4.24578305657924, 
4.65530279130983, 3.79675520764096, 4.04700897246526, 5.14784700997503, 3.82213095430647, 4.34755238644536, 4.00975247641431, 4.42854780600212, 3.97870313489541, 4.20905242046903, 4.74313320556045, 4.60957181050308, 3.75673174965504, 4.98313457310107, 3.99328528308045, 3.99465465133643, 4.30942109643245, 4.80287513670338, 5.04260135639044, 4.37302708075214, 4.01619931133372, 4.49219898129025, 3.7937993583506, 4.20913820848402, 3.78478004825959, 5.09731330016877, 3.92412308598343, 3.95386007835947, 
4.10474491716067, 3.98737569014698, 4.2728688732547, 3.99192598598146, 3.85035569538129, 4.27387325726602, 3.90793909967952, 4.12131239566292, 4.45374515155067, 4.50227780452317, 4.30512286421472, 4.56836641225503, 5.52033252751068, 4.22489106585611, 4.02422276925431, 4.37601037910749, 4.22460873794713, 4.4295888017555, 3.73191118758833, 5.42940723464531, 5.0787979027745, 4.06756714894014, 4.39504859513142, 4.56266324296762, 3.87329017977668, 4.01253551066932, 3.92283480998464, 4.19696826180576, 
4.55348250136264, 5.02356272824004, 3.88568929927719, 4.47569513748572, 4.02623292776876, 5.14706107942172, 3.90951565636371, 4.62017327977003, 4.00101512093528, 3.98939862782388, 4.03265539118076, 4.16048511042583, 4.09406380417463, 3.89405765298168, 3.97468670191858, 3.50724121386318, 4.55922606371203, 5.38065638946131, 4.16073617427151, 3.9636490373762, 4.44228337883228, 4.69136735920176, 4.090331418696, 5.04072938040095, 4.29480643691493, 5.30887782429112, 4.82014371480753, 3.60373475592289, 
4.15878359796655, 4.95356281487398, 4.13190290976247, 4.27488464815973, 3.74574310166655, 5.09210073235369, 4.01346493318383, 4.34169061637055, 4.34949588791106, 4.79375131347961, 4.02629673670394, 4.67726601632349, 4.10682084391632, 4.27268020666393, 4.03578127260614, 4.08785615923274, 3.86942730135819, 4.02359156065889, 4.17508830141202, 3.91234526632904, 4.282848136072, 3.9134085610656, 4.34316893534654, 4.51178570410564, 5.15397533869777, 4.0421599570081, 4.54632479913048, 3.80244718554856, 4.06463368544397, 
3.94253278006446, 4.03454575726537, 5.08105712204544, 5.23382420961156, 3.86118518126077, 3.72749463940968, 3.76598408969739, 4.48316818326772, 4.48090181495277, 3.89385844621572, 4.11568334268904, 4.76088154798573, 4.14181661658048, 4.25629536126626, 3.86386335558208, 3.66720690841021, 4.38387459965372, 4.50968058598354, 4.23429933961928, 4.44343360874867, 4.61651010772217, 4.29702939085607, 4.93772183491726, 3.83623818283572, 4.3662427948312, 4.53178944509666, 3.78060909215455, 4.77900488834737, 
5.29506610782661, 4.20351469462976, 4.95214900230266, 4.37223039209122, 5.04664106749873, 3.90577663552667, 3.6133472602141, 4.89555693621527, 4.87813483920568, 4.08570320426404, 4.19260652572482, 4.61023477505589, 4.73473761394141, 3.69889734761001, 4.73268807177058, 4.78822863695386, 4.03037367914587, 4.42355691332523, 3.67285813353356, 4.77158179919893, 4.70403997811784, 3.6858192981243, 4.2998924198567, 4.49001665854784, 4.44221663670108, 4.25152041106769, 4.57872492605637, 5.00325407100166, 
3.82446404261598, 3.66254282299239, 5.04626622244905, 4.06851836252509, 4.31862441104895, 4.40668428722827, 3.84209361406409, 4.3977124825645, 4.00137354517133, 3.71550108802164, 4.4589164510151, 3.83213519506808, 4.5334245931693, 6.76932149200218, 3.96370086405134, 4.39541174832869, 4.3751724341899, 4.68428423684203, 4.54490842829881, 4.55197313357686, 4.69659631659972, 4.20076486954838, 3.58997090052148, 4.1582427371618, 4.41276575697536, 3.8447102295955, 3.92054543399646, 4.66796586200458, 3.86900738889897, 
5.97655958977823, 4.77141367327828, 4.11293649372698, 3.76611898131044, 4.52797797506522, 4.20118861987402, 4.19965156052075, 4.0366368457036, 4.33221745600752, 3.66085112357204, 3.79875774175153, 3.84277711875415, 5.01499414165635, 4.1380014024949, 4.15130851165569, 4.48752526308397, 6.45955515463203, 4.38069847283009, 3.98976471614484, 4.01816619466054, 4.00641309765137, 4.04980108185432, 4.16336803222991, 4.36075172343422, 4.59954197975179, 3.78867842279314, 5.17663470794437, 3.90577853748465, 
4.01613010942732, 3.95841589534967, 4.47401293643809, 3.8928480445697, 4.89499474668707, 4.01876206532237, 4.39952049770087, 4.09479934883964, 4.30862994956697, 3.9843608458486, 3.90460409830886, 5.31889126135071, 4.25664730775947, 4.3063711147125, 5.12180027015921, 4.13649952654516, 4.10652056146257, 4.14398494289819, 4.18718790265096, 4.88438405528485, 3.85228572446364, 4.45384474045199, 4.36259334535965, 3.60710734710953, 4.86292362473632, 4.52264239362431, 4.07771846527261, 4.53816814487219, 
4.68565258001429, 4.49555862730932, 4.43460928014128, 4.24690964163705, 4.55062147581946, 4.03674653161564, 4.08929410816919, 4.01876988610872, 3.62551181374906, 4.0524215376616, 4.34684120819578, 5.53696044688689, 3.96612569496182, 3.66452203620831, 4.52380854923344, 4.43010699054187, 3.96769459354417, 4.40852419617917, 4.15456762456551, 4.25635812713364, 5.83788891031563, 3.98483704644445, 4.51071652824028, 3.80461284447711, 3.72527039317317, 4.39855283313349, 4.52696568967501, 4.09507749214095, 
4.82457302578197, 4.33110548350464, 4.15001959700335, 5.04452619402988, 3.41712297439318, 4.0321114274532, 4.55334552911707, 4.06638734610546, 3.89658562726772, 5.17656094872297, 4.59112478940922, 4.56080167364222, 5.16049648797184, 4.78212530667933, 4.42624631920957, 4.17559086103495, 4.35633267900207, 5.23702536590423, 4.20833464401693, 3.67387534210247, 3.97964882322682, 4.11621304180551, 4.41704939354988, 4.20575880577646, 3.7397328979922, 3.83804260140711, 4.19174757526562, 4.27592368815531, 
4.27637528402979, 3.82012575239458, 5.1252125946006, 4.8976446850403, 4.55135833415256, 4.44098475601434, 4.06049576277769, 3.86723025964251, 5.3656333074204, 4.05007818168998, 4.93306205918489, 4.70605589068603, 4.28583569414823, 4.1521694777901, 3.88872621634726, 4.37977011900531, 4.13996357890479, 3.95495187804708, 4.03124598310265, 4.83320950684505, 4.97905416362681, 5.11527686597547, 5.62533936858119, 4.08804844540531, 3.67849833435109, 4.35640689377868, 4.02142717205605, 4.39672977649781, 4.12592500387135, 
4.00267862354194, 4.95926715707051, 3.93238252685521, 3.68940635364043, 3.83259649831298, 4.19224653742327, 4.58531051414499, 3.77223493872142, 4.53429718370851, 4.81819630256877, 3.92158639873148, 3.69752131531198, 4.46165799970338, 4.07600633471551, 3.91349404244133, 4.39259246489971, 4.01583919433603, 4.23245806512523, 4.45024511654942, 4.27103913076527, 4.2624217433186, 5.11491503643183, 3.63716655300902, 4.61622502715601, 3.68992761516733, 3.98622637450367, 4.46157273761488, 3.94585456469345, 
4.78989753194556, 4.20634529904165, 3.84385706417245, 3.89638609087138, 3.81063076925791, 4.43450380414191, 4.66750111354569, 4.71017988398454, 4.43103306667114, 4.20813669862916, 4.4092641722132, 4.71227988380237, 4.09040366378111, 3.8149829453502, 4.58349400880456, 3.75614829123771, 4.34063566632296, 4.54140262978698, 3.75383165432387, 4.13969373927997, 4.30238065785737, 5.04557622168047, 4.8384722947548, 4.25915509224204, 4.56515573939124, 4.65650875093389, 3.93424021769226, 4.59600052279403, 
4.52077207006772, 4.0260480027994, 5.09588103431729, 4.5104214273252, 3.79908540649175, 4.46259788314805, 4.70339612793219, 4.08806633535971, 4.46684849360865, 4.50970163665484, 4.23291332470223, 5.39059404445853, 3.92893875502139, 4.61056218556104, 4.04143304460355, 5.1400488369104, 4.11204495210498, 3.93708090379011, 4.76349269116003, 4.04344029513341, 4.16802851131101, 3.64597725758248, 4.29974150719915, 4.32308830384213, 4.08948426186015, 4.39267625753876, 3.89989716924486, 4.30714339352632, 
4.36875951103457, 3.90734784911344, 3.91442916165837, 4.10399652669444, 3.85247652023247, 4.90997994852499, 3.81266002206426, 4.29929636894242, 4.06760170617336, 4.95848733819282, 3.74604285243291, 4.15850295120196, 5.19801131753366, 4.74723550487979, 5.03497873934595, 3.72710893858798, 4.04577639390394, 4.29661479344017, 4.55236224634286, 4.49747939192147, 4.33467717729787, 4.68250899182864, 4.1302662121826, 4.18713374430647, 4.38387562970034, 4.42789543342119, 4.14763486767073, 4.69152382378925, 
3.85684839071858, 3.78685146506527, 4.18103142576686, 3.94556635524642, 4.44589497805084, 5.62790869086494, 4.00087621276953, 4.63743248661271, 5.59005828550086, 5.04967364767303, 4.08786282585825, 3.81846337019265, 4.19181671969785, 3.66286727961558, 3.7892379779786, 4.30258815935448, 4.33782828539378, 4.91382113991637, 3.95386145661727, 4.3131341132223, 4.10423751309009, 5.44322029676571, 3.81050928497325, 4.85035044340387, 4.61347287061636, 4.13260806374242, 4.08389648568137, 4.36663235383688, 
4.50890325997181, 4.52900685291345, 5.09319081212057, 5.09262335814436, 5.11861096503806, 3.93995006081427, 3.68605070090165, 4.65348508928867, 4.54637942475709, 4.6002133453275, 4.21335368304613, 4.68590058680112, 5.30855679644631, 4.4646746419031, 3.73641181445055, 4.27901068756186, 4.89019731651315, 3.99783186719958, 4.25107192560724, 3.89450204094572, 4.38923595290583, 3.85198030562465, 3.89721540544578, 4.28946579724624, 5.52143192710948, 4.02815427793704, 3.98361895269257, 4.88660716858363, 
4.47900247691389, 4.42043773122187, 4.5688225312217, 4.51434320887339, 4.63311357865076, 4.15578271105157, 3.80465235653893, 4.07231903959368, 3.82418637702112, 3.82207437439169, 4.06176416836803, 4.2506565190574, 3.52271505594077, 4.99922126409307, 5.39770671339027, 4.53700848342225, 4.26568183383363, 4.54917036166571, 3.67340891621802, 4.59611078704134, 3.66975716073792, 3.90337926013397, 4.35498926068462, 4.62306618555883, 4.30229944059646, 3.74723946263252, 4.15280173719883, 3.91103030940938, 
4.71189079393375, 3.77019018444774, 4.42301256313634, 4.61194232799039, 4.64337639782828, 4.30471067610338, 4.35496224859344, 5.30746062734221, 4.04795605213638, 5.07836769034036, 3.54007474970508, 4.70128429876714, 3.81342393247837, 3.99099846351642, 4.69258907995431, 3.85562207751835, 4.96522550928854, 4.49473431783482, 3.73785652598737, 3.59501113881008, 3.65874179216454, 4.15415413380215, 3.89235246648915, 5.70003760760672, 5.16034677890948, 4.38469341850329, 4.10757014424554, 4.39328356493081, 
3.87733940999338, 3.867235852871, 4.59019233315803, 4.62190429594171, 3.91876512325991, 4.04166820603595, 4.58012470515869, 3.73532138438326, 4.48477619164762, 4.35060232150566, 4.02584055288923, 4.32774784238612, 4.34619536991236, 4.06028959220183, 4.71390214453057, 4.20625418421554, 4.43421495108777, 3.9160733160701, 4.22526744480588, 4.2351724007663, 3.72488687469387, 4.25942278727003, 4.63031450795973, 4.35616221379344, 3.7532333625937, 3.93764523813342, 4.00819107897177, 3.79223336026491, 4.46992866458774, 
4.78869288145681, 4.07239822468385, 4.53351811898517, 4.38496737301088, 3.69445814030325, 4.55136041740126, 3.77673888834674, 4.28657455595771, 3.92297203028338, 5.15368847102561, 4.77536746402332, 3.99046932981784, 4.7215181804676, 4.19194928154167, 3.74725408695897, 3.67409509256004, 3.71284844897212, 4.59171031361292, 4.28790245978786, 4.33446919216736, 4.12685283557851, 4.35911526885631, 3.97082277384039, 4.41692422842896, 4.59766938269802, 4.09779598405173, 3.86938074001267, 4.90053311086711, 
4.87742113380737, 4.83152842635863, 3.58168049056514, 3.89368433275497, 3.56903450930079, 4.32003707111706, 3.70397505737985, 4.31846355170942, 3.75845029207227, 3.9862574440702, 4.1254219010806, 3.97253991880846, 3.84528421097451, 4.61372543619632, 3.99741810241138, 3.78822358139935, 4.1071229972589, 4.51316836858735, 4.05791312616498, 4.28043056440167, 4.29085816022774, 4.4154646923354, 4.00272680981231, 4.10471513166713, 4.71628745938767, 4.7546269289108, 3.99129516823802, 3.79351283924046, 4.37198823271438, 
4.06546330271977, 4.38084044873638, 3.69003299447114, 4.21267328359425, 4.57993687278734, 4.37836828039243, 3.86486954027529, 3.78999129989023, 4.32099604036323, 4.02665368030545, 4.4490401433211, 4.47042431737676, 3.94595877138933, 4.63339373478276, 3.9816310328229, 5.35049059709295, 4.34018174441034, 4.40154310229552, 4.59207214183624, 3.63979270295127, 3.70769398087802, 3.60807462425716, 4.3075456602688, 4.62812149319064, 4.60992356133759, 3.76668391730147, 4.22639442132321, 4.23780258910122, 
4.48810340211956, 4.4516728128152, 3.71590589452592, 3.87881520358243, 4.36841062878293, 5.56183319518194, 4.36965117657129, 4.25360846680675, 4.1381422797446, 5.39302778259201, 4.60908358027026, 4.51143007557964, 4.35718061852509, 3.82788073065048, 3.86911050364205, 4.12249366070627, 4.8997505320565, 4.34333961110675, 4.66465815918893, 4.98922506890413, 4.19078934867598, 4.66691264198024, 4.08845182936835, 4.04825993931522, 3.65826751425145, 3.82976544940757, 5.01337055043429, 4.79503227841866, 
4.06380034234691, 5.24204356095406, 4.2814617639682, 4.21181453175626, 4.42795197840206, 4.12297453907905, 4.1523135107539, 3.75888921018295, 3.93191643178169, 5.10122148987804, 4.22489250424625, 4.1151203640715, 4.47070974097922, 3.74215998265187, 3.9814896465494, 4.36108015368196, 4.22946763317728, 4.13827679976035, 4.02293998317972, 4.54725238751891, 4.26942296329913, 4.30289299331018, 3.79986042765922, 4.12230305174173, 3.82440906590575, 4.70858304619555, 4.48663146107667, 4.03207126791299, 4.17543352601634, 
4.24672575002518, 4.54508462040263, 4.2770631989029, 3.88954792377717, 4.54932994159139, 4.47155293625316, 4.40117052129867, 4.21648323617947, 4.24960855767386, 5.200092515368, 4.91277797475801, 3.5672985785697, 3.72833576396101, 4.26573779147768, 4.11328296014091, 4.07060693403774, 4.53276497847742, 4.18870093056947, 4.83583533989767, 4.71509276425906, 4.45079915716699, 4.15968814975716, 4.87786749283765, 4.18680835106967, 5.04095732935267, 3.7950774250942, 5.26510683233674, 3.993963719039, 4.3232196601884, 
4.21650544393875, 3.54079718015011, 4.66467576527432, 3.94042629337844, 4.57759457631292, 5.23160044410859, 4.33853634746349, 4.14381964276239, 4.71440411638096, 4.04546873244982, 4.51550986566738, 4.55842553323809, 3.95912068854844, 4.4085934487145, 3.93182254845639, 5.03832330522363, 4.34323359076514, 3.91536583858116, 3.84626238843499, 4.49082002824728, 4.04652626600638, 3.96278460805877, 3.96857033866669, 4.29450178980228, 4.01186907092371, 4.43642408069943, 3.88265144167653, 4.59258777564183, 
3.67812356560801, 1.19390544658439, 1.1803645052343, 0.896484996139941, 1.49963036381895, 1.1156921841068, 1.49826851499155, 1.24620182429308, 1.36432310043081, 1.11661620744658, 1.35321904059373, 1.18725715339805, 0.908093885962953, 1.16181040761742, 0.94527123931312, 1.33107270837222, 1.16613681703071, 1.17602470302899, 0.975229528135051, 0.928356596746416, 1.07235701681263, 1.57420135196957, 1.16045801547059, 0.855431643045233, 1.22539683823842, 0.922557453832093, 1.29913182864297, 1.25768047373516, 
1.10912968873785, 0.969470300065298, 1.02869276074303, 1.1852422196367, 1.18616526712635, 1.15350984274688, 1.20744632879371, 1.08620468381295, 1.63857658565895, 1.12375216137303, 1.04353537755744, 1.05328399830316, 0.908802632276837, 1.17051848456489, 1.04154939466832, 1.39468912800248, 1.11826715382251, 0.890093704577225, 1.18723682609597, 1.01475155389094, 1.47593884281716, 0.969875312083209, 1.14731070828932, 1.22118003109803, 1.17029288828162, 0.93567900284967, 1.10206530276175, 0.997913854050636, 
1.09662878961838, 1.08855399564306, 1.20574345249697, 1.34361354081174, 1.15298760444476, 1.39587583238175, 1.02388840144114, 1.35420996930475, 1.26651375485405, 1.18601100809104, 1.18677273690338, 1.4534915539507, 1.04242823482246, 1.03407361837213, 1.29675958797413, 0.963075807367499, 1.06953881433887, 0.902475278546158, 1.34330297960057, 1.11742353655915, 1.17882864218749, 1.13231565115433, 1.07539294945837, 1.33069306310834, 0.9477197891988, 1.48738927748636, 1.20611266555036, 1.00634042581158, 
0.895660143492168, 1.1381670026887, 1.53817449617643, 1.16759503459379, 0.921150966762709, 0.989439109750452, 1.38957074903578, 1.02914329345438, 1.25620122463137, 1.08518056212778, 1.11038373240684, 1.4399056995178, 1.10660699970906, 1.19086172098037, 1.07418800412088, 0.80442587850292, 0.801235176411304, 0.887554985991421, 1.80048536165975, 0.801072653176973, 0.870925619289921, 1.03555661164735, 1.03025450548612, 1.17903002781795, 1.18974259777523, 1.00074300733381, 1.19345213676282, 0.935365521570693, 
1.00083850584022, 0.946635953313409, 1.13390129646587, 1.12631479932377, 1.22055793539627, 0.939525629815965, 1.17792693352334, 1.1530529661518, 0.931852804671609, 1.42517164264702, 1.3098642740491, 0.974613523593492, 1.11060523755067, 1.27652887159197, 1.00352598344342, 0.836921202953673, 0.959334134774962, 1.38568246086265, 1.0791348982788, 1.56457580461256, 0.966059964547306, 1.05092419254322, 1.09773605168606, 1.00596540690667, 1.02341154713362, 1.10331384213374, 1.43834852771843, 1.86445142864394, 
0.97922942590381, 1.07247561038528, 1.14521912540995, 1.09416575147349, 1.1263502474912, 1.554477975551, 1.56585875908379, 1.21586822468898, 0.925485932138061, 1.35230239076021, 1.34268849281108, 1.28652904821006, 1.28708396919834, 1.05419690787473, 1.32437839611189, 1.12737681723862, 1.6017394497387, 1.28109093596453, 1.61946062326416, 1.0935157382571, 1.40648129373299, 1.12734764166099, 1.43266770345793, 1.26065403299968, 1.01786704633046, 0.884709401624862, 1.31434189791712, 1.07214780769446, 
1.07656442035126, 1.27980285531995, 1.16698397702895, 1.01989419029388, 1.03598829529931, 0.876742909754936, 1.22006657704131, 1.1222316866299, 1.24174877337271, 0.94450019073971, 1.07034402238127, 0.902563668133347, 1.14685393056916, 0.928705763259317, 0.798464852553126, 1.2858597873915, 1.30060224863672, 1.2206867951265, 1.05522876612239, 0.965790997178312, 1.36974006909356, 0.864317996506761, 0.856236761709067, 1.19301405616361, 1.50450954395142, 0.965848547630441, 1.03988423103902, 0.830702311363796, 
0.874156730126039, 1.22857676444948, 1.05976747582349, 1.26437038983602, 0.833839435335642, 1.05960566199567, 1.17857141623273, 1.42458680368049, 1.29023763754266, 1.16980707399702, 1.49314488572373, 1.28263995885352, 1.29913081230513, 1.04675552041515, 1.1788651599322, 1.7351401208067, 0.887445608804217, 0.963731472145992, 0.994720987276977, 1.23144805464632, 0.917785981831102, 1.03095905725928, 1.43341233637242, 1.41178838586751, 0.845008463641289, 1.20567766343672, 1.11875575816624, 0.944276470246351, 
1.30506400182337, 1.28958510619939, 1.72838520056154, 1.19114914366835, 0.932992514869973, 1.17817296401287, 0.957769827687569, 1.16461173730717, 0.911244206520879, 1.40997464470423, 0.918639888880891, 1.03841819905459, 1.03541315976947, 1.04108018866728, 1.20951999802219, 1.07153492760137, 0.881145588964242, 1.0977311747034, 0.964207290249621, 1.09827886825573, 1.1887359580333, 1.27653419692696, 1.07002700485666, 1.32629370396229, 1.64268376596506, 1.18685829393955, 0.933534999109227, 1.16731348106737, 
1.18997087336014, 1.16354433192699, 0.822453141536654, 1.3601129554636, 1.62552139506674, 0.916819124988794, 1.06167939878193, 1.01701842334952, 0.928995642786446, 1.04593353318931, 1.04097773751225, 1.26740366263789, 1.197888711077, 1.40138412792233, 0.972330232837866, 1.1881977837962, 1.19689417212008, 1.72750964880328, 1.0069471365531, 1.27148488734393, 1.11071306508673, 0.961771504840518, 1.04019474974377, 1.06023874625868, 1.01389898933239, 0.851921157568772, 1.06596016423457, 0.821437631921555, 
1.28842058126588, 1.52569688128362, 1.14579560809737, 1.11658414912269, 1.27819563320735, 1.30991583325193, 0.804174963515661, 1.51874459945587, 1.05192328545357, 1.27550886407024, 1.20877354498608, 0.824073149957869, 1.0803724078896, 1.30711838852406, 1.13871933030734, 1.19232671795282, 1.05021969259843, 1.34715032999549, 0.949508142580294, 1.38030622204008, 1.1748474868376, 1.36050973793784, 0.924225707580432, 1.1630415217984, 1.11980770978746, 1.17036230884836, 0.983001857779039, 0.97093297999383, 
0.946347091351907, 1.03196673800236, 1.03962776671894, 0.982321850066073, 1.04621183508541, 0.98992015958317, 1.10358625663354, 0.954881094689353, 1.21543427896438, 1.03710458065073, 1.20313914016492, 1.05089047437294, 0.985247040517273, 1.00198677756841, 0.913648231687485, 1.32923989252443, 1.29307753850045, 1.01299992439613, 1.05402937208834, 0.960492016418293, 1.15126761960193, 1.15590836496042, 1.07255980381917, 0.99042252916321, 1.28884833900483, 1.14887164875551, 1.14721782140839, 0.918451070448218, 
0.730051344699093, 1.36709236469388, 1.25060540827929, 1.25045474921061, 1.36117135434765, 1.43769200344025, 0.878958861990805, 1.29123308820631, 0.895448444655116, 0.978160015664309, 0.900666087487676, 0.76745436150954, 1.10320047929365, 1.36441342716645, 0.994728174916968, 1.4211787063662, 1.18141320419873, 1.4766980931958, 0.983549170629883, 0.892047914632093, 1.12257189243893, 1.26619723599689, 1.07225504903582, 1.09059736174355, 1.18061766533999, 1.34782155964254, 1.00717721759041, 1.1775034691171, 
1.3313536258846, 0.971205053243025, 1.21722467762465, 0.848786362252958, 1.43852796204484, 1.03349994975576, 1.06720714348869, 0.942892191485526, 1.25280594415868, 1.28354918812877, 1.24531697967888, 1.49737430609638, 1.35069237769173, 0.890806926431945, 1.10493445965236, 1.29599159358705, 1.03517155688944, 0.970475025227083, 1.29304578276296, 1.03254255862416, 1.08213365893322, 1.19448634447282, 0.864121360148223, 1.13223451977193, 1.04722525821456, 1.27417501970513, 1.96699181591595, 1.05486538270633, 
1.0237700323707, 1.12165910333853, 1.19510066104015, 1.04230566276389, 1.12846955111909, 1.47846074594283, 1.15159505836312, 0.946536731234104, 1.07944503297125, 1.19782206122515, 0.87100658945397, 1.05375001273825, 1.41394419598989, 1.07207814899859, 1.66853955313206, 1.42084792298461, 0.969077804107711, 0.93600165088117, 1.20598810712104, 1.18585573551669, 1.08383740680281, 0.930849399090236, 1.03378209880961, 1.00410705178451, 0.967738924247406, 1.03227119289734, 1.33472775844751, 0.981392139907225, 
1.0811009232222, 1.07791495251378, 1.59714880298819, 1.04666026824301, 1.0871047643746, 0.955355478347741, 1.01116937404005, 1.05298929167822, 1.07576707189947, 1.20721271975407, 1.51696013607054, 0.973251695990338, 1.36713536159883, 1.10768396268729, 0.913918086726067, 0.891989426249871, 1.15139268281703, 1.02164770396361, 1.45802905752858, 1.15566658492551, 1.21015812181, 1.19308027112028, 1.04928814047107, 1.18529567857589, 0.975385686052067, 1.69675783208623, 1.06736440899272, 1.08807935373205, 
1.59795343898673, 1.19865488041558, 0.94440707760241, 1.13111439441941, 1.22472687244707, 1.04893426146728, 0.961152349371181, 1.39242509698479, 1.2210967285708, 0.806048981814877, 1.20084889422359, 0.875002969049498, 1.11505575241398, 1.52287952608854, 1.17219798055897, 0.947775572959971, 1.14543970188226, 1.19585080280223, 1.06080716993958, 1.13121839241419, 1.06264203742998, 0.979362580692842, 0.855529574896661, 0.987654435766638, 1.06544342964579, 1.29711016877999, 1.15693695488699, 0.864520022242691, 
1.16674660130536, 1.26203494434215, 0.956136706835893, 1.11705156603671, 1.03719960125685, 0.960526290076599, 1.77520180308929, 0.768369006626555, 1.01647809696817, 0.879767963107095, 1.0638787524459, 1.00767017875572, 1.16445994640621, 0.997580527182575, 1.26977572978607, 1.23815919663576, 1.14046597880507, 1.48158339131602, 0.806079009377208, 0.932284028218729, 1.24362535633559, 0.999281660000351, 0.825531041800258, 1.54364841562706, 0.810788473772421, 1.10355377648425, 1.5598949288102, 1.28797243971822, 
1.26130541845984, 1.00949749602851, 1.39245370208071, 1.3417049736087, 1.08877700330795, 0.982218366074285, 0.976335035379644, 1.18434476621715, 1.0232095381344, 1.1455941108239, 0.969354004698584, 1.03283680852221, 1.09223838529021, 1.30374547705944, 1.08630916079679, 0.903465383076671, 1.48767686177625, 1.35120516663629, 0.99165732748789, 0.869332953206526, 1.07181837624057, 1.06586667175187, 1.40479056119814, 1.05766564845106, 1.41153678507886, 1.31211720502521, 1.05269070180894, 1.024369659305, 
1.04312349796328, 1.0701750020667, 0.963962914609312, 0.965432960008508, 1.12332661032756, 1.29996436937753, 1.38984019403013, 1.4127399516038, 1.79160522249899, 1.03485085790435, 0.817516167864116, 1.07729535082151, 1.08933837791458, 1.14236616448527, 0.882048525443052, 1.01894844809957, 1.67290642039751, 0.942053294492411, 0.981052334550487, 0.997331497519484, 1.09403484684858, 1.21322699376028, 0.906547246757857, 1.10393479585866, 1.24553186812871, 0.978330680157833, 0.827993993264971, 1.06606344902374, 
1.00628193184311, 0.795831990251046, 1.15239209288051, 1.05948976937506, 0.894296881611293, 1.04251391441863, 1.10248664998546, 1.07460825796311, 1.53357790178725, 0.94374635533539, 1.21040172985203, 0.85097220954842, 1.10103121911018, 1.09451851435353, 1.14885974601865, 1.06888491465448, 1.08950055672836, 0.802925671653453, 0.94848912059141, 0.806297353662517, 1.12577474532745, 1.47517205426908, 1.38603688456619, 1.27969976538152, 1.06487195204948, 1.09360975955871, 1.4344207311401, 0.896346592617624, 
0.969843908291903, 1.25033763548705, 1.0280001997907, 1.02221902365017, 1.05507247280096, 0.861983097418435, 1.1160261226459, 1.0536821238028, 1.20998977333114, 1.13827481959148, 1.23081090602891, 1.28888369565561, 1.20389639186231, 1.02383172213405, 1.03172684917311, 0.988713503485301, 0.878523076498336, 1.34416140919203, 1.20920967400306, 1.04657710902888, 1.13083204607897, 1.40112059240161, 1.11636449423638, 1.13123532489781, 1.22436778639176, 1.17270298277055, 1.78101274938216, 0.959573059793518, 
1.33056834521362, 1.02945098621035, 1.54342672841852, 0.925918533112101, 0.98031690221974, 1.38152926636924, 1.05190907839, 1.04774125593284, 1.02510412611304, 1.16350233026137, 1.09716995832879, 1.11451775581048, 1.14444461098508, 1.08632752950231, 1.01680404784918, 0.959181969980973, 0.96336720314773, 0.917010350839611, 1.13352124361207, 0.971516672336147, 1.54919551544179, 0.879171469185689, 1.21320074747524, 0.893941260339033, 1.4516167784149, 0.955859846095419, 0.998795077705953, 1.04885716019834, 
1.29482061503913, 1.34115655993062, 1.01561748194182, 1.08327448140092, 1.30641962368465, 1.04325111935619, 1.15152609940823, 1.08512537472898, 0.970879474902724, 1.12826159084629, 1.05767945578335, 0.988549134535606, 1.3495418440613, 1.31643192430857, 1.39901775753432, 1.01122235594212, 0.895375764307427, 1.19989831914527, 0.852713435013037, 1.01545164545509, 1.67362581950598, 0.951444786213912, 1.27909359892263, 1.32760266191017, 1.32801945731133, 1.03065272840242, 1.0994721823474, 0.978213720129428, 
0.991424900612577, 0.746283345229852, 1.19425943048259, 1.10757262771142, 1.63688684313799, 0.860178925335551, 1.27263076118925, 1.01187400379259, 1.28263810250696, 0.99428715802851, 1.11045211376984, 1.54536368176162, 1.11613218842839, 1.25363886619454, 1.00395124760997, 1.2553498614262, 1.2780266832915, 1.31468779208676, 1.55709952156873, 1.64325822532295, 1.0347380576068, 0.831319476289816, 1.05566366330459, 1.34948384591699, 1.23255663097365, 1.00018290596612, 1.40569901461495, 1.73079623542138, 
1.01580349629307, 0.829931661815192, 1.01505134903288, 1.52553339807772, 0.972383862269035, 1.22479628903348, 1.01762215473848, 1.1861474531012, 0.909066764341933, 0.898868636823083, 1.28370539128071, 1.41449792584873, 1.12038942554921, 0.907283398538444, 1.45862125629874, 1.00892597167607, 1.12678197123106, 0.955824314530901, 0.992934776146619, 1.26669868286428, 1.25526228332645, 0.885246823444844, 0.912887860913288, 1.00601441293055, 0.893170988283649, 1.07081346754477, 1.27193672093931, 0.87068907162573, 
1.66026793186007, 1.56396417719485, 1.52177932523482, 1.30064021770596, 1.22663183777512, 0.881478046789591, 1.10432379488261, 0.851558770192035, 1.09090876914738, 1.18613529984963, 1.32553210905189, 1.23150558321561, 1.0328221561868, 0.970668350106629, 1.04630162209509, 1.24507782801187, 0.913037234288282, 1.41897569391789, 1.24459462297602, 1.07996618469392, 1.24966693664244, 1.18466428119331, 1.79812816421273, 1.04531579465838, 1.16324231273416, 0.895277380243216, 1.16357589234134, 1.08085266232122, 
1.2555592020223, 1.34647076759774, 0.905391248965702, 1.69857629160071, 1.34754758083287, 0.912798697597734, 0.919570288735257, 0.976772368088156, 1.04030066658666, 0.898457603935389, 1.36632358958571, 1.39901047167779, 1.19177914173488, 0.99110854140727, 1.21491350047775, 1.01871557576393, 1.02397071699707, 1.50055967814983, 1.55255179030473, 1.10993925791008, 0.976943375563168, 1.47694652130076, 1.02399118726919, 1.14720633894585, 1.41314726662134, 0.890434852148145, 1.01755573251854, 1.09784116529326, 
1.01497330390009, 1.13605257997768, 1.03889376614028, 1.15458923705568, 0.994713742695824, 1.17647589481392, 0.909403640465092, 0.968193054546554, 1.00028192934422, 1.29557323561558, 1.18858516631117, 0.844813105182228, 1.08050886772901, 0.944577188878207, 1.08469081147578, 1.2730984356541, 1.20650597370541, 1.0406409679672, 1.14266057700332, 1.33648920559221, 0.928911816564966, 1.11328268956317, 0.979707118453106, 1.04501686046135, 1.00278538499223, 1.61411177335439, 1.44094550924415, 1.07583119870687, 
1.17300292672314, 0.990765620503033, 0.884293627184558, 0.912174502402916, 0.905157404527893, 1.17016818670842, 1.02173711802664, 1.10894692167013, 0.976873429624267, 1.21937746714905, 1.01526969378753, 1.11630752311003, 1.07854370321206, 1.11234780666718, 0.936615911580396, 1.65960348154477, 1.71801535724739, 1.16632953735315, 0.839210012362045, 0.995228915577212, 0.867633697884371, 1.07773734913214, 1.01783193989646, 1.15337332811445, 1.00850632492277, 0.99347771233734, 1.02664249862919, 0.903823132059434, 
0.958741274959794, 1.17451812337883, 0.859672198509839, 0.999449582668071, 1.06358888435019, 1.33838637037457, 0.907760941888482, 1.00372590322348, 1.02890578256467, 1.11301318964502, 1.01271712168028, 1.1788434215953, 1.06588717711323, 1.11627317498815, 1.02842977723586, 0.998109570350795, 1.0317400293352, 1.01104561371163, 1.32989425465352, 0.867403085399567, 1.05310871117074, 1.42247204424461, 1.20105192971412, 0.902047862568752, 0.815369272701007, 1.3185608942188, 0.75711536281051, 1.29230474587897, 
1.24452300559381, 1.10672148796849, 1.44609238662038, 1.0506261054635, 1.30165341826583, 1.23049184390733, 1.07223874665381, 1.32572439918506, 0.936474100289505, 0.990431815197115, 0.78274481957142, 1.2892647632498, 0.981542658799676, 1.42649227638867, 1.02889210302449, 1.06791609726656, 1.32670167861781, 1.22957088026982, 1.22124072587789, 1.06426350314898, 1.13586956036312, 0.967588266842081, 1.58730293818801, 1.2269617547708, 1.17500323665746, 0.890591863572191, 1.48761310142713, 1.0833053833535, 
1.19470158125354, 1.09157281881762, 0.939001671551902, 1.04812858638773, 1.15801325512607, 1.3897989601611, 1.06313315598238, 1.15333018194256, 1.26000190779718, 1.13037615683446, 1.26264485970049, 0.94284174291446, 1.07292773258804, 0.916260038551581, 1.04147409934355, 1.33581708275267, 1.20885510280502, 1.1693136068127, 1.34179141964449, 1.30505870719081, 1.01588850177051, 1.18594916147628, 1.13968611992943, 1.14136513057534, 0.87897386365068, 0.956988888401321, 1.84782747012182, 0.945661194618569, 
1.02570442491953, 1.30830989309775, 0.851560466005067, 1.00278887626914, 1.28467091476183, 1.04368974557557, 1.19917649297136, 1.10385530065424, 1.13700301337638, 1.1299543669791, 1.18226887577558, 1.01049723882202, 1.01808031821894, 1.09465607160746, 1.30205520337451, 1.29175173679711, 0.996044427579702, 1.11283899268495, 1.01231346215731, 1.31169508242449, 0.98306277285478, 1.15683149815287, 1.238135048223, 1.27406803516155, 1.25453148640707, 1.02686757503951, 1.13693803960915, 1.23035165146514, 
1.4015490931959, 0.947333099849645, 0.826961214086359, 1.2655721633347, 1.06651299813856, 1.23694146350592, 1.20740177197198, 1.07473362906332, 1.2266332115964, 1.40545027453605, 1.19624523442302, 1.0521554816328, 1.37358523822289, 0.927181490078707, 1.3071159916762, 0.987776265005861, 1.58650216754666, 1.06901640125775, 1.06228319601518, 1.20831924202736, 0.899840280463603, 1.30211584695245, 1.16214240602364, 1.06977313116396, 1.62179426788686, 0.885969498853391, 1.0586195306252, 1.4193032120679, 
1.08889876758577, 1.13979730335539, 1.36123149176094, 1.11545635273309, 1.17665988160712, 1.08646636476822, 1.24456778173209, 1.08879168973427, 1.1427325918861, 1.01054340222049, 1.06432779935009, 1.17328430390316, 0.914240128301326, 1.10615201446109, 1.15835496409057, 0.929434721441995, 1.226898082248, 0.970663736226004, 1.2528779966996, 0.931682816179237)
"model.matrix",c(1, 1, 1, 1, 1, 1, 1, 1, 1, 1, 1, 1, 1, 1, 1, 1, 1, 1, 1, 1, 1, 1, 1, 1, 1, 1, 1, 1, 1, 1, 1, 1, 1, 1, 1, 1, 1, 0, 0, 0, 0, 0, 0, -1, 1, 0, 0, 0, 0, 0, 0, -1, 1, 0, 0, 0, 0, 0, -1, 0, 0, 0, 0, 0, -1, 1, 0, 0, 0, 0, 0, 0, -1, 1, 1, 0, 0, 0, 0, 0, -1, 0, 1, 0, 0, 0, 0, 0, -1, 0, 1, 0, 0, 0, 0, -1, 0, 0, 0, 0, 0, -1, 0, 1, 0, 0, 0, 0, 0, -1, 0, 0, 1, 0, 0, 0, 0, -1, 0, 0, 1, 0, 0, 0, 0, -1, 0, 0, 0, 0, 0, 0, -1, 1, 0, 0, 0, 0, -1, 0, 0, 1, 0, 0, 0, 0, -1, 0, 0, 0, 1, 0, 0, 0, -1, 0, 0, 0, 1, 0, 0, 
0, -1, 0, 0, 1, 0, 0, 0, -1, 0, 1, 0, 0, 0, -1, 0, 0, 0, 1, 0, 0, 0, -1, 0, 0, 0, 0, 1, 0, 0, -1, 0, 0, 0, 0, 1, 0, 0, -1, 0, 0, 0, 1, 0, 0, -1, 0, 0, 1, 0, 0, -1, 0, 0, 0, 0, 1, 0, 0, -1, 0, 0, 0, 0, 0, 1, 0, -1, 0, 0, 0, 0, 0, 1, 0, -1, 0, 0, 0, 0, 1, 0, -1, 0, 0, 0, 1, 0, -1, 0, 0, 0, 0, 0, 1, 0, -1, 0, 0, 0, 0, 0, 0, 1, -1, 0, 0, 0, 0, 0, 0, 1, -1, 0, 0, 0, 0, 0, 1, -1, 0, 0, 0, 0, 1, -1, 0, 0, 0, 0, 0, 0, 1, -1, 0, -1, -1, -1, -1, -1, -1, -1, -1, -1, -1, -1, -1, -1, -1, -1, -1, 1, 1, 1, 1, 1, 
1, 0, 0, 0, 0, 0, 0, 0, -1, -1, -1, -1, -1, -1, -1, -1, -1, -1, -1, -1, -1, -1, -1, -1, -1, -1, -1, -1, -1, -1, -1, -1, 0, 0, 0, 0, 0, 0, 1, 1, 1, 1, 1, 1, 1, -1, -1, -1, -1, -1, -1, -1, -1, 0, 0, 0, 0, 0, 0, 1, -1, 0, 0, 0, 0, 0, 0, 1, -1, 0, 0, 0, 0, 0, -1, 0, 0, 0, 0, 0, 0, 0, 0, 0, 0, 0, 0, 0, 1, -1, -1, 0, 0, 0, 0, 0, 1, 0, -1, 0, 0, 0, 0, 0, 1, 0, 1, 0, 0, 0, 0, -1, 0, 0, 0, 0, 0, 0, 0, -1, 0, 0, 0, 0, 0, 1, 0, 0, -1, 0, 0, 0, 0, 1, 0, 0, -1, 0, 0, 0, 0, 1, 0, 0, 0, 0, 0, 0, -1, 0, 0, 0, 0, 
0, 0, 0, 0, -1, 0, 0, 0, 0, 1, 0, 0, 0, -1, 0, 0, 0, 1, 0, 0, 0, -1, 0, 0, 0, 1, 0, 0, 1, 0, 0, 0, -1, 0, 0, 0, 0, 0, 0, 0, 0, 0, -1, 0, 0, 0, 1, 0, 0, 0, 0, -1, 0, 0, 1, 0, 0, 0, 0, -1, 0, 0, 1, 0, 0, 0, 1, 0, 0, -1, 0, 0, 0, 0, 0, 0, 0, 0, 0, 0, -1, 0, 0, 1, 0, 0, 0, 0, 0, -1, 0, 1, 0, 0, 0, 0, 0, -1, 0, 1, 0, 0, 0, 0, 1, 0, -1, 0, 0, 0, 0, 0, 0, 0, 0, 0, 0, 0, -1, 0, 1, 0, 0, 0, 0, 0, 0, -1, 1, 0, 0, 0, 0, 0, 0, -1, 1, 0, 0, 0, 0, 0, 1, -1, 0, 0, 0, 0, 0, 0, 0, 0, 0, 0, 0, 0, -1, 1, 0, 0, 0, 0, 
0, 0, 0, 1, -1, 0, 0, 0, 0, 0, 0, 1, -1, 0, 0, 0, 0, 0, 0, 0, 0, 0, 0, 0, -1, 1, 0, 0, 0, 0, 0, 0, 1, -1, 0, 0, -1, 0, 0, 0, 1, 0, 0, 0, -1, 0, 0, 0, 1, 0, 0, 0, 0, 0, 0, 0, 0, 1, 0, 0, 0, -1, 0, 0, 0, -1, 0, 0, 0, 1, 0, 0, 0, 0, -1, 0, 0, 1, 0, 0, 0, 0, -1, 0, 0, 1, 0, 0, 0, 0, 0, 0, 0, 0, 0, 1, 0, 0, -1, 0, 0, 0, 0, -1, 0, 0, 1, 0, 0, 0, 0, 0, -1, 0, 1, 0, 0, 0, 0, 0, -1, 0, 1, 0, 0, 0, 0, 0, 0, 0, 0, 0, 0, 1, 0, -1, 0, 0, 0, 0, 0, -1, 0, 1, 0)
"terms",weighted.unifrac.F4.F8.dist ~ Gut_SubSection * Species
