,F4_GI_1,F4_GI_2,F4_GI_3,F4_GI_4,F4_HG_1,F4_HG_2,F4_HG_3,F5_GI_1,F5_GI_2,F5_GI_3,F5_GI_4,F5_HG_1,F5_HG_2,F5_HG_3,F6_GI_1,F6_GI_4,F6_HG_1,F6_HG_2,F6_HG_3,F7_GI_2,F7_GI_3,F7_GI_4,F7_HG_1,F7_HG_2,F7_HG_3,F8_GI_1,F8_GI_2,F8_GI_4,F8_HG_1,F8_HG_2,F8_HG_3,Species,Gut_SubSection,Gut_SubSection.padjust,Species.padjust,cluster.index,CF_componentindex,CF_NrNodes,CF_kingdom,CF_kingdom_score,CF_superclass,CF_superclass_score,CF_class,CF_class_score,CF_subclass,CF_subclass_score,CF_Dparent,CF_Dparent_score,CF_MFramework,CF_MFramework_score,row.ID,row.m.z,row.retention.time,Component.Index,Library.ID,Library.Common.Name,Analog.ID,analog_mass_difference
8,1.048116794,2.473087395,1.857492329,-0.583036386,-0.583036386,-0.583036386,-0.583036386,-0.10055188,-0.583036386,-0.583036386,-0.583036386,-0.583036386,-0.583036386,-0.583036386,2.743096135,-0.583036386,-0.583036386,-0.583036386,-0.583036386,-0.111086976,0.175786679,1.601513184,0.444474374,-0.583036386,-0.583036386,0.047657548,1.481142149,-0.583036386,-0.583036386,-0.583036386,-0.583036386,0.572975352,0.005059571,0.044720081,0.862960772,8,S8,1,no matches,0,no matches,0,no matches,0,no matches,0,no matches,0,no matches,0,8,162.1124163,0.607984848,126,N/A,N/A,N/A,N/A
22,2.135270197,-0.464711431,-0.464711431,-0.464711431,-0.464711431,-0.464711431,-0.464711431,2.878905467,-0.464711431,-0.464711431,-0.464711431,-0.464711431,-0.464711431,-0.464711431,-0.464711431,-0.464711431,-0.464711431,-0.464711431,-0.464711431,1.758113614,1.062051759,-0.464711431,-0.464711431,-0.464711431,-0.464711431,2.326154283,1.457290456,-0.464711431,-0.464711431,-0.464711431,-0.464711431,0.2886371,0.001844341,0.02153296,0.67595355,22,S17,1,no matches,0,no matches,0,no matches,0,no matches,0,no matches,0,no matches,0,22,144.0798414,2.685605702,-1,N/A,N/A,N/A,N/A
25,-0.691444621,-0.691444621,-0.691444621,-0.691444621,-0.231431856,-0.452387401,-0.137893756,-0.691444621,-0.691444621,-0.691444621,-0.691444621,0.63632609,1.093943862,0.440938961,0.909447046,1.087419447,4.262540209,0.302620235,0.416524033,-0.691444621,-0.667862466,-0.601408028,-0.343504116,0.026537934,0.302783615,-0.691444621,-0.691444621,-0.53188495,0.080317031,0.955521628,0.057343317,0.057389771,0.000362858,0.00662821,0.341194223,25,S19,1,no matches,0,no matches,0,no matches,0,no matches,0,no matches,0,no matches,0,25,214.1076267,1.5672525,154,Kainic Acid,Kainic Acid,Massbank:PR300704 Kainic acid,0.000610352
30,1.27624774,-0.313404171,0.849008909,-1.558231653,-0.76283167,-0.68992277,-1.127018121,1.44529659,0.609476687,0.71612667,-0.452641053,-1.009896878,-0.917254954,-0.927397978,1.471399887,-0.457801878,-1.039120847,-1.183380611,-1.03550276,1.320351958,0.748539484,0.713344493,1.765266554,0.524027353,0.435347512,0.80202502,1.198263593,0.223852134,-0.565300793,-0.964012374,-1.094856076,0.043603819,0.000110614,0.002651331,0.33717291,30,155,2,Organic compounds,1,Organic acids and derivatives,0.365079365,Carboxylic acids and derivatives,0.365079365,Tetracarboxylic acids and derivatives,0.293650794,Tetracarboxylic acids and derivatives,0.293650794,Aromatic heteropolycyclic compounds,0.761904762,30,132.1014207,0.965533608,-1,N/A,N/A,N/A,N/A
83,1.985714401,-0.209924544,0.806661477,1.260939166,-0.87925295,-0.964383035,-1.199596117,1.770488291,0.304726323,0.392800198,-0.54665614,-1.086926331,-1.075186281,-1.081174979,0.658143641,-0.594655634,-0.955425585,-1.072979441,-0.909547276,1.180018365,0.867530568,0.547850638,1.312655215,0.209948557,0.123529758,1.044117695,1.194460815,-0.115072545,-0.779809855,-1.054566431,-1.134427965,0.037718168,3.32E-06,0.000139804,0.33717291,83,5,100,Organic compounds,0.93,Organic acids and derivatives,0.288345599,Carboxylic acids and derivatives,0.271099206,"Amino acids, peptides, and analogues",0.269849206,Dipeptides,0.112630952,Aromatic heteropolycyclic compounds,0.295015152,83,120.0801662,1.457089758,-1,N/A,N/A,N/A,N/A
90,-0.71936911,-0.71936911,-0.71936911,-0.71936911,1.059950529,0.592946232,0.655238495,-0.494262416,-0.71936911,-0.71936911,-0.71936911,0.849141111,0.723265681,0.138881592,-0.71936911,0.106037284,1.574172412,2.384960203,3.210957238,-0.71936911,-0.668514213,-0.71936911,-0.71936911,-0.327600868,-0.188639561,-0.71936911,-0.71936911,-0.71936911,0.390909381,-0.203461795,0.267186229,0.039273552,3.77E-06,0.000147655,0.33717291,90,S54,1,no matches,0,no matches,0,no matches,0,no matches,0,no matches,0,no matches,0,90,454.2932627,6.464679792,7,Spectral Match to 1-Palmitoyl-2-hydroxy-sn-glycero-3-phosphoethanolamine from NIST14,1-Palmitoyl-2-hydroxy-sn-glycero-3-phosphoethanolamine,NCGC00380283-01!4-[5-[[4-[5-[acetyl(hydroxy)amino]pentylamino]-4-oxobutanoyl]-hydroxyamino]pentylamino]-4-oxobutanoic acid,23.9937
91,2.155723831,-0.493634079,-0.366552984,1.542474808,-0.769173708,0.15895783,-0.769173708,1.271158993,-0.587634935,-0.569881383,-0.769173708,-0.769173708,-0.769173708,-0.769173708,-0.70116277,-0.769173708,-0.769173708,-0.769173708,-0.769173708,1.526609375,1.357890549,1.234430712,-0.342954033,-0.716053522,0.686049301,1.296179566,1.707998439,0.839658505,-0.769173708,-0.769173708,-0.769173708,0.161711109,0.00374932,0.034824193,0.515219115,91,73,30,Organic compounds,1,Lipids and lipid-like molecules,0.442142857,Prenol lipids,0.283597884,Triterpenoids,0.213835979,Triterpenoids,0.213835979,Aromatic heteropolycyclic compounds,0.37297619,91,165.0548047,0.881627517,-1,L-Tyrosine,Tyrosine,L-Tyrosine,0.000198364
99,-0.536644072,-0.536644072,-0.536644072,-0.536644072,0.951571454,-0.536644072,0.945695768,-0.536644072,-0.536644072,-0.536644072,-0.536644072,0.166996705,0.291112838,-0.080675488,-0.536644072,0.129846128,1.353979045,2.557361038,3.791111665,-0.536644072,-0.536644072,-0.536644072,-0.536644072,-0.301272468,-0.177621849,-0.536644072,-0.536644072,-0.536644072,-0.536644072,-0.060779924,0.092268387,0.034409003,0.000335942,0.006348143,0.33717291,99,S57,1,no matches,0,no matches,0,no matches,0,no matches,0,no matches,0,no matches,0,99,426.2619851,5.932470202,7,1-Myristoyl-2-hydroxy-sn-glycero-3-phosphoethanolamine,14:0 Lyso PE,NCGC00380283-01!4-[5-[[4-[5-[acetyl(hydroxy)amino]pentylamino]-4-oxobutanoyl]-hydroxyamino]pentylamino]-4-oxobutanoic acid,52.025
102,1.727273995,-0.399756326,0.702986291,0.730670802,-0.598530094,-0.567586198,-0.940024908,2.192689878,0.323086565,0.852911729,0.015808862,-0.940024908,-0.940024908,-0.516903849,-0.940024908,-0.940024908,-0.940024908,-0.940024908,-0.940024908,0.676328444,1.375062364,0.621085846,0.876367195,-0.940024908,-0.038539598,1.929819272,1.168796526,0.208727187,-0.940024908,-0.940024908,-0.940024908,0.057612986,0.000616301,0.009649505,0.341194223,102,5,100,Organic compounds,0.93,Organic acids and derivatives,0.288345599,Carboxylic acids and derivatives,0.271099206,"Amino acids, peptides, and analogues",0.269849206,Dipeptides,0.112630952,Aromatic heteropolycyclic compounds,0.295015152,102,150.0578301,0.837887857,-1,N/A,N/A,N/A,N/A
104,-0.663485639,-0.663485639,-0.663485639,-0.663485639,0.559047149,-0.324947483,0.256591309,-0.663485639,-0.663485639,-0.663485639,-0.663485639,0.355207711,0.261862522,-0.086838174,-0.663485639,0.762680089,2.924366352,2.220589949,2.813438472,-0.663485639,-0.663485639,-0.663485639,-0.663485639,-0.272457372,0.012335469,-0.663485639,-0.663485639,-0.515877088,0.293818519,0.524977482,0.167489677,0.016850734,1.34E-06,7.37E-05,0.33717291,104,S58,1,no matches,0,no matches,0,no matches,0,no matches,0,no matches,0,no matches,0,104,440.2776288,6.158697967,7,N/A,N/A,NCGC00380283-01!4-[5-[[4-[5-[acetyl(hydroxy)amino]pentylamino]-4-oxobutanoyl]-hydroxyamino]pentylamino]-4-oxobutanoic acid,38.0094
106,2.079809711,-0.063975277,0.342595847,0.387460804,-0.712691537,-0.775890761,-0.851745035,2.630004516,-0.126020462,-0.297774022,0.417033699,-0.846745483,-0.855322298,-0.868374907,0.480757199,-0.72682141,-0.806285852,-0.864980804,-0.78996403,1.472198521,0.76012711,0.021499366,0.361211097,-0.342652481,-0.392331864,2.027444286,1.336424218,-0.48507482,-0.773362915,-0.833211239,-0.903341175,0.046069828,7.41E-08,1.35E-05,0.33717291,106,S59,1,no matches,0,no matches,0,no matches,0,no matches,0,no matches,0,no matches,0,106,188.0702066,2.600465909,150,Spectral Match to L-Tryptophan from NIST14,Tryptophan,Spectral Match to L-Tryptophan from NIST14,0.00479126
111,-0.631507712,-0.631507712,-0.631507712,-0.631507712,1.460640983,0.587453361,1.217217873,-0.631507712,-0.631507712,-0.631507712,-0.631507712,-0.631507712,-0.631507712,-0.631507712,-0.631507712,-0.631507712,-0.631507712,-0.631507712,-0.631507712,-0.631507712,-0.631507712,-0.631507712,0.542472768,1.475184035,1.671527848,-0.631507712,-0.631507712,0.354081704,1.871524562,2.511404565,1.570154258,0.511181174,0.003536693,0.034165658,0.862960772,111,S61,1,no matches,0,no matches,0,no matches,0,no matches,0,no matches,0,no matches,0,111,603.4409548,6.967257639,157,N/A,N/A,N/A,N/A
118,1.934490778,-0.060439118,0.34301893,0.371849843,-0.686081011,-0.713217976,-0.944739928,2.512667297,-0.085113622,-0.246520974,0.431138919,-0.944739928,-0.944739928,-0.944739928,0.525967807,-0.687158177,-0.944739928,-0.836235984,-0.747338541,1.482081474,0.798078102,0.096263713,0.362025854,-0.324496889,-0.378850902,2.137546571,1.394672927,-0.426638801,-0.738958219,-0.790312432,-0.944739928,0.057847591,4.56E-07,3.57E-05,0.341194223,118,S62,1,no matches,0,no matches,0,no matches,0,no matches,0,no matches,0,no matches,0,118,205.0968325,2.601979386,150,Spectral Match to L-Tryptophan from NIST14,Tryptophan,Spectral Match to L-Tryptophan from NIST14,0.00180054
126,-1.014043803,-0.905855584,0.069861974,0.848089857,2.892213965,1.587593445,2.177307239,-1.014043803,-0.694561636,0.201961827,0.886481289,0.385924824,0.27900983,-0.288604753,-1.014043803,-0.522376808,0.692281461,1.129342289,-0.088163843,-1.014043803,0.070827185,-0.503682237,-1.014043803,-0.720189832,-0.771723642,-1.014043803,-1.014043803,-0.175696374,0.115649157,0.699039739,-0.266422752,0.225830622,1.95E-05,0.000563533,0.592791503,126,2,7,Organic compounds,1,Organoheterocyclic compounds,0.493197279,Carboxylic acids and derivatives,0.298696145,"Amino acids, peptides, and analogues",0.284410431,Alpha amino acids and derivatives,0.110260771,Aromatic heteropolycyclic compounds,0.457426304,126,441.2616796,6.795651389,7,N/A,N/A,1-(10Z-Heptadecenoyl)-sn-glycero-3-phospho-(1'-rac-glycerol),20.0046
141,-0.872842846,-0.98619802,-0.559287104,-0.333995982,2.290876041,2.144210998,2.128625793,-0.98619802,-0.605346468,-0.399624282,0.477730335,0.702604443,0.290075385,-0.98619802,-0.98619802,0.67006879,1.398285633,0.924185002,-0.351947757,-0.883236711,-0.682057084,-0.224783088,-0.98619802,-0.544421456,-0.48593518,-0.98619802,-0.98619802,0.277304243,0.224587577,0.871126505,0.447183355,0.219995631,0.001623941,0.02118857,0.590968655,141,5,100,Organic compounds,0.93,Organic acids and derivatives,0.288345599,Carboxylic acids and derivatives,0.271099206,"Amino acids, peptides, and analogues",0.269849206,Dipeptides,0.112630952,Aromatic heteropolycyclic compounds,0.295015152,141,507.2696766,7.409449744,7,1-Palmitoyl-2-hydroxy-sn-glycero-3-phospho-(1'-rac-glycerol),16:0 Lyso PG,1-(10Z-Heptadecenoyl)-sn-glycero-3-phospho-(1'-rac-glycerol),11.9996
151,-0.91441033,-1.045294067,-0.650036747,-0.39684009,2.873233744,1.690925355,2.013889665,-0.97997829,-0.642679792,-0.507809973,0.499203723,0.540522334,0.109105179,-0.147303289,-1.045294067,0.5666796,1.128320572,0.710233998,-0.313150902,-0.91979444,-0.665611772,-0.20418182,-1.045294067,-0.543757406,-0.516680485,-1.045294067,-1.045294067,0.608051219,0.501134363,0.881474346,0.505931576,0.142818621,0.000245944,0.004991749,0.496224952,151,63,50,Organic compounds,1,Lipids and lipid-like molecules,0.470212121,Prenol lipids,0.177018038,,0.1856443,Diterpenoids,0.042135642,Aromatic heteropolycyclic compounds,0.382551948,151,485.2878634,7.418996561,7,2-hydroxy-3-(2-hydroxyacetoxy)propyl palmitate,2-hydroxy-3-(2-hydroxyacetoxy)propyl palmitate,PE(16:0/0:0); [M+H]+ C21H45N1O7P1,32.0019
153,1.011857687,-0.513252625,-0.409944359,-0.32622372,-0.678986344,-0.678986344,-0.678986344,1.524682893,2.952564679,2.927732574,0.629442871,-0.678986344,-0.678986344,-0.678986344,-0.219361599,-0.678986344,-0.678986344,-0.678986344,-0.678986344,0.697511405,-0.388882805,-0.469273091,0.377886197,-0.080013011,-0.423869636,0.877653609,0.002875131,0.65543627,-0.678986344,-0.678986344,-0.678986344,0.463313103,0.002389664,0.02425066,0.862960772,153,28,19,Organic compounds,1,Lipids and lipid-like molecules,0.901754386,Prenol lipids,0.378947368,Triterpenoids,0.315789474,Triterpenoids,0.315789474,Aliphatic acyclic compounds,0.498245614,153,247.1290413,1.493374206,-1,N/A,N/A,#NAME?,42.0471
156,1.823001181,3.622608186,0.778452316,0.080448951,-0.377235212,-0.358702012,-0.400710061,-0.184236883,0.587938926,-0.231201262,-0.364484102,-0.247970045,-0.369010015,-0.423948144,0.439208716,-0.447649398,-0.668044836,-0.668044836,-0.668044836,-0.559585783,-0.631855683,-0.668044836,-0.668044836,-0.668044836,-0.668044836,0.23813236,2.596292191,0.128242773,-0.259752367,-0.093625947,-0.668044836,0.13215266,0.000128261,0.00292863,0.473331095,156,74,4,Organic compounds,1,Lipids and lipid-like molecules,0.8,Glycerolipids,0.34375,Triradylcglycerols,0.34375,Triacylglycerols,0.34375,Aliphatic acyclic compounds,0.46875,156,481.2985569,6.08071708,5,N/A,N/A,N/A,N/A
167,1.867907277,-0.07949641,0.748692369,1.13965391,-1.114601161,-1.114601161,-1.114601161,1.684966852,0.315714343,0.381100057,-0.438914524,-1.114601161,-1.114601161,-1.114601161,0.698430621,-0.38392104,-1.114601161,-1.114601161,-1.114601161,1.204979753,0.903878684,0.650934321,1.265786191,0.282490634,0.205483689,1.051849586,1.140364596,0.10362133,-0.482909472,-1.114601161,-1.114601161,0.030550556,1.05E-06,6.39E-05,0.33717291,167,S76,1,no matches,0,no matches,0,no matches,0,no matches,0,no matches,0,no matches,0,167,149.0592591,1.473443356,106,N/A,N/A,"N-Hydroxy-3,4-methylenedioxyamphetamine",29.027
169,1.855206864,3.692819579,0.796647169,0.191937973,-0.534591935,-0.534591935,-0.534591935,-0.534591935,0.533973004,-0.172303347,-0.534591935,-0.534591935,-0.534591935,-0.534591935,0.448115665,-0.534591935,-0.534591935,-0.534591935,-0.534591935,-0.534591935,-0.534591935,-0.534591935,-0.534591935,-0.534591935,-0.534591935,0.339556355,2.468853604,0.234909429,-0.191926808,-0.040542729,-0.534591935,0.479917848,0.002104968,0.022618085,0.862960772,169,83,6,Organic compounds,1,Organic oxygen compounds,0.5,Organooxygen compounds,0.5,Carbohydrates and carbohydrate conjugates,0.5,C-glycosyl compounds,0.5,Aliphatic heteromonocyclic compounds,0.5,169,517.3191961,6.104153056,5,N/A,N/A,"""(4R)-4-((3R,5R,7R,9S,10S,13R,14S,17R)-7-hydroxy-10,13-dimethyl-3-(sulfooxy)hexadecahydro-1H-cyclopenta[a]phenanthren-17-yl)pentanoic acid""",44.0622
171,0.871496471,3.292588478,1.398129815,0.683022677,-0.600304669,-0.394837784,-0.678692141,-0.431013962,2.126393571,0.36819676,0.029908135,-0.788974354,-0.58004088,-0.639346049,0.398108669,0.293411713,-0.605627984,-0.788974354,-0.788974354,0.615773251,0.887853033,-0.309014148,-0.788974354,-0.788974354,-0.788974354,-0.256702676,1.234317833,-0.695605313,-0.696219968,-0.788974354,-0.788974354,0.766599895,4.20E-09,2.30E-06,0.902782481,171,309,4,Organic compounds,1,Organoheterocyclic compounds,0.327380952,Steroids and steroid derivatives,0.178571429,,0.222222222,Androgens and derivatives,0.071428571,Aromatic heteropolycyclic compounds,0.382936508,171,357.2793174,6.277487664,5,"(4R)-4-((3R,5S,7S,9S,10S,13R,14S,17R)-3,7-dihydroxy-10,13-dimethylhexadecahydro-1H-cyclopenta[a]phenanthren-17-yl)pentanoic acid",deoxycholic acid ,"""(4R)-4-((3R,5S,7S,9S,10S,13R,14S,17R)-3,7-dihydroxy-10,13-dimethylhexadecahydro-1H-cyclopenta[a]phenanthren-17-yl)pentanoic acid""",0.000305176
191,-0.798379352,-0.798379352,-0.459835448,-0.081628968,1.336198929,0.493410054,0.854351824,-0.798379352,-0.798379352,-0.195004895,0.279425279,0.460901713,0.389440744,-0.798379352,-0.798379352,0.060564273,3.487406918,2.201925525,0.410367553,-0.798379352,-0.524008756,-0.683446439,-0.798379352,-0.798379352,-0.504423878,-0.798379352,-0.798379352,-0.326249199,0.507171088,0.990891886,0.084714672,0.050253713,0.000196582,0.004143352,0.33717291,191,52,20,Organic compounds,1,Organic acids and derivatives,0.501765873,Carboxylic acids and derivatives,0.461488095,"Amino acids, peptides, and analogues",0.461488095,Dipeptides,0.269186508,Aromatic heteropolycyclic compounds,0.33827381,191,455.2774048,7.138545578,7,N/A,N/A,N/A,N/A
195,1.425447645,1.509914978,3.096454369,2.479464025,-0.656462862,-0.656462862,-0.656462862,-0.656462862,0.244886024,0.160285096,-0.656462862,-0.656462862,-0.656462862,-0.656462862,-0.656462862,-0.656462862,-0.656462862,-0.656462862,-0.656462862,-0.060873635,0.545999548,0.842061409,-0.656462862,0.744634567,-0.656462862,-0.130831962,0.663320126,0.295569326,-0.656462862,-0.656462862,-0.656462862,0.643787885,0.002022523,0.022166857,0.862960772,195,S84,1,no matches,0,no matches,0,no matches,0,no matches,0,no matches,0,no matches,0,195,281.1136113,2.937430044,-1,Asp-Phe,Asp-Phe,Massbank:EA277010 Aspartame|3-amino-4-[(1-benzyl-2-keto-2-methoxy-ethyl)amino]-4-keto-butyric acid,14.0154
210,-0.167812211,1.603436514,1.119716219,-0.658876417,-0.658876417,-0.658876417,0.893080157,-0.658876417,0.765927346,0.218860885,1.128355049,-0.658876417,-0.658876417,-0.658876417,-0.658876417,3.774257641,-0.658876417,0.615484177,-0.658876417,-0.420582348,0.570387412,0.096976077,-0.658876417,-0.658876417,-0.658876417,-0.658876417,0.961537779,0.0412744,-0.658876417,-0.658876417,-0.658876417,0.304857199,0.001961711,0.02206901,0.708460069,210,S92,1,no matches,0,no matches,0,no matches,0,no matches,0,no matches,0,no matches,0,210,359.294923,7.240912308,5,"(R)-4-((3S,5R,8R,9S,10S,13R,14S,17R)-3-hydroxy-10,13-dimethylhexadecahydro-1H-cyclopenta[a]phenanthren-17-yl)pentanoic acid",lithocholic acid,"""(R)-4-((3S,5R,8R,9S,10S,13R,14S,17R)-3-hydroxy-10,13-dimethylhexadecahydro-1H-cyclopenta[a]phenanthren-17-yl)pentanoic acid""",0.00088501
220,-0.662354957,-0.662354957,-0.662354957,-0.662354957,1.367161195,0.025505112,1.149875756,-0.662354957,-0.662354957,-0.662354957,-0.662354957,0.972798301,1.334265912,-0.279527213,-0.540612372,-0.139763351,1.311431398,2.050034873,3.232731821,-0.662354957,-0.662354957,-0.662354957,-0.662354957,-0.662354957,-0.662354957,-0.662354957,-0.662354957,-0.308577052,0.087425566,0.432082178,-0.097152816,0.027456427,0.000111279,0.002651331,0.33717291,220,S99,1,no matches,0,no matches,0,no matches,0,no matches,0,no matches,0,no matches,0,220,180.1019131,0.839309333,-1,N/A,N/A,N/A,N/A
246,-0.355089553,0.81185332,0.963441763,1.398335771,0.061033619,0.709758108,-0.496942197,-0.478828065,3.251300389,1.991517832,1.261238035,-0.244809257,-0.609559373,-0.812865822,-0.169750075,-0.150421538,-0.812865822,-0.812865822,-0.812865822,0.388938558,0.958486646,-0.055523057,-0.812865822,-0.812865822,-0.812865822,-0.566494963,0.273038081,-0.812865822,-0.812865822,-0.812865822,-0.812865822,0.792375412,6.80E-05,0.001773802,0.902782481,246,3,74,Organic compounds,1,Lipids and lipid-like molecules,0.826045201,Prenol lipids,0.390973928,Diterpenoids,0.1878003,Diterpenoids,0.119417632,Aliphatic homopolycyclic compounds,0.268458231,246,357.279184,5.780734983,5,"(4R)-4-((3R,5S,7S,9S,10S,13R,14S,17R)-3,7-dihydroxy-10,13-dimethylhexadecahydro-1H-cyclopenta[a]phenanthren-17-yl)pentanoic acid",chenodeoxycholic acid ,"""(4R)-4-((3R,5S,7S,9S,10S,13R,14S,17R)-3,7-dihydroxy-10,13-dimethylhexadecahydro-1H-cyclopenta[a]phenanthren-17-yl)pentanoic acid""",0.000213623
261,-0.47248236,1.961767314,2.009220425,-0.47248236,-0.47248236,-0.47248236,-0.47248236,-0.228944839,2.407469282,1.141405088,-0.47248236,-0.47248236,-0.47248236,-0.47248236,-0.47248236,-0.002296213,-0.47248236,-0.47248236,-0.47248236,-0.47248236,-0.067040538,-0.47248236,-0.47248236,-0.47248236,-0.47248236,0.003237762,3.169793632,-0.47248236,-0.47248236,-0.47248236,-0.47248236,0.176435755,2.95E-05,0.000807409,0.526544901,261,3,74,Organic compounds,1,Lipids and lipid-like molecules,0.826045201,Prenol lipids,0.390973928,Diterpenoids,0.1878003,Diterpenoids,0.119417632,Aliphatic homopolycyclic compounds,0.268458231,261,373.2739697,5.958677684,5,Cholic acid,Cholic acid,Cholic acid,18.011
335,-0.36169909,1.596693228,-0.36169909,-0.36169909,-0.36169909,-0.36169909,-0.36169909,-0.36169909,-0.36169909,-0.36169909,-0.36169909,-0.36169909,-0.36169909,-0.36169909,3.386067792,-0.36169909,-0.36169909,-0.36169909,-0.36169909,1.679617752,-0.36169909,-0.36169909,-0.36169909,-0.36169909,-0.36169909,-0.36169909,3.103496671,-0.36169909,-0.36169909,-0.36169909,-0.36169909,0.346184999,0.003616073,0.034165658,0.74688732,335,52,20,Organic compounds,1,Organic acids and derivatives,0.501765873,Carboxylic acids and derivatives,0.461488095,"Amino acids, peptides, and analogues",0.461488095,Dipeptides,0.269186508,Aromatic heteropolycyclic compounds,0.33827381,335,411.2530948,6.859693939,172,N/A,N/A,N/A,N/A
376,0.88677758,1.257281749,1.792334066,1.945271782,-0.697662138,-0.697662138,-0.697662138,-0.697662138,2.646539814,1.785327788,1.146823738,-0.697662138,-0.697662138,-0.697662138,0.507015934,-0.697662138,-0.697662138,-0.697662138,-0.697662138,-0.330603251,-0.070642808,0.140110994,0.483697082,-0.697662138,-0.697662138,-0.461324943,0.131646826,-0.697662138,-0.697662138,-0.697662138,-0.697662138,0.87772663,0.003611958,0.034165658,0.921444815,376,S170,1,no matches,0,no matches,0,no matches,0,no matches,0,no matches,0,no matches,0,376,233.1132182,0.933221759,-1,N/A,N/A,N/A,N/A
390,0.431486652,-0.581049626,1.831950551,-0.581049626,-0.581049626,-0.581049626,-0.581049626,-0.581049626,-0.581049626,2.302152205,-0.581049626,-0.581049626,-0.581049626,-0.581049626,-0.581049626,-0.581049626,-0.581049626,-0.581049626,-0.581049626,0.350527669,2.488713306,1.651793977,-0.581049626,1.411108428,-0.581049626,1.075206844,1.240152137,-0.581049626,-0.581049626,-0.581049626,-0.581049626,0.158261805,0.002750964,0.027409605,0.512375688,390,3,74,Organic compounds,1,Lipids and lipid-like molecules,0.826045201,Prenol lipids,0.390973928,Diterpenoids,0.1878003,Diterpenoids,0.119417632,Aliphatic homopolycyclic compounds,0.268458231,390,394.1981948,3.899405357,46,Leu Asp Phe,Leu-Asp-Phe,Leu Asp Phe,0.000946045
395,1.992874653,-0.010566388,0.813129844,1.033742808,-0.935557573,-0.935557573,-0.935557573,1.711784099,0.411108578,0.408256178,-0.935557573,-0.935557573,-0.935557573,-0.935557573,0.600826718,-0.935557573,-0.935557573,-0.935557573,-0.935557573,1.172322185,0.998979767,0.7086347,1.33176388,0.331774897,0.185337152,1.124778617,1.218615899,-0.935557573,-0.935557573,-0.935557573,-0.935557573,0.029947891,1.06E-05,0.000322141,0.33717291,395,52,20,Organic compounds,1,Organic acids and derivatives,0.501765873,Carboxylic acids and derivatives,0.461488095,"Amino acids, peptides, and analogues",0.461488095,Dipeptides,0.269186508,Aromatic heteropolycyclic compounds,0.33827381,395,131.0484568,1.475800731,106,4-Methoxychalcone,4-Methoxychalcone,"2-Methyl-6(S)-(3-pyridyl)tetrahydro-1,2-oxazine",0.983398
401,-0.188098024,-0.548472509,-0.548472509,-0.161456815,-0.548472509,-0.548472509,-0.548472509,0.403190529,-0.548472509,-0.548472509,-0.548472509,-0.548472509,-0.548472509,-0.548472509,-0.548472509,-0.548472509,-0.548472509,-0.548472509,-0.548472509,-0.337349561,1.549132885,2.71420849,1.809583404,2.70775931,1.727478069,0.445829854,-0.548472509,0.299172039,-0.548472509,-0.548472509,-0.548472509,0.005020005,0.004137615,0.037790218,0.33717291,401,S177,1,no matches,0,no matches,0,no matches,0,no matches,0,no matches,0,no matches,0,401,332.181892,3.095012209,15,N/A,N/A,Asp-Val,99.0687
459,1.335485917,-0.379137215,-0.103808181,-0.379137215,-0.379137215,-0.379137215,-0.379137215,1.735313113,-0.379137215,-0.379137215,-0.379137215,-0.379137215,-0.379137215,-0.379137215,-0.379137215,-0.379137215,-0.379137215,-0.379137215,-0.379137215,0.849023871,0.055254456,-0.086889535,-0.379137215,-0.379137215,-0.379137215,4.586362337,0.349413966,-0.379137215,-0.379137215,-0.379137215,-0.379137215,0.270349498,0.000881997,0.013063092,0.653244764,459,19,21,Organic compounds,0.619047619,Organoheterocyclic compounds,0.278741497,Benzene and substituted derivatives,0.126870748,,0.119047619,Dipeptides,0.038548753,Aromatic heteropolycyclic compounds,0.239172336,459,261.1447748,2.491909333,276,Glu-Leu,Glu-Leu,5-L-Glutamyl-L-alanine,42.0472
512,3.001810359,-0.481261693,-0.481261693,-0.481261693,-0.481261693,-0.481261693,-0.481261693,0.065520856,-0.481261693,-0.481261693,-0.481261693,-0.481261693,-0.481261693,-0.481261693,2.020055453,-0.481261693,-0.481261693,-0.481261693,-0.481261693,1.883024437,2.234515712,1.735147382,-0.481261693,-0.481261693,-0.481261693,-0.03358746,0.162532192,-0.481261693,-0.481261693,-0.481261693,-0.481261693,0.084921774,0.001440384,0.019251968,0.411196109,512,S233,1,Organic compounds,1,Organic acids and derivatives,1,Carboxylic acids and derivatives,1,"Amino acids, peptides, and analogues",1,Dipeptides,1,Aromatic heteropolycyclic compounds,1,512,136.0750403,0.85113029,-1,N/A,N/A,N/A,N/A
513,2.766449099,-0.400482382,-0.400482382,-0.400482382,-0.400482382,-0.400482382,-0.400482382,3.505058047,-0.400482382,-0.400482382,-0.400482382,-0.400482382,-0.400482382,-0.400482382,-0.400482382,-0.400482382,-0.400482382,-0.400482382,-0.400482382,1.71940351,1.173463215,-0.400482382,-0.400482382,-0.400482382,-0.400482382,1.248168067,-0.400482382,-0.400482382,-0.400482382,-0.400482382,-0.400482382,0.210798547,0.001677789,0.021382059,0.57986163,513,S234,1,no matches,0,no matches,0,no matches,0,no matches,0,no matches,0,no matches,0,513,258.1101138,0.653304722,74,Glycerophosphocholine,Glycerophosphocholine,Glycerophosphocholine,0
514,2.4033641,0.316200787,0.520642339,-0.646719101,-0.646719101,-0.646719101,-0.646719101,2.782313093,0.375125255,-0.646719101,-0.646719101,-0.646719101,-0.646719101,-0.646719101,1.058668986,-0.646719101,-0.646719101,-0.646719101,-0.646719101,1.266609511,0.669846055,-0.646719101,1.563983787,-0.646719101,-0.646719101,0.865186696,1.11244141,-0.646719101,-0.646719101,-0.646719101,-0.646719101,0.176796098,7.39E-07,5.06E-05,0.526544901,514,5,100,Organic compounds,0.93,Organic acids and derivatives,0.288345599,Carboxylic acids and derivatives,0.271099206,"Amino acids, peptides, and analogues",0.269849206,Dipeptides,0.112630952,Aromatic heteropolycyclic compounds,0.295015152,514,130.0492053,0.649244081,-1,N/A,N/A,N/A,N/A
516,1.923321435,-0.672144068,0.847966817,-0.672144068,-0.672144068,-0.672144068,-0.672144068,2.075085415,-0.672144068,1.005963426,0.180208096,-0.672144068,-0.672144068,-0.672144068,-0.672144068,-0.672144068,-0.672144068,-0.672144068,-0.672144068,-0.672144068,1.545968551,0.873851341,1.002892654,-0.672144068,-0.672144068,2.265554824,1.319776917,0.402291879,-0.672144068,-0.672144068,-0.672144068,0.223571013,0.001846805,0.02153296,0.592791503,516,S235,1,no matches,0,no matches,0,no matches,0,no matches,0,no matches,0,no matches,0,516,133.0311607,0.838832927,-1,N/A,N/A,N/A,N/A
518,2.520516127,-0.239270777,-0.05002248,0.061959234,-0.536787465,-0.536787465,-0.536787465,3.296167061,-0.536787465,-0.536787465,-0.536787465,-0.536787465,-0.536787465,-0.536787465,1.360285867,-0.536787465,-0.536787465,-0.536787465,-0.536787465,2.123657716,-0.043242343,-0.195323731,-0.219260766,-0.536787465,-0.536787465,0.55704674,0.816483607,-0.326821891,-0.536787465,-0.536787465,-0.536787465,0.225841752,6.18E-06,0.000225712,0.592791503,518,86,10,Organic compounds,1,Lipids and lipid-like molecules,0.656547619,Glycerophospholipids,0.257142857,Glycerophosphocholines,0.257142857,Monoalkylglycerophosphocholines,0.216865079,Aliphatic acyclic compounds,0.282142857,518,261.1447571,3.044829358,276,N/A,N/A,5-L-Glutamyl-L-alanine,42.0472
525,2.348689251,-0.505868293,-0.060709556,0.184540521,-0.505868293,-0.505868293,-0.505868293,2.980969791,-0.505868293,-0.505868293,-0.505868293,-0.505868293,-0.505868293,-0.505868293,0.825446601,-0.505868293,-0.505868293,-0.505868293,-0.505868293,1.697428355,-0.185680222,-0.261567777,-0.505868293,-0.505868293,-0.505868293,2.54689378,0.400571915,-0.359216797,-0.505868293,-0.505868293,-0.505868293,0.306001754,2.80E-06,0.000139114,0.708460069,525,127,3,Organic compounds,1,Organoheterocyclic compounds,0.425,Organooxygen compounds,0.15,Cytisine and derivatives,0.141666667,Cytisine and derivatives,0.141666667,Aromatic heteropolycyclic compounds,0.733333333,525,295.1292502,3.352127193,-1,Glu-Phe,Glu-Phe,Spectral Match to DL-Phenylalanine from NIST14,36.0347
530,2.250469634,-0.486108348,0.140449615,-0.486108348,-0.486108348,-0.486108348,-0.486108348,2.864003246,-0.486108348,-0.486108348,-0.486108348,-0.486108348,-0.486108348,-0.486108348,1.234735968,-0.486108348,-0.486108348,-0.486108348,-0.486108348,1.328152444,-0.002204755,-0.311249832,-0.486108348,-0.486108348,-0.486108348,2.828086297,0.36194104,-0.486108348,-0.486108348,-0.486108348,-0.486108348,0.236747773,1.12E-07,1.54E-05,0.607339715,530,289,3,Organic compounds,1,Phenylpropanoids and polyketides,0.457671958,Coumarins and derivatives,0.424338624,,0.221693122,Psoralens,0.142857143,Aromatic heteropolycyclic compounds,0.697354497,530,279.1010849,1.343560959,-1,N/A,N/A,.gamma.-Glu-Cys,28.0311
536,2.168215389,0.138353441,0.498321882,0.455534182,-0.625902772,-0.625902772,-0.625902772,2.687594024,-0.625902772,-0.625902772,-0.625902772,-0.625902772,-0.625902772,-0.625902772,0.509129632,-0.625902772,-0.625902772,-0.625902772,-0.625902772,1.557211225,0.923398258,0.14287357,-0.625902772,-0.625902772,-0.625902772,2.106319127,1.331104718,-0.625902772,-0.625902772,-0.625902772,-0.625902772,0.460132998,8.39E-06,0.00028194,0.862960772,536,S244,1,no matches,0,no matches,0,no matches,0,no matches,0,no matches,0,no matches,0,536,146.0589846,2.603429861,153,N/A,N/A,"Methanone, (4-ethyl-1-naphthalenyl)[1-(5-hydroxypentyl)-1H-indol-3-yl]-",37.0214
551,2.723765526,-0.409487376,-0.409487376,-0.409487376,-0.409487376,-0.409487376,-0.409487376,-0.409487376,-0.409487376,-0.409487376,-0.409487376,-0.409487376,-0.409487376,-0.409487376,1.178429322,-0.409487376,-0.409487376,-0.409487376,-0.409487376,2.219272634,0.073338644,-0.409487376,-0.409487376,-0.409487376,-0.409487376,3.417514183,0.624864097,-0.409487376,-0.409487376,-0.409487376,-0.409487376,0.619695976,0.000863869,0.013063092,0.862960772,551,238,2,Organic compounds,0.5,Organic acids and derivatives,0.277777778,Carboxylic acids and derivatives,0.222222222,"Amino acids, peptides, and analogues",0.222222222,Alpha amino acid amides,0.111111111,Aromatic heteropolycyclic compounds,0.388888889,551,311.1242768,1.773436164,83,.alpha.-L-Glu-L-Tyr,Glu-Tyr,Ala-Tyr,58.006
554,3.942939699,2.112248927,-0.418425754,-0.418425754,-0.418425754,-0.418425754,-0.418425754,0.435049652,-0.418425754,-0.418425754,-0.418425754,-0.418425754,-0.418425754,-0.418425754,-0.418425754,-0.418425754,-0.418425754,-0.418425754,-0.418425754,2.191346371,0.50159681,-0.418425754,-0.418425754,-0.418425754,-0.418425754,0.131298728,0.72773792,-0.418425754,-0.418425754,-0.418425754,-0.418425754,0.518980439,0.001973324,0.02206901,0.862960772,554,S250,1,no matches,0,no matches,0,no matches,0,no matches,0,no matches,0,no matches,0,554,310.1755738,1.291881452,-1,N/A,N/A,N/A,N/A
558,2.165337712,-0.493164273,-0.493164273,-0.493164273,-0.493164273,-0.493164273,-0.493164273,2.816673646,-0.493164273,-0.493164273,-0.493164273,-0.493164273,-0.493164273,-0.493164273,-0.493164273,-0.493164273,-0.493164273,-0.493164273,-0.493164273,1.716650985,1.012289364,0.307082121,-0.493164273,-0.493164273,-0.493164273,2.214294189,1.603614545,-0.493164273,-0.493164273,-0.493164273,-0.493164273,0.17523497,0.002309534,0.023879715,0.526544901,558,5,100,Organic compounds,0.93,Organic acids and derivatives,0.288345599,Carboxylic acids and derivatives,0.271099206,"Amino acids, peptides, and analogues",0.269849206,Dipeptides,0.112630952,Aromatic heteropolycyclic compounds,0.295015152,558,159.0907641,2.626168095,153,N/A,N/A,N/A,N/A
640,1.858510451,-0.300181691,-0.300181691,-0.300181691,-0.300181691,-0.300181691,-0.300181691,4.802879251,-0.300181691,-0.300181691,-0.300181691,-0.300181691,-0.300181691,-0.300181691,-0.300181691,-0.300181691,-0.300181691,-0.300181691,-0.300181691,0.763449576,-0.300181691,-0.300181691,-0.300181691,-0.300181691,-0.300181691,0.680066371,-0.300181691,-0.300181691,-0.300181691,-0.300181691,-0.300181691,0.36107069,0.001065237,0.015361845,0.763964239,640,3,74,Organic compounds,1,Lipids and lipid-like molecules,0.826045201,Prenol lipids,0.390973928,Diterpenoids,0.1878003,Diterpenoids,0.119417632,Aliphatic homopolycyclic compounds,0.268458231,640,384.1154069,2.264580769,197,Succinoadenosine,Succinoadenosine,Adenylosuccinic acid,79.9659
644,0.87612049,0.700295983,-0.312760514,-0.312760514,-0.312760514,-0.312760514,-0.312760514,0.075488542,-0.312760514,-0.312760514,-0.312760514,-0.312760514,-0.312760514,-0.312760514,5.011239179,-0.312760514,-0.312760514,-0.312760514,-0.312760514,1.083051705,-0.312760514,-0.312760514,-0.312760514,-0.312760514,-0.312760514,0.072816962,-0.312760514,-0.312760514,-0.312760514,-0.312760514,-0.312760514,0.2737903,0.000306579,0.006000187,0.653244764,644,5,100,Organic compounds,0.93,Organic acids and derivatives,0.288345599,Carboxylic acids and derivatives,0.271099206,"Amino acids, peptides, and analogues",0.269849206,Dipeptides,0.112630952,Aromatic heteropolycyclic compounds,0.295015152,644,464.28324,5.376849722,44,"2-((R)-4-((3R,5S,7S,8R,9S,10S,13R,14S,17R)-3,7-dihydroxy-10,13-dimethylhexadecahydro-1H-cyclopenta[a]phenanthren-17-yl)pentanamido)ethane-1-sulfonic acid",taurodeoxycholic acid ,"""2-((R)-4-((3R,5S,7S,8R,9S,10S,13R,14S,17R)-3,7-dihydroxy-10,13-dimethylhexadecahydro-1H-cyclopenta[a]phenanthren-17-yl)pentanamido)ethane-1-sulfonic acid""",0.000213623
645,0.436288208,0.760222824,-0.293744107,-0.293744107,-0.293744107,-0.293744107,-0.293744107,-0.038033491,-0.293744107,-0.293744107,-0.293744107,-0.293744107,-0.293744107,-0.293744107,5.053775416,-0.293744107,-0.293744107,-0.293744107,-0.293744107,1.239767758,-0.293744107,-0.293744107,-0.293744107,-0.293744107,-0.293744107,-0.180156777,-0.222005378,-0.293744107,-0.293744107,-0.293744107,-0.293744107,0.254017827,0.001436848,0.019251968,0.632735314,645,S292,1,no matches,0,no matches,0,no matches,0,no matches,0,no matches,0,no matches,0,645,482.2936101,5.083041667,44,"2-((4R)-4-((3R,5S,7R,9S,10S,13R,14S,17R)-3,7-dihydroxy-10,13-dimethylhexadecahydro-1H-cyclopenta[a]phenanthren-17-yl)pentanamido)ethane-1-sulfonic acid",taurodeoxycholic acid ,"""2-((4R)-4-((3R,5R,6R,8S,9S,10R,13R,17R)-3,6-dihydroxy-10,13-dimethylhexadecahydro-1H-cyclopenta[a]phenanthren-17-yl)pentanamido)ethane-1-sulfonic acid""",18.0106
647,0.943746583,3.332403451,1.460452681,0.748077324,-0.662488074,-0.662488074,-0.662488074,-0.300515309,2.104123403,0.467881518,0.104950138,-0.662488074,-0.662488074,-0.662488074,0.655640276,-0.210277284,-0.662488074,-0.662488074,-0.662488074,0.807211284,-0.662488074,-0.153649991,-0.662488074,-0.662488074,-0.662488074,-0.092502065,1.394755243,-0.662488074,-0.662488074,-0.662488074,-0.662488074,0.672737858,2.25E-07,2.47E-05,0.865785514,647,S293,1,no matches,0,no matches,0,no matches,0,no matches,0,no matches,0,no matches,0,647,375.289237,6.240449296,5,"(R)-4-((5R,8R,9S,10S,13R,14S,17R)-10,13-dimethyl-3-oxohexadecahydro-1H-cyclopenta[a]phenanthren-17-yl)pentanoic acid",3-ketolithocholic acid ,"""(R)-4-((3S,5S,8R,9S,10S,12S,13R,14S,17R)-3,12-dihydroxy-10,13-dimethylhexadecahydro-1H-cyclopenta[a]phenanthren-17-yl)pentanoic acid""",18.0102
648,-0.137364137,2.152388864,2.399358688,0.940148908,-0.589217556,-0.589217556,-0.589217556,-0.276845959,-0.466746984,1.516584752,-0.589217556,-0.589217556,-0.589217556,-0.589217556,-0.589217556,0.246129904,-0.589217556,-0.589217556,-0.589217556,1.492409674,2.716766907,0.300625853,-0.589217556,-0.589217556,-0.589217556,0.043238407,-0.320778867,-0.589217556,-0.589217556,-0.589217556,-0.589217556,0.762471421,8.75E-06,0.00028194,0.902782481,648,38,13,Organic compounds,0.923076923,Lipids and lipid-like molecules,0.625641026,Sphingolipids,0.289102564,Ceramides,0.238461538,Ceramides,0.197435897,Aliphatic acyclic compounds,0.730769231,648,391.2846556,5.942993376,5,"(R)-4-((3S,5R,6R,7R,8S,9S,10R,13R,14S,17R)-3,6,7-trihydroxy-10,13-dimethylhexadecahydro-1H-cyclopenta[a]phenanthren-17-yl)pentanoic acid",cholic acid ,"""(R)-4-((3S,5R,6R,7R,8S,9S,10R,13R,14S,17R)-3,6,7-trihydroxy-10,13-dimethylhexadecahydro-1H-cyclopenta[a]phenanthren-17-yl)pentanoic acid""",0.000701904
649,-0.388106476,4.09047227,-0.388106476,-0.388106476,-0.388106476,-0.388106476,-0.388106476,-0.388106476,1.488617676,-0.388106476,-0.388106476,-0.388106476,-0.388106476,-0.388106476,-0.388106476,-0.388106476,-0.388106476,-0.388106476,-0.388106476,1.092068194,1.490395202,-0.388106476,-0.388106476,-0.388106476,-0.388106476,-0.388106476,1.929215038,-0.388106476,-0.388106476,-0.388106476,-0.388106476,0.658575954,4.15E-07,3.57E-05,0.865785514,649,5,100,Organic compounds,0.93,Organic acids and derivatives,0.288345599,Carboxylic acids and derivatives,0.271099206,"Amino acids, peptides, and analogues",0.269849206,Dipeptides,0.112630952,Aromatic heteropolycyclic compounds,0.295015152,649,785.592484,6.264117143,133,"(R)-4-((3S,5S,7R,8R,9S,10S,13R,14S,17R)-3,7-dihydroxy-10,13-dimethylhexadecahydro-1H-cyclopenta[a]phenanthren-17-yl)pentanoic acid",deoxycholic acid ,"""(R)-4-((3S,5S,7R,8R,9S,10S,13R,14S,17R)-3,7-dihydroxy-10,13-dimethylhexadecahydro-1H-cyclopenta[a]phenanthren-17-yl)pentanoic acid""",0.000488281
650,1.132467619,1.451915826,-0.331659269,-0.331659269,-0.331659269,-0.331659269,-0.331659269,-0.331659269,-0.331659269,-0.331659269,-0.331659269,-0.331659269,-0.331659269,-0.331659269,4.704559229,-0.331659269,-0.331659269,-0.331659269,-0.331659269,1.269839884,-0.331659269,-0.331659269,-0.331659269,-0.331659269,-0.331659269,0.064358448,-0.331659269,-0.331659269,-0.331659269,-0.331659269,-0.331659269,0.450834296,0.004249035,0.038171656,0.862960772,650,S294,1,no matches,0,no matches,0,no matches,0,no matches,0,no matches,0,no matches,0,650,466.2983659,6.12168224,-1,"2-((4R)-4-((3R,5R,9S,10S,13R,14S,17R)-3-hydroxy-10,13-dimethylhexadecahydro-1H-cyclopenta[a]phenanthren-17-yl)pentanamido)ethane-1-sulfonic acid",taurolithocholic acid ,"""2-((4R)-4-((3R,5R,9S,10S,13R,14S,17R)-3-hydroxy-10,13-dimethylhexadecahydro-1H-cyclopenta[a]phenanthren-17-yl)pentanamido)ethane-1-sulfonic acid""",0.000396729
667,0.601984113,1.450456437,-0.300608869,-0.300608869,-0.300608869,-0.300608869,-0.300608869,-0.110309765,-0.300608869,-0.300608869,-0.300608869,-0.300608869,-0.300608869,-0.300608869,5.030587418,-0.300608869,-0.300608869,-0.300608869,-0.300608869,-0.057568538,-0.207642174,-0.300608869,-0.300608869,-0.300608869,-0.300608869,-0.082025222,0.288521711,-0.300608869,-0.300608869,-0.300608869,-0.300608869,0.335620026,0.001238514,0.017402709,0.738633631,667,159,2,Organic compounds,1,Benzenoids,0.347222222,Prenol lipids,0.243055556,Monoterpenoids,0.243055556,Aromatic monoterpenoids,0.243055556,Aromatic heteromonocyclic compounds,0.541666667,667,533.3143975,5.532235294,5,"(6R)-2-(hydroxymethyl)-6-((3R,5R,7R,8R,9S,10S,12S,13R,14S,17R)-3,7,12-trihydroxy-10,13-dimethylhexadecahydro-1H-cyclopenta[a]phenanthren-17-yl)heptyl hydrogen sulfate",sulfated cyprinol,"""(3R,7R,9S,10S,12S,13R,14S,17R)-17-((2R)-6,7-dihydroxy-6-methylheptan-2-yl)-10,13-dimethylhexadecahydro-1H-cyclopenta[a]phenanthrene-3,7,12-triol""",79.9574
670,1.905077523,3.553373416,0.870443959,-0.470874282,-0.470874282,-0.470874282,-0.470874282,-0.038394271,0.687490453,-0.08001823,-0.470874282,-0.470874282,-0.470874282,-0.470874282,-0.470874282,-0.470874282,-0.470874282,-0.470874282,-0.470874282,-0.470874282,-0.470874282,-0.470874282,-0.470874282,-0.470874282,-0.470874282,0.429045087,2.709188128,0.323028139,-0.470874282,-0.470874282,-0.470874282,0.226082891,0.00174542,0.02153296,0.592791503,670,5,100,Organic compounds,0.93,Organic acids and derivatives,0.288345599,Carboxylic acids and derivatives,0.271099206,"Amino acids, peptides, and analogues",0.269849206,Dipeptides,0.112630952,Aromatic heteropolycyclic compounds,0.295015152,670,499.3090408,6.068433854,5,N/A,N/A,"""(6R)-2-(hydroxymethyl)-6-((3R,5R,7R,8R,9S,10S,12S,13R,14S,17R)-3,7,12-trihydroxy-10,13-dimethylhexadecahydro-1H-cyclopenta[a]phenanthren-17-yl)heptyl hydrogen sulfate""",2.01599
687,1.051871219,3.317271658,1.532348338,-0.48900559,-0.48900559,-0.48900559,-0.48900559,-0.48900559,2.342263393,-0.48900559,-0.48900559,-0.48900559,-0.48900559,-0.48900559,-0.48900559,-0.48900559,-0.48900559,-0.48900559,-0.48900559,0.842291123,1.107084875,-0.48900559,-0.48900559,-0.48900559,-0.48900559,-0.48900559,1.54300356,-0.48900559,-0.48900559,-0.48900559,-0.48900559,0.957125008,3.05E-06,0.000139114,0.973106688,687,3,74,Organic compounds,1,Lipids and lipid-like molecules,0.826045201,Prenol lipids,0.390973928,Diterpenoids,0.1878003,Diterpenoids,0.119417632,Aliphatic homopolycyclic compounds,0.268458231,687,339.2679072,6.270112681,-1,N/A,N/A,21-Hydroxypregnenolone,42.0466
690,1.380918744,4.24097513,-0.361476483,-0.361476483,-0.361476483,-0.361476483,-0.361476483,-0.361476483,-0.361476483,-0.361476483,-0.361476483,-0.361476483,-0.361476483,-0.361476483,1.917066406,-0.361476483,-0.361476483,-0.361476483,-0.361476483,1.737803419,-0.361476483,-0.361476483,-0.361476483,-0.361476483,-0.361476483,0.121624854,-0.361476483,-0.361476483,-0.361476483,-0.361476483,-0.361476483,0.809175078,0.005141319,0.044721315,0.902782481,690,86,10,Organic compounds,1,Lipids and lipid-like molecules,0.656547619,Glycerophospholipids,0.257142857,Glycerophosphocholines,0.257142857,Monoalkylglycerophosphocholines,0.216865079,Aliphatic acyclic compounds,0.282142857,690,522.2861409,5.126872956,44,"2-((R)-4-((3S,5S,7S,8R,9S,10S,13R,14S,17R)-3,7-dihydroxy-10,13-dimethylhexadecahydro-1H-cyclopenta[a]phenanthren-17-yl)pentanamido)ethane-1-sulfonic acid",taurochenodeoxycholic acid ,"""2-((R)-4-((3S,5S,7S,8R,9S,10S,13R,14S,17R)-3,7-dihydroxy-10,13-dimethylhexadecahydro-1H-cyclopenta[a]phenanthren-17-yl)pentanamido)ethane-1-sulfonic acid""",6.10E-05
712,0.877070796,2.328708331,-0.345336173,-0.345336173,-0.345336173,-0.345336173,-0.345336173,-0.078561769,-0.345336173,-0.345336173,-0.345336173,-0.345336173,-0.345336173,-0.345336173,4.520857715,-0.345336173,-0.345336173,-0.345336173,-0.345336173,-0.05017994,-0.345336173,-0.345336173,-0.345336173,-0.345336173,-0.345336173,-0.015940321,0.706113335,-0.345336173,-0.345336173,-0.345336173,-0.345336173,0.501828006,0.000390088,0.006895751,0.862960772,712,S325,1,no matches,0,no matches,0,no matches,0,no matches,0,no matches,0,no matches,0,712,555.2963205,5.537056289,199,"(6R)-2-hydroxy-2-methyl-6-((3R,5S,7R,8R,9S,10S,12S,13R,14S,17R)-3,7,12-trihydroxy-10,13-dimethylhexadecahydro-1H-cyclopenta[a]phenanthren-17-yl)heptyl hydrogen sulfate",sulfated bufol,"""(6R)-2-hydroxy-2-methyl-6-((3R,5S,7R,8R,9S,10S,12S,13R,14S,17R)-3,7,12-trihydroxy-10,13-dimethylhexadecahydro-1H-cyclopenta[a]phenanthren-17-yl)heptyl hydrogen sulfate""",0.000305176
714,0.961428411,0.265904598,-0.394898024,-0.394898024,-0.394898024,-0.394898024,-0.394898024,1.456801158,-0.394898024,-0.394898024,-0.394898024,-0.394898024,-0.394898024,-0.394898024,2.304613695,-0.394898024,-0.394898024,-0.394898024,-0.394898024,-0.394898024,-0.394898024,-0.394898024,-0.394898024,-0.394898024,-0.394898024,4.137072415,0.746630329,-0.394898024,-0.394898024,-0.394898024,-0.394898024,0.833409486,3.07E-08,8.41E-06,0.907968983,714,5,100,Organic compounds,0.93,Organic acids and derivatives,0.288345599,Carboxylic acids and derivatives,0.271099206,"Amino acids, peptides, and analogues",0.269849206,Dipeptides,0.112630952,Aromatic heteropolycyclic compounds,0.295015152,714,515.3041224,5.677512634,5,"(6R)-2-hydroxy-2-methyl-6-((3R,5S,7R,8R,9S,10S,12S,13R,14S,17R)-3,7,12-trihydroxy-10,13-dimethylhexadecahydro-1H-cyclopenta[a]phenanthren-17-yl)heptyl hydrogen sulfate",sulfated bufol,"""(6R)-2-hydroxy-2-methyl-6-((3R,5S,7R,8R,9S,10S,12S,13R,14S,17R)-3,7,12-trihydroxy-10,13-dimethylhexadecahydro-1H-cyclopenta[a]phenanthren-17-yl)heptyl hydrogen sulfate""",18.0111
722,2.754210219,2.610101979,1.693209602,-0.506427631,-0.506427631,-0.506427631,-0.506427631,-0.200572099,-0.506427631,-0.506427631,-0.506427631,-0.506427631,-0.506427631,-0.506427631,1.878563781,-0.506427631,-0.506427631,-0.506427631,-0.506427631,0.810172434,0.60340174,-0.506427631,-0.506427631,-0.506427631,-0.506427631,-0.506427631,1.498747859,-0.506427631,-0.506427631,-0.506427631,-0.506427631,0.914120993,0.000530627,0.008552457,0.944138397,722,63,50,Organic compounds,1,Lipids and lipid-like molecules,0.470212121,Prenol lipids,0.177018038,,0.1856443,Diterpenoids,0.042135642,Aromatic heteropolycyclic compounds,0.382551948,722,343.1974928,3.391014545,-1,N/A,N/A,Asn Leu Leu,16.0314
724,0.363967676,0.659055032,-0.283829502,-0.283829502,-0.283829502,-0.283829502,-0.283829502,-0.0538901,-0.283829502,-0.283829502,-0.283829502,-0.283829502,-0.283829502,-0.283829502,5.128524203,-0.283829502,-0.283829502,-0.283829502,-0.283829502,1.05421922,-0.283829502,-0.283829502,-0.283829502,-0.283829502,-0.283829502,-0.056138475,-0.283829502,-0.283829502,-0.283829502,-0.283829502,-0.283829502,0.253596415,0.001840611,0.02153296,0.632735314,724,S330,1,no matches,0,no matches,0,no matches,0,no matches,0,no matches,0,no matches,0,724,506.2918812,6.083654924,44,"2-((4R)-4-((5S,9S,10S,12S,13R,14S,17R)-12-hydroxy-10,13-dimethylhexadecahydro-1H-cyclopenta[a]phenanthren-17-yl)pentanamido)ethane-1-sulfonic acid",taurolithocholic acid ,Tauroursodeoxycholic acid,15.9941
749,0.780983891,1.123079998,2.499012786,1.62554298,-0.64304572,-0.64304572,-0.64304572,-0.64304572,2.559318796,1.243089191,-0.64304572,-0.64304572,-0.64304572,-0.64304572,-0.64304572,-0.64304572,-0.64304572,-0.64304572,-0.64304572,-0.0721275,1.29005194,0.69018523,-0.64304572,0.336414427,-0.64304572,-0.64304572,0.785362655,-0.64304572,-0.64304572,-0.64304572,-0.64304572,0.670986973,0.000511162,0.008488391,0.865785514,749,S343,1,no matches,0,no matches,0,no matches,0,no matches,0,no matches,0,no matches,0,749,297.108589,1.369391844,-1,Asp-Tyr,Asp-Tyr,Gly-Ala-Tyr,13.0311
754,4.475396333,-0.331927876,-0.331927876,-0.331927876,-0.331927876,-0.331927876,-0.331927876,2.398129325,-0.331927876,-0.331927876,-0.331927876,-0.331927876,-0.331927876,-0.331927876,-0.331927876,-0.331927876,-0.331927876,-0.331927876,-0.331927876,0.694868888,-0.331927876,-0.331927876,-0.331927876,-0.331927876,-0.331927876,0.923768483,0.137961745,-0.331927876,-0.331927876,-0.331927876,-0.331927876,0.355402355,0.000481771,0.008250331,0.760783167,754,S347,1,no matches,0,no matches,0,no matches,0,no matches,0,no matches,0,no matches,0,754,416.3157179,7.858632407,-1,N/A,N/A,N/A,N/A
788,1.426619252,-0.514250672,1.865713353,2.549876482,-0.514250672,-0.514250672,-0.514250672,2.116419295,-0.514250672,-0.514250672,-0.514250672,-0.514250672,-0.514250672,-0.514250672,-0.514250672,-0.514250672,-0.514250672,-0.514250672,-0.514250672,-0.514250672,1.537027643,2.03250078,-0.514250672,-0.514250672,-0.514250672,0.813859324,-0.514250672,-0.514250672,-0.514250672,-0.514250672,-0.514250672,0.400723834,0.005388758,0.046141244,0.82002859,788,S363,1,no matches,0,no matches,0,no matches,0,no matches,0,no matches,0,no matches,0,788,290.1697125,1.563003646,45,Adipoyl-L-carnitine,Adipoylcarnitine,Adipoyl-L-carnitine,0.00991821
857,-0.349779909,0.79210462,-0.349779909,-0.349779909,-0.349779909,-0.349779909,-0.349779909,-0.349779909,4.308468225,-0.349779909,-0.349779909,-0.349779909,-0.349779909,-0.349779909,-0.349779909,-0.349779909,-0.349779909,-0.349779909,-0.349779909,1.173882717,2.476442174,-0.349779909,-0.349779909,-0.349779909,-0.349779909,-0.349779909,0.343379889,-0.349779909,-0.349779909,-0.349779909,-0.349779909,0.475069891,0.000142199,0.003117,0.862960772,857,S396,1,no matches,0,no matches,0,no matches,0,no matches,0,no matches,0,no matches,0,857,785.5927989,5.75419537,133,"(4R)-4-((3R,5S,7S,9S,10S,13R,14S,17R)-3,7-dihydroxy-10,13-dimethylhexadecahydro-1H-cyclopenta[a]phenanthren-17-yl)pentanoic acid",chenodeoxycholic acid ,"""(4R)-4-((3R,5S,7S,9S,10S,13R,14S,17R)-3,7-dihydroxy-10,13-dimethylhexadecahydro-1H-cyclopenta[a]phenanthren-17-yl)pentanoic acid""",0.000244141
859,-0.593021,2.40836785,0.525774483,0.651411658,-0.593021,0.207800417,-0.593021,0.331032269,3.029431795,2.249431058,1.143831755,0.685354466,0.632150261,-0.593021,-0.593021,-0.593021,-0.593021,-0.593021,-0.593021,-0.487050017,-0.593021,-0.593021,-0.593021,-0.593021,-0.593021,-0.593021,-0.110136989,-0.593021,-0.593021,-0.593021,-0.593021,0.544183684,0.002288697,0.023879715,0.862960772,859,S398,1,no matches,0,no matches,0,no matches,0,no matches,0,no matches,0,no matches,0,859,325.2123993,8.220257778,-1,N/A,N/A,N/A,N/A
