"","F4_GI_1","F4_GI_2","F4_GI_3","F4_GI_4","F4_HG_1","F4_HG_2","F4_HG_3","F4_STOM","F5_GI_1","F5_GI_2","F5_GI_3","F5_GI_4","F5_HG_1","F5_HG_2","F5_HG_3","F5_STOM","F6_GI_1","F6_GI_4","F6_HG_1","F6_HG_2","F6_HG_3","F7_GI_2","F7_GI_3","F7_GI_4","F7_HG_1","F7_HG_2","F7_HG_3","F7_STOM","F8_GI_1","F8_GI_2","F8_GI_4","F8_HG_1","F8_HG_2","F8_HG_3","F8_STOM"
"8",-0.0333891219051607,0.338729930967633,0.241391591543227,-0.731160456822252,-0.68307114130068,-0.707304437797411,-0.629984213818269,-0.411280787585925,-0.257858667726631,-0.667340797078738,-0.713863977701001,-0.649581605845358,-0.603579124716623,-0.624849977156404,-0.504126505672453,-0.394333649838907,0.440363288838542,-0.662737209786282,-0.530203752922843,-0.542469809986012,-0.500355084670718,-0.294792962889288,-0.181632891370217,0.427336205620987,0.108941187718837,-0.646064794340261,-0.700768165864812,-0.374333555724361,-0.237822856136038,0.161695991990551,-0.720914073669311,-0.562599667864079,-0.509478176054185,-0.491631967722431,-0.420483236460867
"23",-0.119727100326029,1.57391797431983,2.09292378988186,3.02060648374229,3.07363594633813,3.39180241468086,3.58637749636697,-0.411280787585925,-0.487128914214715,2.05114366580872,1.37240339237337,1.84230584254534,2.9249077857619,3.18481373735406,3.28414641869242,0.718984804295439,1.15309468615213,0.0213500703965381,2.69732536378883,2.67714045449111,2.22796385084709,-0.562563522863043,-0.114690956221123,0.119048537421173,1.11825001981908,1.59510984848128,1.5641615776452,1.05492034307086,0.899658379970902,1.10447953525922,3.20668311659098,3.23229946028059,1.40045196538741,1.96606784757976,-0.420483236460867
"25",-0.821755848752037,-0.733481900021906,-0.790627753503244,-0.731160456822252,0.589392992673734,0.284690572877562,0.828513105837299,-0.411280787585925,-0.694314963969312,-0.667340797078738,-0.713863977701001,-0.649581605845358,1.85374069057589,2.3169146660805,2.21592856573617,-0.394333649838907,1.27254012226504,1.80882093351126,3.11367329673474,1.19071044720162,1.31947401304665,-0.758640117417196,-0.528754923676746,-0.172498052402161,0.426412900199873,1.18230908251668,1.41416512817431,-0.374333555724361,-0.787887890235552,-0.757669631024462,0.0616157921184315,1.05030193814925,1.66093000455788,1.3277610621045,-0.420483236460867
"30",3.15897788035497,1.98668585777792,3.15300295922003,0.438774427971631,2.05139596413422,2.35656826613563,1.65160335672365,1.83749159500424,3.47235454077068,3.09575265971424,3.72871716621432,2.74316888706835,2.09177006530123,2.3205764943968,2.89878983852847,0.553260400999547,3.35308241397623,2.415685133271,1.48651581406496,1.38871270521017,1.64841097431518,3.62894172139205,3.39975996245958,4.03739608775754,4.06069079695953,4.11585736503777,3.88534765362153,5.46902225413848,3.31091911950339,3.31427286678028,3.30941396428818,2.36382394430828,1.69057639444854,2.01515459222613,2.59151303648598
"68",0.799008522204851,-0.329134238590482,-0.142213586388479,0.597356145779097,2.93205642229769,3.39530979619276,3.28711857128759,7.32787906355435,2.82157763258103,-0.667340797078738,-0.713863977701001,2.19855622152095,5.01003488499918,4.44990055585292,4.64244316013548,6.13839076247332,-0.659453391562235,-0.662737209786282,-0.530203752922843,-0.542469809986012,-0.500355084670718,-0.758640117417196,-0.807651312530737,-0.109638072497182,-0.0689276986656802,-0.646064794340261,-0.700768165864812,1.511286645121,0.256994724193888,-0.757669631024462,-0.720914073669311,-0.562599667864079,-0.509478176054185,0.958508087622261,3.06795301918223
"83",3.11863531197126,1.65999476376833,2.63920011334697,3.18990179037579,1.36192385365762,1.35923876729983,0.912248979371916,1.44699217494331,3.19133153770873,2.37652530225588,2.88389727529212,2.06480802200702,1.32361528949105,1.3883901877154,1.82094618040855,1.50456686202457,2.36919227431324,1.74492506878489,1.1369412574171,1.05292513640816,1.338953766533,3.02053458870607,2.97370549893723,3.2743914336665,3.24526020717838,3.1752329612282,2.95949294027653,4.32278103894443,2.98948986410278,2.83214534495526,2.41146929079948,1.5814822402666,1.07074636368074,1.30972070117399,1.75577963455575
"87",2.23286897620157,0.0586946047657623,2.08348456707179,2.27102597910822,0.00320966558402094,1.57469521800669,-0.629984213818269,1.35909463533592,2.10206960103394,1.80280552385672,2.40137217242537,2.51812278572473,1.39499689158825,-0.624849977156404,-0.504126505672453,-0.394333649838907,2.03025428468157,-0.662737209786282,-0.0314776150125795,1.04739781211824,1.24061552254791,2.40127086532045,2.36629970582785,2.64825102388334,2.6058286891156,2.26414915584667,2.25699227816537,-0.374333555724361,2.39098649837511,2.28479975597805,2.16182095914511,-0.562599667864079,0.13068137584108,1.34101277993378,-0.420483236460867
"90",-0.821755848752037,-0.733481900021906,-0.790627753503244,-0.731160456822252,1.31457391761907,1.14773607127156,1.20358154713171,0.671392463836275,-0.0934250533572552,-0.667340797078738,-0.713863977701001,-0.649581605845358,1.52484953140438,1.48062229959502,1.38221786350437,0.636586097036373,-0.659453391562235,0.676902346222073,1.43520309375793,1.90363199940865,2.23890131039039,-0.758640117417196,-0.481081895449386,-0.80415941247154,-0.564701638263581,0.430005431233906,0.529993079395776,-0.374333555724361,-0.787887890235552,-0.757669631024462,-0.720914073669311,0.979764856791995,0.457004829993301,1.17320968509061,1.91926011687299
"91",1.20819062454851,-0.116195274045469,0.0132948341803784,1.28613454076303,-0.68307114130068,0.776917187932996,-0.629984213818269,-0.411280787585925,1.0305709250062,-0.126609619612558,-0.05973089541135,-0.649581605845358,-0.603579124716623,-0.624849977156404,-0.504126505672453,-0.394333649838907,-0.35799689219164,-0.662737209786282,-0.530203752922843,-0.542469809986012,-0.500355084670718,1.20793214786146,1.20664333239759,1.46134163821472,0.26771437097837,-0.269036441587984,1.24070844646994,-0.374333555724361,1.12507491922868,1.17789569961844,1.16736553925002,-0.562599667864079,-0.509478176054185,-0.491631967722431,-0.420483236460867
"95",-0.821755848752037,-0.733481900021906,-0.790627753503244,-0.168924734899447,2.49788066395249,2.02985579848041,2.18748147979904,-0.411280787585925,-0.694314963969312,-0.667340797078738,-0.240302164896088,-0.649581605845358,0.939101445696561,0.641904848604574,-0.504126505672453,-0.394333649838907,-0.659453391562235,1.46413500337457,1.66614858643197,2.81309375344676,3.20533661306555,-0.275525825847797,-0.205528419558908,0.317337992554538,0.120932817249614,0.56306940103642,0.439257511040637,-0.374333555724361,-0.787887890235552,-0.0537136381213604,2.07796432108589,2.6072782173833,2.69328796539707,-0.491631967722431,-0.420483236460867
"97",0.52974171430287,0.376485442084636,0.92766119379399,1.40499362977466,0.787100938710104,1.02504428974986,0.838650882876857,-0.411280787585925,0.560231131693172,1.08905726228686,1.15964173932642,1.64783706511001,1.48867353349347,1.35909488961595,1.79461339341841,-0.394333649838907,0.403586686583232,1.490293543659,1.34442713971947,1.50341333248692,1.32299450852817,0.421250172168161,-0.237857018295681,0.125044162804245,0.761669728023868,0.567670731157913,0.801170260053998,-0.374333555724361,1.20872772912671,0.366578629834975,2.18614567004471,1.53660771304879,0.659277535257243,1.7153284429247,-0.420483236460867
"99",-0.821755848752037,-0.733481900021906,-0.790627753503244,-0.731160456822252,0.928190375924258,-0.707304437797411,1.04999763787613,-0.411280787585925,-0.694314963969312,-0.667340797078738,-0.713863977701001,-0.649581605845358,0.653179340285698,0.781471226088325,0.708640086191048,-0.394333649838907,-0.659453391562235,0.399290325367864,1.04324107475561,1.61109167910575,2.03486947089173,-0.758640117417196,-0.807651312530737,-0.80415941247154,-0.564701638263581,0.0898581186551277,0.192347705912154,-0.374333555724361,-0.787887890235552,-0.757669631024462,-0.720914073669311,-0.562599667864079,0.309566600482968,0.68084934431423,-0.420483236460867
"102",1.66695939449361,0.375323104468184,1.2959578202819,1.4684267038968,0.383488492987249,0.497721603322259,-0.629984213818269,-0.411280787585925,2.05398803642668,1.16455195394668,1.80809587709893,1.28666117519417,-0.603579124716623,-0.624849977156404,1.11179743826526,-0.394333649838907,-0.659453391562235,-0.662737209786282,-0.530203752922843,-0.542469809986012,-0.500355084670718,1.3576063893569,1.89080451559285,1.76098439501192,1.64374262112716,-0.646064794340261,1.25835703520461,-0.374333555724361,2.11040479125126,1.53406034626846,1.32526504296512,-0.562599667864079,-0.509478176054185,-0.491631967722431,-0.420483236460867
"104",-0.821755848752037,-0.733481900021906,-0.790627753503244,-0.731160456822252,1.21154001154855,0.369964371221571,1.08642855647513,-0.411280787585925,-0.694314963969312,-0.667340797078738,-0.713863977701001,-0.649581605845358,1.35892347756255,1.30444529512397,1.26517540403903,-0.394333649838907,-0.659453391562235,1.35466105991056,2.2901172214749,2.15764235747943,2.45005368634802,-0.758640117417196,-0.807651312530737,-0.80415941247154,-0.564701638263581,0.584385227055584,0.889216437479874,-0.374333555724361,-0.787887890235552,-0.757669631024462,-0.0341614003156266,1.07663301645344,1.17107529828381,1.25713476716019,-0.420483236460867
"106",3.66611355231528,1.70169736409272,2.35616315016336,2.61342787692183,0.947479073469337,0.851086538538879,0.595289970297877,1.19765809939058,4.27911076192887,1.87176283973481,1.91236659003783,3.28896139880504,0.749767772298412,0.731895401079066,1.00048233799314,0.842578184169143,2.35833545425309,0.90436833821204,0.630087052420002,0.494018410633727,0.783546975292704,3.62894172139205,3.12041239022143,2.65363383605529,2.62418205025763,2.19064872177234,1.97863417809691,-0.374333555724361,4.20497538893631,3.28075337317764,1.55973599834268,0.854278523728408,0.609307639819927,0.571150191606784,-0.420483236460867
"107",-0.106121278932324,0.458865424472656,1.51650356914003,1.94648557150993,0.760228956852403,0.60255142407178,0.533308333776255,-0.411280787585925,0.148007272740281,1.01456591636787,0.188002259247006,0.417852794368212,1.309639052015,1.63836588625281,1.96613572451536,-0.394333649838907,1.26794444753569,3.25721532780693,3.27187734235013,3.32536935577473,3.01604437402277,-0.0786977074347753,-0.343651298241471,-0.0528007928637711,0.624712400799323,0.402091599670969,0.75425783844937,-0.374333555724361,0.591478996893696,0.507750667570649,2.82154158998074,2.73862608055825,0.911843129409217,1.42301158127872,-0.420483236460867
"111",-0.821755848752037,-0.733481900021906,-0.790627753503244,-0.731160456822252,0.675242809607788,0.413934741100357,0.703833112427268,-0.411280787585925,-0.694314963969312,-0.667340797078738,-0.713863977701001,-0.649581605845358,-0.603579124716623,-0.624849977156404,-0.504126505672453,-0.394333649838907,-0.659453391562235,-0.662737209786282,-0.530203752922843,-0.542469809986012,-0.500355084670718,-0.758640117417196,-0.807651312530737,-0.80415941247154,0.346388105154752,0.920941110512973,0.909150203884491,-0.374333555724361,-0.787887890235552,-0.757669631024462,0.252610876288075,0.89082974905932,0.988990127539887,1.06928382176944,-0.420483236460867
"112",-0.821755848752037,-0.733481900021906,-0.790627753503244,-0.371537617875035,1.30155921738599,0.87311160802744,1.53533949081465,-0.411280787585925,-0.694314963969312,-0.667340797078738,-0.713863977701001,-0.649581605845358,0.607245119499952,0.436345517758748,-0.504126505672453,-0.394333649838907,-0.659453391562235,-0.662737209786282,-0.530203752922843,-0.542469809986012,-0.500355084670718,-0.758640117417196,-0.807651312530737,-0.80415941247154,-0.564701638263581,-0.646064794340261,-0.700768165864812,-0.374333555724361,-0.787887890235552,-0.757669631024462,0.453689928887517,1.53818747522549,0.717499929214412,1.74573865641745,-0.420483236460867
"113",0.0817700576045233,0.461447776444493,0.319704026925658,0.954928249301006,1.30556199050236,1.43751949768074,1.64570798235268,-0.411280787585925,-0.243093579325065,0.341943093657215,0.677397272389404,0.588238828694803,0.951216362263061,1.31685703991757,1.23101679813824,-0.394333649838907,0.110161336861684,0.347737012029736,0.716256751421104,0.972001081140144,0.992616477623826,-0.149202628132535,-0.154284499097245,-0.0661459557901236,-0.564701638263581,-0.646064794340261,0.209955796254279,-0.374333555724361,-0.264355980922525,-0.0795729048685428,0.473358319427209,0.731684542588002,0.873178566507511,0.775251934078311,-0.420483236460867
"118",2.55213295669025,1.11379524077839,1.61336225718654,1.80999723538964,0.524067667839968,0.528113117265629,-0.629984213818269,0.821223590579611,3.0761532065688,1.29827628851506,1.33056379164677,2.37750972790603,-0.603579124716623,-0.624849977156404,-0.504126505672453,0.569093355482751,1.68637202700169,0.524521497802993,-0.530203752922843,0.181033027747052,0.47025049274843,2.62634326363566,2.23972071307574,1.92037314506652,1.87245826451726,1.50498679836647,1.31769916521688,-0.374333555724361,3.13226419145486,2.39007416121715,1.06511739825656,0.490380439356061,0.32945441228588,-0.491631967722431,-0.420483236460867
"124",-0.821755848752037,-0.733481900021906,-0.790627753503244,-0.286238115323657,-0.68307114130068,-0.707304437797411,-0.629984213818269,1.55768373684988,-0.153643341227947,-0.667340797078738,-0.0997699187171873,-0.649581605845358,-0.603579124716623,-0.624849977156404,-0.504126505672453,1.26706010412104,-0.659453391562235,0.283135953452169,-0.530203752922843,-0.542469809986012,-0.500355084670718,-0.758640117417196,-0.473288587942984,-0.271560159001621,0.416913543796191,0.0220960301297939,0.820105735765172,1.64078063914741,-0.331238381531902,-0.757669631024462,-0.078104202895066,-0.562599667864079,-0.509478176054185,-0.491631967722431,2.96431581610344
"126",-0.821755848752037,-0.417867568156663,0.286203997755827,0.74498094675168,1.61764732547008,1.32226148726714,1.54158386693887,-0.411280787585925,-0.694314963969312,-0.0818933437715771,0.605588674283762,1.08794114330648,0.957319980386799,0.92256863038827,0.842516964031295,-0.394333649838907,-0.659453391562235,0.140010316195073,0.784973027816523,1.03348665900874,0.528816073317736,-0.758640117417196,0.364812550309661,0.12752568006554,-0.564701638263581,0.0777432769198454,-0.0549849676426227,-0.374333555724361,-0.787887890235552,-0.757669631024462,0.39042563119048,0.645452450066313,0.859386663475847,0.633592502848013,-0.420483236460867
"141",-0.552730738499346,-0.733481900021906,-0.231933673652412,-0.00922850775367881,1.05808834418066,1.13356756086436,1.14331256771661,-0.411280787585925,-0.694314963969312,-0.138657335207673,0.0437262540573776,0.611018139108584,0.814196781354225,0.646385673611148,-0.504126505672453,-0.394333649838907,-0.659453391562235,0.556400858709114,0.755672520040371,0.687500909397818,0.203974172683283,-0.478108135072921,-0.294461450868163,0.137108033508626,-0.564701638263581,0.0879935205449424,0.0667481463880028,0.839573063121185,-0.787887890235552,-0.757669631024462,0.40757987786283,0.471651771239693,0.669114039625182,0.797247078581,-0.420483236460867
"150",-0.554951942116114,-0.733481900021906,-0.284565713307217,-0.0490110488032844,0.980830875895934,0.802038582944787,0.96250906692468,-0.411280787585925,-0.694314963969312,-0.184744246449574,-0.713863977701001,0.53690147914983,0.64978588558882,0.591848278093728,-0.504126505672453,-0.394333649838907,-0.659453391562235,0.496467184587899,0.561074072603667,0.547987526354757,-0.500355084670718,-0.461773492708726,-0.307558819292673,-0.80415941247154,-0.564701638263581,0.102544090126201,0.0430736451922078,-0.374333555724361,-0.787887890235552,-0.757669631024462,0.424498075477037,0.500804820793915,0.58040890920137,-0.491631967722431,-0.420483236460867
"151",-0.546140264831501,-0.733481900021906,-0.278096285997986,-0.0448497053449796,1.13243631730201,0.93315631020278,1.04531606637173,-0.411280787585925,-0.496068818715556,-0.149081132312666,-0.0224704084004582,0.584908151791643,0.706164132311192,0.527747355585614,0.677280674439652,-0.394333649838907,-0.659453391562235,0.483880873156292,0.640116203706581,0.581533002030669,0.221145978182749,-0.463344925361119,-0.260954959883158,0.139070683009656,-0.564701638263581,0.0996468702185953,0.0514463435989388,-0.374333555724361,-0.787887890235552,-0.757669631024462,0.509993496101652,0.551904130512887,0.634986486180386,0.786725051643739,-0.420483236460867
"153",0.30528346241698,-0.38328366033933,-0.309942843217399,-0.155763158643325,-0.68307114130068,-0.707304437797411,-0.629984213818269,0.39232655085211,0.616130774127631,1.10503703110637,1.32542024694008,0.642148408784209,-0.603579124716623,-0.624849977156404,-0.504126505672453,0.680676568808449,-0.0859976995887367,-0.662737209786282,-0.530203752922843,-0.542469809986012,-0.500355084670718,0.353811642635668,-0.264413926486551,-0.268874558955119,0.394438821417441,0.28043955624032,-0.106768441830845,1.76887731771983,0.42574393393647,-0.0161893711321194,0.536216458393128,-0.562599667864079,-0.509478176054185,-0.491631967722431,-0.420483236460867
"154",-0.821755848752037,-0.733481900021906,-0.790627753503244,-0.731160456822252,-0.68307114130068,0.27296029159207,0.784327138526379,-0.411280787585925,-0.694314963969312,-0.667340797078738,-0.713863977701001,0.162601086020801,0.491145043960398,0.552932648839778,-0.504126505672453,-0.394333649838907,-0.659453391562235,0.844576284669544,1.27245808140193,0.696252561191249,-0.500355084670718,-0.758640117417196,-0.317083823399701,0.198368328586096,0.0892930199195654,0.578747002054086,0.602258793023653,-0.374333555724361,-0.787887890235552,-0.757669631024462,-0.720914073669311,1.11308727364655,1.26215164789189,0.957527883923609,-0.420483236460867
"156",1.63840025556756,2.48303275645141,1.21181774299591,0.772878953554093,0.323735753351177,0.416084064593467,0.378461772614609,-0.411280787585925,0.406027779156113,1.20153182299458,0.556968163011118,0.465571801555352,0.770197449545276,0.570627637496079,0.751123914488773,-0.394333649838907,0.938598091778616,0.201014784644902,-0.530203752922843,-0.542469809986012,-0.500355084670718,-0.199154100983902,-0.463735211270997,-0.80415941247154,-0.564701638263581,-0.646064794340261,-0.700768165864812,-0.374333555724361,0.873173194680103,2.16520254654539,1.02099657103237,0.604461936334381,0.764159967113833,-0.491631967722431,-0.420483236460867
"162",1.2572207386629,2.7417334272614,2.43362647530712,2.14238927445196,0.527624260631548,0.723997028123341,-0.629984213818269,0.753031306266349,-0.011528723835736,1.22669217469718,1.90496124911362,1.25002650217239,-0.603579124716623,0.6797132453516,-0.504126505672453,-0.394333649838907,3.20105332666431,2.1293049877953,1.01037173779711,0.727652810289942,1.1862555026839,1.80729971694522,2.45727276231491,2.80283877809326,3.85715461878655,3.43874127827842,2.84295251796234,-0.374333555724361,1.05262758562776,0.70265451875703,1.16850304839283,0.979500013008169,-0.509478176054185,0.385354874818488,-0.420483236460867
"167",0.433749128585183,0.000651141580052471,0.270750733953054,0.489371791960272,-0.68307114130068,-0.707304437797411,-0.629984213818269,-0.411280787585925,0.544169939011837,0.264195519931448,0.38598543403855,0.128522399651476,-0.603579124716623,-0.624849977156404,-0.504126505672453,0.19056840513435,0.296046362320673,0.0729134314605361,-0.530203752922843,-0.542469809986012,-0.500355084670718,0.45252986691305,0.394679190607661,0.498969346061545,0.642781626888005,0.540772617015771,0.432717868706106,0.998913681880168,0.412747126481108,0.373611964501962,0.286117804493746,0.116186931116953,-0.509478176054185,-0.491631967722431,-0.420483236460867
"169",1.01964174221346,1.70336029902601,0.678400947073292,0.402639768922629,-0.68307114130068,-0.707304437797411,-0.629984213818269,-0.411280787585925,-0.694314963969312,0.650961320039764,0.17179559650772,-0.649581605845358,-0.603579124716623,-0.624849977156404,-0.504126505672453,-0.394333649838907,0.492078844662912,-0.662737209786282,-0.530203752922843,-0.542469809986012,-0.500355084670718,-0.758640117417196,-0.807651312530737,-0.80415941247154,-0.564701638263581,-0.646064794340261,-0.700768165864812,-0.374333555724361,0.460259250290443,1.38333697968773,0.589245640256469,0.255618965494441,0.394355260742515,-0.491631967722431,-0.420483236460867
"171",2.87191704513639,5.10007792843765,3.75874579935218,3.15452921745176,0.801442195861189,1.61649358904533,0.555239463948016,0.542524102321541,1.03934987859353,4.61723609506537,3.09178439539053,2.7148051354854,-0.603579124716623,1.20458906378192,1.29469559152322,-0.394333649838907,2.3822086228791,2.8589858868526,0.737244721393705,-0.542469809986012,-0.500355084670718,2.95322705410055,3.51509771256952,1.85842746639442,-0.564701638263581,-0.646064794340261,-0.700768165864812,-0.374333555724361,1.544592902524,3.47730532509572,0.36952615372595,0.454953990985693,-0.509478176054185,-0.491631967722431,3.63823908587898
"172",-0.821755848752037,-0.733481900021906,-0.0992313310573988,0.173859934046105,0.635227542245849,0.596428872208547,0.752831476969965,-0.411280787585925,-0.694314963969312,-0.667340797078738,0.163407096715038,0.438797627844041,0.356325164019894,0.282786301296935,-0.504126505672453,-0.394333649838907,-0.659453391562235,-0.662737209786282,0.337813510367875,0.45934675293654,-0.500355084670718,-0.758640117417196,-0.17477649094684,-0.263218112948656,-0.564701638263581,-0.646064794340261,-0.700768165864812,-0.374333555724361,-0.787887890235552,-0.757669631024462,-0.137457815617395,-0.562599667864079,0.240580337589112,0.132500663694459,-0.420483236460867
"185",0.740150692112098,-0.00371162178213448,0.512531155634692,-0.161972464368777,-0.68307114130068,-0.0488107067161512,-0.629984213818269,-0.411280787585925,-0.325394415829778,-0.667340797078738,1.01398811858823,0.468394024894791,0.362231829641738,0.216416728108642,0.99030844911358,-0.394333649838907,0.463800962204062,0.412509577017062,0.0989706591823443,-0.542469809986012,-0.500355084670718,0.534708198592319,0.743343202894639,0.659720342169016,0.986185660185066,0.756754491140099,0.753539905758121,-0.374333555724361,0.798263689961439,0.417466687561835,0.338078486279908,-0.562599667864079,-0.509478176054185,-0.491631967722431,-0.420483236460867
"191",-0.821755848752037,-0.733481900021906,-0.276357692609057,0.0511890179086796,0.768891413431908,0.514163452746627,0.704470662160366,-0.411280787585925,-0.694314963969312,-0.667340797078738,0.0804053786212984,0.468360923649072,0.661756826521202,0.64285637756939,-0.504126505672453,-0.394333649838907,-0.659453391562235,0.244503788861712,1.25348536508157,1.05175700231315,0.505015480598512,-0.758640117417196,-0.303805311096553,-0.426242803961864,-0.564701638263581,-0.646064794340261,-0.0926541376808846,-0.374333555724361,-0.787887890235552,-0.757669631024462,-0.00807588396004313,0.547633445848972,0.686321422623566,0.553891519542839,-0.420483236460867
"200",-0.821755848752037,-0.733481900021906,-0.790627753503244,-0.731160456822252,2.4788022596967,2.21914548795141,2.69920009436515,-0.411280787585925,-0.694314963969312,-0.667340797078738,-0.713863977701001,-0.649581605845358,-0.603579124716623,-0.624849977156404,-0.504126505672453,-0.394333649838907,-0.659453391562235,4.24598612667802,4.15134175003384,3.77769945157455,3.66578317655281,-0.758640117417196,-0.807651312530737,-0.80415941247154,-0.564701638263581,2.25038204500776,-0.700768165864812,-0.374333555724361,-0.787887890235552,-0.757669631024462,2.47000748053324,4.74874309740584,6.86706550609542,6.42354535416606,-0.420483236460867
"210",-0.364085928956483,0.242711389593235,0.141674491193379,-0.731160456822252,-0.68307114130068,-0.707304437797411,0.392100833407676,-0.411280787585925,-0.694314963969312,0.168594995525844,0.0435379029729835,0.488644041423321,-0.603579124716623,-0.624849977156404,-0.504126505672453,-0.394333649838907,-0.659453391562235,0.968279175563676,-0.530203752922843,0.278172785133327,-0.500355084670718,-0.409834447557842,0.0357429564387615,-0.0377794613602129,-0.564701638263581,-0.646064794340261,-0.700768165864812,-0.374333555724361,-0.787887890235552,0.104360492280048,-0.0345892986485738,-0.562599667864079,-0.509478176054185,-0.491631967722431,-0.420483236460867
"213",-0.273309519195394,-0.337613246921025,-0.790627753503244,-0.731160456822252,0.245608198352776,-0.0324456388828956,0.0585164539423649,-0.411280787585925,-0.307428527030271,-0.667340797078738,-0.713863977701001,0.0764107216791263,-0.603579124716623,0.147815523781244,-0.504126505672453,-0.394333649838907,0.332553212468924,0.778727268965659,1.33863235658962,1.9524786895341,1.64527464915003,-0.216047578679355,0.0761859877880088,0.590803892918976,0.210466146530042,0.698745418635583,0.977625298064564,-0.374333555724361,-0.261137790952434,-0.000864848524986533,0.465357480961991,0.824181475804916,0.685794050893056,1.59800264290494,-0.420483236460867
"215",-0.522850277947921,-0.315929069321086,-0.235926964139585,0.146325669374504,0.349923947736257,0.319707584098546,0.382971986515524,-0.411280787585925,-0.694314963969312,-0.114799626111233,-0.317923631265661,0.869727024451197,1.48291166411918,1.56173474448173,1.34776311069498,-0.394333649838907,-0.659453391562235,-0.662737209786282,-0.530203752922843,-0.542469809986012,-0.500355084670718,-0.758640117417196,-0.807651312530737,-0.80415941247154,-0.564701638263581,-0.646064794340261,-0.700768165864812,-0.374333555724361,-0.787887890235552,-0.757669631024462,0.0427821805914137,0.315444832416234,0.14749356679715,-0.491631967722431,-0.420483236460867
"220",-0.821755848752037,-0.733481900021906,-0.790627753503244,-0.731160456822252,1.40237944396021,0.604373791653691,1.42834879806906,-0.411280787585925,-0.694314963969312,-0.667340797078738,-0.713863977701001,-0.649581605845358,1.52030835591696,1.79712767675364,0.726518147476746,-0.394333649838907,-0.245312891636397,0.378686690778404,1.25095730756835,1.69095775665948,2.1641740723357,-0.758640117417196,-0.807651312530737,-0.80415941247154,-0.564701638263581,-0.646064794340261,-0.700768165864812,-0.374333555724361,-0.787887890235552,-0.757669631024462,0.187190015845992,0.675625160199885,0.867044418114912,0.739350296451485,-0.420483236460867
"233",-0.821755848752037,-0.733481900021906,-0.790627753503244,-0.731160456822252,0.211366251251856,0.358834244388757,-0.629984213818269,-0.411280787585925,-0.694314963969312,-0.667340797078738,-0.713863977701001,-0.649581605845358,0.359707553409079,0.371727581396913,-0.504126505672453,-0.394333649838907,-0.659453391562235,-0.662737209786282,-0.530203752922843,-0.542469809986012,-0.500355084670718,-0.758640117417196,-0.807651312530737,-0.80415941247154,-0.564701638263581,0.529570186310196,0.886578826408575,-0.374333555724361,-0.168951321192028,-0.757669631024462,-0.720914073669311,0.403750915500272,0.490237939690088,-0.491631967722431,-0.420483236460867
"245",-0.443300535752757,-0.213308386962913,-0.790627753503244,-0.731160456822252,2.42355177277668,1.4744251243534,2.45128483191517,-0.411280787585925,-0.694314963969312,-0.667340797078738,-0.713863977701001,-0.649581605845358,0.825437454360673,0.908828088896744,0.997495618674423,-0.394333649838907,-0.659453391562235,0.331003041865424,-0.530203752922843,-0.542469809986012,-0.500355084670718,0.214147127585416,0.0435991359187449,0.495694506770131,0.891727239009792,1.78181710406382,1.85315152470034,-0.374333555724361,-0.505015989396388,-0.757669631024462,-0.274644490144048,-0.562599667864079,0.255196385164103,0.110788505824957,-0.420483236460867
"246",0.172319866161282,1.12979004522872,1.30861120966154,1.71875847347764,0.968961339967773,1.653991179077,0.406890655586917,-0.411280787585925,0.170172054472801,2.52475255717968,2.34186933592055,2.11434203768176,0.907580470434797,0.307273106210632,-0.504126505672453,-0.394333649838907,0.491440311496048,0.754440993478099,-0.530203752922843,-0.542469809986012,-0.500355084670718,1.00558996005178,1.47379473562636,0.922225352973293,-0.564701638263581,-0.646064794340261,-0.700768165864812,-0.374333555724361,0.0303683029598881,0.830771030510205,-0.720914073669311,-0.562599667864079,-0.509478176054185,-0.491631967722431,-0.420483236460867
"249",0.182850035520522,0.95077909455827,1.14837912512516,0.978668619792338,-0.68307114130068,-0.707304437797411,-0.629984213818269,-0.411280787585925,-0.491394435122285,0.517878180470812,0.936114814038999,0.539999045815642,-0.603579124716623,-0.624849977156404,0.576128329766524,-0.394333649838907,1.7335441759323,1.27833295242423,-0.530203752922843,-0.542469809986012,0.114029700573374,0.539734666865781,0.928356265709209,1.29510845923957,2.01282064458783,-0.646064794340261,1.73786103723534,-0.374333555724361,-0.15254128549557,0.0805220970383125,0.410525515768001,-0.562599667864079,-0.509478176054185,-0.491631967722431,-0.420483236460867
"261",-0.821755848752037,0.519382690429789,0.572149441726529,-0.731160456822252,-0.68307114130068,-0.707304437797411,-0.629984213818269,-0.411280787585925,-0.288454285556318,0.803750877464658,0.556881856713867,-0.649581605845358,-0.603579124716623,-0.624849977156404,-0.504126505672453,-0.394333649838907,-0.659453391562235,-0.00651032420434069,-0.530203752922843,-0.542469809986012,-0.500355084670718,-0.758640117417196,-0.208721134499822,-0.80415941247154,-0.564701638263581,-0.646064794340261,-0.700768165864812,-0.374333555724361,-0.16256666912061,0.842511586301824,-0.720914073669311,-0.562599667864079,-0.509478176054185,-0.491631967722431,-0.420483236460867
"267",-0.821755848752037,-0.733481900021906,-0.790627753503244,-0.731160456822252,-0.68307114130068,-0.707304437797411,-0.629984213818269,1.66324262530752,-0.0404250765423497,-0.667340797078738,-0.160161275802227,-0.649581605845358,-0.603579124716623,-0.624849977156404,-0.504126505672453,1.97643885452462,-0.659453391562235,0.115884172603465,-0.530203752922843,-0.542469809986012,-0.500355084670718,-0.528350420672634,-0.18335602582687,0.29027881625163,-0.564701638263581,0.727517472167335,0.600294417509479,1.55569884385416,-0.393870948803722,-0.757669631024462,-0.720914073669311,-0.562599667864079,-0.509478176054185,-0.491631967722431,1.75117840899815
"296",-0.281281898236074,-0.0133867919716234,-0.416671077550715,-0.175884756951182,0.360008850941195,-0.707304437797411,0.466206589708002,2.16025654089459,0.169770133758137,0.0866569134878851,-0.713863977701001,0.248447223316488,1.44238422800187,1.26439948972356,1.25856488162414,2.59927319003263,-0.659453391562235,-0.662737209786282,-0.530203752922843,-0.542469809986012,-0.500355084670718,-0.758640117417196,-0.807651312530737,-0.80415941247154,-0.564701638263581,-0.646064794340261,-0.700768165864812,-0.374333555724361,-0.787887890235552,-0.757669631024462,-0.720914073669311,-0.562599667864079,-0.509478176054185,-0.491631967722431,1.82568750934849
"335",-0.821755848752037,-0.25152043328797,-0.790627753503244,-0.731160456822252,-0.68307114130068,-0.707304437797411,-0.629984213818269,-0.411280787585925,-0.694314963969312,-0.667340797078738,-0.713863977701001,-0.649581605845358,-0.603579124716623,-0.624849977156404,-0.504126505672453,-0.394333649838907,-0.0038565368104584,-0.662737209786282,-0.530203752922843,-0.542469809986012,-0.500355084670718,-0.216589074208353,-0.807651312530737,-0.80415941247154,-0.564701638263581,-0.646064794340261,-0.700768165864812,-0.374333555724361,-0.787887890235552,-0.0885416096411584,-0.720914073669311,-0.562599667864079,-0.509478176054185,-0.491631967722431,-0.420483236460867
"344",-0.821755848752037,-0.733481900021906,-0.445696904785754,-0.253161293012255,-0.68307114130068,-0.707304437797411,-0.629984213818269,0.195130147701443,-0.478016536441678,-0.359116533183341,-0.199914302424257,-0.649581605845358,-0.603579124716623,-0.624849977156404,-0.504126505672453,0.304855514328192,-0.659453391562235,-0.662737209786282,-0.530203752922843,-0.542469809986012,-0.500355084670718,-0.551299339526804,-0.469657480851421,-0.402176168720108,-0.154161331421863,-0.280363223501136,0.584216866162604,2.07502785909826,-0.295166905447143,-0.371595254341444,-0.140329865963069,-0.562599667864079,-0.509478176054185,-0.491631967722431,1.99148324386819
"346",0.419084760373674,1.85570832696629,0.713108575268052,0.489712707157852,-0.68307114130068,-0.707304437797411,-0.629984213818269,-0.411280787585925,-0.420659422495103,0.382202106140528,0.455480156950563,-0.649581605845358,-0.603579124716623,-0.624849977156404,-0.504126505672453,-0.394333649838907,0.940188540799888,-0.662737209786282,-0.530203752922843,-0.542469809986012,-0.500355084670718,0.163226457636648,0.598224616747746,0.61951733670547,0.97742156733396,0.861935250450336,0.451919006017259,-0.374333555724361,0.127328944296361,-0.201064443142051,-0.720914073669311,-0.562599667864079,-0.509478176054185,-0.491631967722431,-0.420483236460867
"349",-0.821755848752037,-0.733481900021906,-0.790627753503244,-0.731160456822252,-0.68307114130068,-0.707304437797411,-0.629984213818269,1.12498729334141,-0.0916230029490882,-0.667340797078738,-0.713863977701001,-0.649581605845358,-0.603579124716623,-0.624849977156404,-0.504126505672453,1.43814979981192,-0.659453391562235,0.147544960112142,-0.530203752922843,-0.542469809986012,-0.500355084670718,-0.758640117417196,-0.134257753098071,0.047508228284668,0.221381324873233,0.224019407077747,0.812291685007847,1.53293519476401,-0.406875465718602,-0.757669631024462,-0.720914073669311,-0.562599667864079,-0.509478176054185,-0.491631967722431,2.06681531827549
"354",-0.821755848752037,-0.733481900021906,-0.790627753503244,-0.731160456822252,-0.68307114130068,-0.707304437797411,-0.629984213818269,-0.411280787585925,-0.343492418949913,-0.667340797078738,-0.713863977701001,-0.649581605845358,-0.603579124716623,-0.624849977156404,-0.504126505672453,0.990253161132623,-0.659453391562235,-0.662737209786282,-0.530203752922843,-0.542469809986012,-0.500355084670718,-0.758640117417196,-0.168002017208777,0.202516062788488,-0.564701638263581,-0.181390397065114,0.0298342121450371,1.2784119907944,-0.229689808117663,-0.757669631024462,-0.720914073669311,-0.562599667864079,-0.509478176054185,-0.491631967722431,2.12895383810232
"373",0.172560162156437,-0.124915610477052,0.251191451650392,0.211298392845941,-0.68307114130068,-0.707304437797411,-0.629984213818269,-0.411280787585925,-0.35429806922027,0.168559315414643,0.168179933528465,-0.649581605845358,-0.603579124716623,-0.624849977156404,-0.504126505672453,-0.394333649838907,0.0349710628388512,-0.662737209786282,-0.530203752922843,-0.542469809986012,-0.500355084670718,-0.0819240499123725,-0.238091825747181,0.135664251057703,0.402484755556008,0.368743850527126,0.210860915697109,-0.374333555724361,-0.297601694461133,-0.130704649099961,-0.04262635673506,-0.562599667864079,-0.509478176054185,-0.491631967722431,-0.420483236460867
"376",-0.148230717848019,0.0096563407808417,0.112950714433354,0.241990525811919,-0.68307114130068,-0.707304437797411,-0.629984213818269,-0.411280787585925,-0.694314963969312,0.381972688719511,0.329873508846997,0.297459057360889,-0.603579124716623,-0.624849977156404,-0.504126505672453,-0.394333649838907,-0.0859967707676691,-0.662737209786282,-0.530203752922843,-0.542469809986012,-0.500355084670718,-0.404024979912864,-0.314353296828502,-0.143273957882787,0.0614737209309455,-0.646064794340261,-0.700768165864812,-0.374333555724361,-0.49600783237875,-0.252663599754001,-0.720914073669311,-0.562599667864079,-0.509478176054185,-0.491631967722431,-0.420483236460867
"390",-0.541299394551341,-0.733481900021906,-0.327345742148194,-0.731160456822252,-0.68307114130068,-0.707304437797411,-0.629984213818269,-0.411280787585925,-0.694314963969312,-0.667340797078738,-0.128059345863729,-0.649581605845358,-0.603579124716623,-0.624849977156404,-0.504126505672453,-0.394333649838907,-0.659453391562235,-0.662737209786282,-0.530203752922843,-0.542469809986012,-0.500355084670718,-0.464304445187469,-0.238939646856629,-0.242042863016435,-0.564701638263581,-0.102388831495407,-0.700768165864812,-0.374333555724361,-0.385288076584145,-0.367778791123316,-0.720914073669311,-0.562599667864079,-0.509478176054185,-0.491631967722431,-0.420483236460867
"395",-0.106458120170075,-0.334281041656129,-0.199283924994267,-0.0751527296773982,-0.68307114130068,-0.707304437797411,-0.629984213818269,-0.411280787585925,-0.00183725696283988,-0.147447208087739,-0.114251394238171,-0.649581605845358,-0.603579124716623,-0.624849977156404,-0.504126505672453,-0.394333649838907,-0.153594875270325,-0.662737209786282,-0.530203752922843,-0.542469809986012,-0.500355084670718,-0.0947052545124817,-0.130727056088701,-0.0809076612644937,0.112962984128133,0.00410342757184784,-0.10000434153865,-0.374333555724361,-0.114556164309653,-0.121818219084405,-0.720914073669311,-0.562599667864079,-0.509478176054185,-0.491631967722431,-0.420483236460867
"401",-0.488758599824511,-0.733481900021906,-0.790627753503244,-0.345182117570478,-0.68307114130068,-0.707304437797411,-0.629984213818269,0.51207992480164,-0.143248222240741,-0.667340797078738,-0.713863977701001,-0.649581605845358,-0.603579124716623,-0.624849977156404,-0.504126505672453,0.487486855362621,-0.659453391562235,-0.662737209786282,-0.530203752922843,-0.542469809986012,-0.500355084670718,-0.479775704577808,0.128216565668688,0.548913618505261,0.352876157611201,0.738067116635166,0.435972532978649,1.18810081458712,-0.166997652143325,-0.757669631024462,-0.0794994077905531,-0.562599667864079,-0.509478176054185,-0.491631967722431,1.37639051826453
"418",-0.194157316296596,-0.293807163301179,-0.0970862454800317,0.0745432734764574,-0.68307114130068,-0.707304437797411,-0.629984213818269,-0.411280787585925,-0.346484349628282,-0.667340797078738,-0.713863977701001,-0.649581605845358,-0.603579124716623,-0.624849977156404,-0.504126505672453,-0.394333649838907,-0.659453391562235,-0.662737209786282,-0.530203752922843,-0.542469809986012,-0.500355084670718,-0.281500318813155,-0.00213087004966543,0.162146062280214,0.0741921195773551,0.144999753657629,-0.700768165864812,-0.374333555724361,-0.338303741937322,-0.219687509194448,0.0244514503355829,-0.562599667864079,-0.509478176054185,-0.491631967722431,-0.420483236460867
"431",-0.821755848752037,-0.733481900021906,-0.790627753503244,-0.731160456822252,-0.68307114130068,-0.707304437797411,-0.629984213818269,0.821261841393264,-0.694314963969312,-0.667340797078738,-0.713863977701001,-0.649581605845358,-0.603579124716623,-0.624849977156404,-0.504126505672453,1.2309205021673,-0.659453391562235,-0.662737209786282,-0.530203752922843,-0.542469809986012,-0.500355084670718,-0.460814527991285,-0.328496687599942,-0.427228369714007,-0.564701638263581,-0.646064794340261,-0.700768165864812,0.760057558955223,-0.165792078907986,-0.757669631024462,-0.0572229129195609,-0.562599667864079,-0.509478176054185,-0.491631967722431,-0.420483236460867
"433",-0.821755848752037,-0.733481900021906,-0.790627753503244,-0.731160456822252,-0.68307114130068,-0.707304437797411,-0.629984213818269,1.3085552986891,-0.323599273109936,-0.667340797078738,-0.713863977701001,-0.649581605845358,-0.603579124716623,-0.624849977156404,-0.504126505672453,2.58968447196932,-0.659453391562235,-0.662737209786282,-0.530203752922843,-0.542469809986012,-0.500355084670718,-0.758640117417196,-0.512079052796145,-0.25504541455261,-0.564701638263581,-0.0255045725335061,-0.700768165864812,-0.374333555724361,-0.472220410629466,-0.757669631024462,-0.720914073669311,-0.562599667864079,-0.509478176054185,-0.491631967722431,1.19712153280102
"443",-0.821755848752037,-0.733481900021906,-0.790627753503244,-0.731160456822252,-0.68307114130068,-0.707304437797411,-0.629984213818269,0.212901652365638,-0.694314963969312,-0.667340797078738,-0.713863977701001,-0.649581605845358,-0.603579124716623,-0.624849977156404,-0.504126505672453,0.0361049549786316,-0.659453391562235,-0.662737209786282,-0.530203752922843,-0.542469809986012,-0.500355084670718,-0.758640117417196,-0.807651312530737,-0.80415941247154,-0.564701638263581,-0.646064794340261,-0.700768165864812,-0.374333555724361,-0.787887890235552,-0.757669631024462,-0.720914073669311,-0.562599667864079,-0.509478176054185,-0.491631967722431,1.16962343240141
"459",0.195458503646564,-0.733481900021906,-0.354739098156717,-0.731160456822252,-0.68307114130068,-0.707304437797411,-0.629984213818269,-0.411280787585925,0.456070235011456,-0.667340797078738,-0.713863977701001,-0.649581605845358,-0.603579124716623,-0.624849977156404,-0.504126505672453,-0.394333649838907,-0.659453391562235,-0.662737209786282,-0.530203752922843,-0.542469809986012,-0.500355084670718,0.183130667167004,-0.211747242433587,-0.237708063746372,-0.564701638263581,-0.646064794340261,-0.700768165864812,-0.374333555724361,1.15755969252297,-0.0706486666341771,-0.720914073669311,-0.562599667864079,-0.509478176054185,-0.491631967722431,-0.420483236460867
"512",0.564802559468352,-0.733481900021906,-0.790627753503244,-0.731160456822252,-0.68307114130068,-0.707304437797411,-0.629984213818269,-0.411280787585925,-0.135539860378084,-0.667340797078738,-0.713863977701001,-0.649581605845358,-0.603579124716623,-0.624849977156404,-0.504126505672453,-0.394333649838907,0.48754747214778,-0.662737209786282,-0.530203752922843,-0.542469809986012,-0.500355084670718,0.490760095718711,0.617671127783436,0.687902881219341,-0.564701638263581,-0.646064794340261,-0.700768165864812,-0.374333555724361,-0.230594346874346,-0.140423473117917,-0.720914073669311,-0.562599667864079,-0.509478176054185,-0.491631967722431,-0.420483236460867
"513",-0.121315118247154,-0.733481900021906,-0.790627753503244,-0.731160456822252,-0.68307114130068,-0.707304437797411,-0.629984213818269,-0.411280787585925,0.0977702649219756,-0.667340797078738,-0.713863977701001,-0.649581605845358,-0.603579124716623,-0.624849977156404,-0.504126505672453,-0.394333649838907,-0.659453391562235,-0.662737209786282,-0.530203752922843,-0.542469809986012,-0.500355084670718,-0.131685500937274,-0.232730746832007,-0.80415941247154,-0.564701638263581,-0.646064794340261,-0.700768165864812,-0.374333555724361,-0.220757715299762,-0.757669631024462,-0.720914073669311,-0.562599667864079,-0.509478176054185,-0.491631967722431,-0.420483236460867
"514",0.0501130370153216,-0.247081233155112,-0.213680724054558,-0.731160456822252,-0.68307114130068,-0.707304437797411,-0.629984213818269,-0.411280787585925,0.247042523997074,-0.126541556181463,-0.713863977701001,-0.649581605845358,-0.603579124716623,-0.624849977156404,-0.504126505672453,-0.394333649838907,-0.0229657448954513,-0.662737209786282,-0.530203752922843,-0.542469809986012,-0.500355084670718,-0.00323041596499746,-0.140808673421297,-0.80415941247154,0.234437078561958,-0.646064794340261,-0.700768165864812,-0.374333555724361,-0.0991073781225861,-0.0714870591970116,-0.720914073669311,-0.562599667864079,-0.509478176054185,-0.491631967722431,-0.420483236460867
"516",0.570883901050853,-0.733481900021906,0.349120196394207,-0.731160456822252,-0.68307114130068,-0.707304437797411,-0.629984213818269,-0.411280787585925,0.764693100772773,-0.667340797078738,0.671466540839436,0.389509369907728,-0.603579124716623,-0.624849977156404,-0.504126505672453,-0.394333649838907,-0.659453391562235,-0.662737209786282,-0.530203752922843,-0.542469809986012,-0.500355084670718,-0.758640117417196,0.691251318725224,0.645665221191494,0.639405134561063,-0.646064794340261,-0.700768165864812,-0.374333555724361,0.875312957437625,0.506545149565583,0.403468296590456,-0.562599667864079,-0.509478176054185,-0.491631967722431,-0.420483236460867
"518",0.824054751643359,-0.224376121183064,-0.0890430134130028,0.0822854173246646,-0.68307114130068,-0.707304437797411,-0.629984213818269,0.273635524946782,1.18294674733525,-0.667340797078738,-0.713863977701001,-0.649581605845358,-0.603579124716623,-0.624849977156404,-0.504126505672453,-0.394333649838907,0.605669724423955,-0.662737209786282,-0.530203752922843,-0.542469809986012,-0.500355084670718,0.920782185159314,-0.0387975974981704,-0.0630371657502683,0.00548208775805991,-0.646064794340261,-0.700768165864812,-0.374333555724361,0.315715504399493,0.376158377817171,-0.180193466204806,-0.562599667864079,-0.509478176054185,-0.491631967722431,-0.420483236460867
"525",0.398496315766568,-0.733481900021906,-0.275463513425809,-0.060447886425604,-0.68307114130068,-0.707304437797411,-0.629984213818269,-0.411280787585925,0.679215946701132,-0.667340797078738,-0.713863977701001,-0.649581605845358,-0.603579124716623,-0.624849977156404,-0.504126505672453,-0.394333649838907,0.153881463523891,-0.662737209786282,-0.530203752922843,-0.542469809986012,-0.500355084670718,0.414075032069785,-0.332173876941866,-0.322816616427818,-0.564701638263581,-0.646064794340261,-0.700768165864812,-0.374333555724361,0.628531759683855,-0.0454095357440705,-0.373908938532227,-0.562599667864079,-0.509478176054185,-0.491631967722431,-0.420483236460867
"530",-0.080807602330456,-0.733481900021906,-0.411386167159473,-0.731160456822252,-0.68307114130068,-0.707304437797411,-0.629984213818269,-0.411280787585925,0.14050997938579,-0.667340797078738,-0.713863977701001,-0.649581605845358,-0.603579124716623,-0.624849977156404,-0.504126505672453,-0.394333649838907,-0.0857649045373668,-0.662737209786282,-0.530203752922843,-0.542469809986012,-0.500355084670718,-0.0986233686744263,-0.444937182571978,-0.551470116735517,-0.564701638263581,-0.646064794340261,-0.700768165864812,-0.374333555724361,0.127366554735982,-0.330235190280395,-0.720914073669311,-0.562599667864079,-0.509478176054185,-0.491631967722431,-0.420483236460867
"536",0.0991570134383282,-0.255301915684471,-0.165815345812222,-0.0905741395933936,-0.68307114130068,-0.707304437797411,-0.629984213818269,-0.411280787585925,0.326933384889919,-0.667340797078738,-0.713863977701001,-0.649581605845358,-0.603579124716623,-0.624849977156404,-0.504126505672453,-0.394333649838907,-0.0864803853852632,-0.662737209786282,-0.530203752922843,-0.542469809986012,-0.500355084670718,0.131903819341855,-0.00931349553346557,-0.152491735914344,-0.564701638263581,-0.646064794340261,-0.700768165864812,-0.374333555724361,0.234189296838787,0.0410672551055628,-0.720914073669311,-0.562599667864079,-0.509478176054185,-0.491631967722431,-0.420483236460867
"551",0.0617182310126599,-0.733481900021906,-0.790627753503244,-0.731160456822252,-0.68307114130068,-0.707304437797411,-0.629984213818269,-0.411280787585925,-0.694314963969312,-0.667340797078738,-0.713863977701001,-0.649581605845358,-0.603579124716623,-0.624849977156404,-0.504126505672453,-0.394333649838907,-0.0454391640965559,-0.662737209786282,-0.530203752922843,-0.542469809986012,-0.500355084670718,0.126699713486294,-0.403976438556145,-0.80415941247154,-0.564701638263581,-0.646064794340261,-0.700768165864812,-0.374333555724361,0.308113076274546,-0.231697059448753,-0.720914073669311,-0.562599667864079,-0.509478176054185,-0.491631967722431,-0.420483236460867
"554",0.0105235082031472,-0.103907992592285,-0.790627753503244,-0.731160456822252,-0.68307114130068,-0.707304437797411,-0.629984213818269,-0.411280787585925,-0.319569223077341,-0.667340797078738,-0.713863977701001,-0.649581605845358,-0.603579124716623,-0.624849977156404,-0.504126505672453,-0.394333649838907,-0.659453391562235,-0.662737209786282,-0.530203752922843,-0.542469809986012,-0.500355084670718,-0.0543475309770404,-0.362681461808755,-0.80415941247154,-0.564701638263581,-0.646064794340261,-0.700768165864812,-0.374333555724361,-0.456383837583141,-0.315572469867101,-0.720914073669311,-0.562599667864079,-0.509478176054185,-0.491631967722431,-0.420483236460867
"558",-0.146801231358659,-0.733481900021906,-0.790627753503244,-0.731160456822252,-0.68307114130068,-0.707304437797411,-0.629984213818269,-0.411280787585925,0.0725835672087398,-0.667340797078738,-0.713863977701001,-0.649581605845358,-0.603579124716623,-0.624849977156404,-0.504126505672453,-0.394333649838907,-0.659453391562235,-0.662737209786282,-0.530203752922843,-0.542469809986012,-0.500355084670718,-0.0853739902178379,-0.216273463812171,-0.304488061163723,-0.564701638263581,-0.646064794340261,-0.700768165864812,-0.374333555724361,-0.0233932024252975,-0.136386124359027,-0.720914073669311,-0.562599667864079,-0.509478176054185,-0.491631967722431,-0.420483236460867
"640",-0.231146970482917,-0.733481900021906,-0.790627753503244,-0.731160456822252,-0.68307114130068,-0.707304437797411,-0.629984213818269,-0.411280787585925,0.23060643539261,-0.667340797078738,-0.713863977701001,-0.649581605845358,-0.603579124716623,-0.624849977156404,-0.504126505672453,-0.394333649838907,-0.659453391562235,-0.662737209786282,-0.530203752922843,-0.542469809986012,-0.500355084670718,-0.30509167721179,-0.807651312530737,-0.80415941247154,-0.564701638263581,-0.646064794340261,-0.700768165864812,-0.374333555724361,-0.341253566944298,-0.757669631024462,-0.720914073669311,-0.562599667864079,-0.509478176054185,-0.491631967722431,-0.420483236460867
"644",1.09103348191316,1.01963826044683,-0.790627753503244,-0.731160456822252,-0.68307114130068,-0.707304437797411,-0.629984213818269,0.60435709660894,0.416850388578641,-0.667340797078738,-0.713863977701001,-0.649581605845358,-0.603579124716623,-0.624849977156404,-0.504126505672453,-0.394333649838907,3.32808415184378,-0.662737209786282,-0.530203752922843,-0.542469809986012,-0.500355084670718,1.51004189377244,-0.807651312530737,-0.80415941247154,-0.564701638263581,-0.646064794340261,-0.700768165864812,-0.374333555724361,0.432691650909176,-0.757669631024462,-0.720914073669311,-0.562599667864079,-0.509478176054185,-0.491631967722431,2.93289469634778
"647",0.572025704258846,1.45401392422083,0.924581283076902,0.729503231282034,-0.68307114130068,-0.707304437797411,-0.629984213818269,-0.411280787585925,-0.0212845523350585,1.29543949424826,0.732724234387368,0.60502857874263,-0.603579124716623,-0.624849977156404,-0.504126505672453,-0.394333649838907,0.573219991379314,0.212611139036388,-0.530203752922843,-0.542469809986012,-0.500355084670718,0.699943414827102,-0.807651312530737,0.253636396369082,-0.564701638263581,-0.646064794340261,-0.700768165864812,-0.374333555724361,0.143201373217204,0.877934933642461,-0.720914073669311,-0.562599667864079,-0.509478176054185,-0.491631967722431,-0.420483236460867
"648",-0.216296140371957,0.749678907908464,0.877756199921337,0.515448773741699,-0.68307114130068,-0.707304437797411,-0.629984213818269,-0.411280787585925,-0.181766323472977,-0.329493653464082,0.905335686563862,-0.649581605845358,-0.603579124716623,-0.624849977156404,-0.504126505672453,-0.394333649838907,-0.659453391562235,0.312788417198871,-0.530203752922843,-0.542469809986012,-0.500355084670718,0.664506847008735,1.10241283902372,0.342822151776672,-0.564701638263581,-0.646064794340261,-0.700768165864812,-0.374333555724361,0.0161553850470062,-0.273997432099919,-0.720914073669311,-0.562599667864079,-0.509478176054185,-0.491631967722431,-0.420483236460867
"649",-0.821755848752037,1.50353817968575,-0.790627753503244,-0.731160456822252,-0.68307114130068,-0.707304437797411,-0.629984213818269,-0.411280787585925,-0.694314963969312,0.892489787754605,-0.713863977701001,-0.649581605845358,-0.603579124716623,-0.624849977156404,-0.504126505672453,-0.394333649838907,-0.659453391562235,-0.662737209786282,-0.530203752922843,-0.542469809986012,-0.500355084670718,0.654815270476853,0.887547555376531,-0.80415941247154,-0.564701638263581,-0.646064794340261,-0.700768165864812,-0.374333555724361,-0.787887890235552,0.91883824981225,-0.720914073669311,-0.562599667864079,-0.509478176054185,-0.491631967722431,-0.420483236460867
"658",-0.821755848752037,0.0869006205942192,0.16669190246599,0.355793846276008,-0.68307114130068,0.401940135399428,-0.629984213818269,-0.411280787585925,-0.30262200587901,0.808224642706349,0.586880206178947,0.473597376937355,-0.603579124716623,-0.624849977156404,-0.504126505672453,-0.394333649838907,-0.110218640620701,0.13168293961752,-0.530203752922843,-0.542469809986012,-0.500355084670718,0.0765512865528155,-0.807651312530737,-0.00506133560085382,-0.564701638263581,-0.646064794340261,-0.700768165864812,-0.374333555724361,-0.438258229614635,-0.757669631024462,-0.720914073669311,-0.562599667864079,-0.509478176054185,-0.491631967722431,-0.420483236460867
"667",-0.145591146767953,0.202222725048618,-0.790627753503244,-0.731160456822252,-0.68307114130068,-0.707304437797411,-0.629984213818269,0.375332280165465,-0.378257899513282,-0.667340797078738,-0.713863977701001,-0.649581605845358,-0.603579124716623,-0.624849977156404,-0.504126505672453,-0.394333649838907,0.9476977641175,-0.662737209786282,-0.530203752922843,-0.542469809986012,-0.500355084670718,-0.374823863588181,-0.555022130572327,-0.80415941247154,-0.564701638263581,-0.646064794340261,-0.700768165864812,-0.374333555724361,-0.414509388310348,-0.191493581260057,-0.720914073669311,-0.562599667864079,-0.509478176054185,-0.491631967722431,-0.420483236460867
"670",0.205030273280527,0.594441480540995,0.0345887657068029,-0.731160456822252,-0.68307114130068,-0.707304437797411,-0.629984213818269,0.671178725135198,-0.248516656606528,0.100943542104181,-0.198723959976812,-0.649581605845358,-0.603579124716623,-0.624849977156404,-0.504126505672453,-0.394333649838907,-0.659453391562235,-0.662737209786282,-0.530203752922843,-0.542469809986012,-0.500355084670718,-0.758640117417196,-0.807651312530737,-0.80415941247154,-0.564701638263581,-0.646064794340261,-0.700768165864812,-0.374333555724361,-0.0789522162549165,0.473927987507141,0.0240999572105381,-0.562599667864079,-0.509478176054185,-0.491631967722431,-0.420483236460867
"687",-0.318413030823922,0.052467213597089,-0.173750112552594,-0.731160456822252,-0.68307114130068,-0.707304437797411,-0.629984213818269,-0.411280787585925,-0.694314963969312,0.0641827245345769,-0.713863977701001,-0.649581605845358,-0.603579124716623,-0.624849977156404,-0.504126505672453,-0.394333649838907,-0.659453391562235,-0.662737209786282,-0.530203752922843,-0.542469809986012,-0.500355084670718,-0.246743292511379,-0.211104869770614,-0.80415941247154,-0.564701638263581,-0.646064794340261,-0.700768165864812,-0.374333555724361,-0.787887890235552,-0.15849717013459,-0.720914073669311,-0.562599667864079,-0.509478176054185,-0.491631967722431,-0.420483236460867
"712",-0.409989179420446,-0.128500658254777,-0.790627753503244,-0.731160456822252,-0.68307114130068,-0.707304437797411,-0.629984213818269,-0.411280787585925,-0.498465417240611,-0.667340797078738,-0.713863977701001,-0.649581605845358,-0.603579124716623,-0.624849977156404,-0.504126505672453,-0.394333649838907,0.143086108216685,-0.662737209786282,-0.530203752922843,-0.542469809986012,-0.500355084670718,-0.537276172371865,-0.807651312530737,-0.80415941247154,-0.564701638263581,-0.646064794340261,-0.700768165864812,-0.374333555724361,-0.548003905767557,-0.361832888764052,-0.720914073669311,-0.562599667864079,-0.509478176054185,-0.491631967722431,-0.420483236460867
"722",-0.158334271609743,-0.0892773203971781,-0.20765679582978,-0.731160456822252,-0.68307114130068,-0.707304437797411,-0.629984213818269,-0.411280787585925,-0.487479024518708,-0.667340797078738,-0.713863977701001,-0.649581605845358,-0.603579124716623,-0.624849977156404,-0.504126505672453,-0.394333649838907,-0.105430026144439,-0.662737209786282,-0.530203752922843,-0.542469809986012,-0.500355084670718,-0.297467171678335,-0.357026967408177,-0.80415941247154,-0.564701638263581,-0.646064794340261,-0.700768165864812,-0.374333555724361,-0.787887890235552,-0.218468767573697,-0.720914073669311,-0.562599667864079,-0.509478176054185,-0.491631967722431,-0.420483236460867
"724",-0.456883193949601,-0.296237466602896,-0.790627753503244,-0.731160456822252,-0.68307114130068,-0.707304437797411,-0.629984213818269,-0.411280787585925,-0.472980361126347,-0.667340797078738,-0.713863977701001,-0.649581605845358,-0.603579124716623,-0.624849977156404,-0.504126505672453,-0.394333649838907,0.371126897896051,-0.662737209786282,-0.530203752922843,-0.542469809986012,-0.500355084670718,-0.184821948581361,-0.807651312530737,-0.80415941247154,-0.564701638263581,-0.646064794340261,-0.700768165864812,-0.374333555724361,-0.545112530992781,-0.757669631024462,-0.720914073669311,-0.562599667864079,-0.509478176054185,-0.491631967722431,-0.420483236460867
"736",-0.821755848752037,0.00984219570288237,0.0248167252662209,-0.731160456822252,-0.68307114130068,-0.707304437797411,-0.629984213818269,-0.411280787585925,-0.456605646526614,0.0730955122126515,0.0370538711869542,-0.649581605845358,-0.603579124716623,-0.624849977156404,-0.504126505672453,-0.394333649838907,-0.659453391562235,0.342004976803731,-0.530203752922843,-0.542469809986012,-0.500355084670718,-0.758640117417196,-0.807651312530737,-0.80415941247154,-0.564701638263581,-0.646064794340261,-0.700768165864812,-0.374333555724361,-0.24378894576103,-0.108390257015537,-0.720914073669311,-0.562599667864079,-0.509478176054185,-0.491631967722431,-0.420483236460867
"749",-0.339795164182861,-0.200349910888861,-0.0244740223644059,-0.0507001168487736,-0.68307114130068,-0.707304437797411,-0.629984213818269,-0.411280787585925,-0.694314963969312,0.107599147503923,-0.027312334948298,-0.649581605845358,-0.603579124716623,-0.624849977156404,-0.504126505672453,-0.394333649838907,-0.659453391562235,-0.662737209786282,-0.530203752922843,-0.542469809986012,-0.500355084670718,-0.424773036617649,-0.153713911638259,-0.174783826803381,-0.564701638263581,-0.0937073398084699,-0.700768165864812,-0.374333555724361,-0.787887890235552,-0.25733100102044,-0.720914073669311,-0.562599667864079,-0.509478176054185,-0.491631967722431,-0.420483236460867
"754",0.00813736726741415,-0.733481900021906,-0.790627753503244,-0.731160456822252,-0.68307114130068,-0.707304437797411,-0.629984213818269,-0.411280787585925,-0.057643488059835,-0.667340797078738,-0.713863977701001,-0.649581605845358,-0.603579124716623,-0.624849977156404,-0.504126505672453,-0.394333649838907,-0.659453391562235,-0.662737209786282,-0.530203752922843,-0.542469809986012,-0.500355084670718,-0.339142148307708,-0.807651312530737,-0.80415941247154,-0.564701638263581,-0.646064794340261,-0.700768165864812,-0.374333555724361,-0.31200576193186,-0.488842764216478,-0.720914073669311,-0.562599667864079,-0.509478176054185,-0.491631967722431,-0.420483236460867
"788",-0.32417026006284,-0.733481900021906,-0.201043336137641,-0.0318058855927524,-0.68307114130068,-0.707304437797411,-0.629984213818269,-0.411280787585925,-0.104420499005612,-0.667340797078738,-0.713863977701001,-0.649581605845358,-0.603579124716623,-0.624849977156404,-0.504126505672453,-0.394333649838907,-0.659453391562235,-0.662737209786282,-0.530203752922843,-0.542469809986012,-0.500355084670718,-0.758640117417196,-0.211963210288401,-0.0348610031711265,-0.564701638263581,-0.646064794340261,-0.700768165864812,-0.374333555724361,-0.325933778197406,-0.757669631024462,-0.720914073669311,-0.562599667864079,-0.509478176054185,-0.491631967722431,-0.420483236460867
"857",-0.821755848752037,-0.270371707760974,-0.790627753503244,-0.731160456822252,-0.68307114130068,-0.707304437797411,-0.629984213818269,-0.411280787585925,-0.694314963969312,0.342657003092104,-0.713863977701001,-0.649581605845358,-0.603579124716623,-0.624849977156404,-0.504126505672453,-0.394333649838907,-0.659453391562235,-0.662737209786282,-0.530203752922843,-0.542469809986012,-0.500355084670718,-0.169310238027872,0.0467214583599628,-0.80415941247154,-0.564701638263581,-0.646064794340261,-0.700768165864812,-0.374333555724361,-0.787887890235552,-0.381143618129905,-0.720914073669311,-0.562599667864079,-0.509478176054185,-0.491631967722431,-0.420483236460867
"859",-0.821755848752037,0.307406202165197,-0.106343566346162,0.0232679087209468,-0.68307114130068,-0.00373408370823122,-0.629984213818269,-0.411280787585925,-0.102535512472655,0.567045352701078,0.548340392443419,0.388967483510567,0.329212545905342,0.317172455424563,-0.504126505672453,-0.394333649838907,-0.659453391562235,-0.662737209786282,-0.530203752922843,-0.542469809986012,-0.500355084670718,-0.543338700544412,-0.807651312530737,-0.80415941247154,-0.564701638263581,-0.646064794340261,-0.700768165864812,-0.374333555724361,-0.787887890235552,-0.322232571633805,-0.720914073669311,-0.562599667864079,-0.509478176054185,-0.491631967722431,-0.420483236460867
"877",-0.821755848752037,-0.733481900021906,-0.790627753503244,-0.731160456822252,-0.68307114130068,-0.707304437797411,-0.629984213818269,0.136877285557732,-0.694314963969312,-0.667340797078738,-0.713863977701001,-0.649581605845358,-0.603579124716623,-0.624849977156404,-0.504126505672453,3.63708993954845,-0.659453391562235,-0.662737209786282,-0.530203752922843,-0.542469809986012,-0.500355084670718,-0.758640117417196,-0.807651312530737,-0.80415941247154,-0.564701638263581,-0.646064794340261,-0.700768165864812,2.82729654557929,-0.787887890235552,-0.757669631024462,-0.720914073669311,-0.562599667864079,-0.509478176054185,-0.491631967722431,-0.420483236460867
