,F4_GI_1,F4_GI_2,F4_GI_3,F4_GI_4,F4_HG_1,F4_HG_2,F4_HG_3,F4_STOM,F5_GI_1,F5_GI_2,F5_GI_3,F5_GI_4,F5_HG_1,F5_HG_2,F5_HG_3,F5_STOM,F6_GI_1,F6_GI_4,F6_HG_1,F6_HG_2,F6_HG_3,F7_GI_2,F7_GI_3,F7_GI_4,F7_HG_1,F7_HG_2,F7_HG_3,F7_STOM,F8_GI_1,F8_GI_2,F8_GI_4,F8_HG_1,F8_HG_2,F8_HG_3,F8_STOM,cluster.index,CF_componentindex,CF_NrNodes,CF_kingdom,CF_kingdom_score,CF_superclass,CF_superclass_score,CF_class,CF_class_score,CF_subclass,CF_subclass_score,CF_Dparent,CF_Dparent_score,CF_MFramework,CF_MFramework_score
8,-0.033389122,0.338729931,0.241391592,-0.731160457,-0.683071141,-0.707304438,-0.629984214,-0.411280788,-0.257858668,-0.667340797,-0.713863978,-0.649581606,-0.603579125,-0.624849977,-0.504126506,-0.39433365,0.440363289,-0.66273721,-0.530203753,-0.54246981,-0.500355085,-0.294792963,-0.181632891,0.427336206,0.108941188,-0.646064794,-0.700768166,-0.374333556,-0.237822856,0.161695992,-0.720914074,-0.562599668,-0.509478176,-0.491631968,-0.420483236,8,S8,1,no matches,0,no matches,0,no matches,0,no matches,0,no matches,0,no matches,0
23,-0.1197271,1.573917974,2.09292379,3.020606484,3.073635946,3.391802415,3.586377496,-0.411280788,-0.487128914,2.051143666,1.372403392,1.842305843,2.924907786,3.184813737,3.284146419,0.718984804,1.153094686,0.02135007,2.697325364,2.677140454,2.227963851,-0.562563523,-0.114690956,0.119048537,1.11825002,1.595109848,1.564161578,1.054920343,0.89965838,1.104479535,3.206683117,3.23229946,1.400451965,1.966067848,-0.420483236,23,S18,1,no matches,0,no matches,0,no matches,0,no matches,0,no matches,0,no matches,0
25,-0.821755849,-0.7334819,-0.790627754,-0.731160457,0.589392993,0.284690573,0.828513106,-0.411280788,-0.694314964,-0.667340797,-0.713863978,-0.649581606,1.853740691,2.316914666,2.215928566,-0.39433365,1.272540122,1.808820934,3.113673297,1.190710447,1.319474013,-0.758640117,-0.528754924,-0.172498052,0.4264129,1.182309083,1.414165128,-0.374333556,-0.78788789,-0.757669631,0.061615792,1.050301938,1.660930005,1.327761062,-0.420483236,25,S19,1,no matches,0,no matches,0,no matches,0,no matches,0,no matches,0,no matches,0
30,3.15897788,1.986685858,3.153002959,0.438774428,2.051395964,2.356568266,1.651603357,1.837491595,3.472354541,3.09575266,3.728717166,2.743168887,2.091770065,2.320576494,2.898789839,0.553260401,3.353082414,2.415685133,1.486515814,1.388712705,1.648410974,3.628941721,3.399759962,4.037396088,4.060690797,4.115857365,3.885347654,5.469022254,3.31091912,3.314272867,3.309413964,2.363823944,1.690576394,2.015154592,2.591513036,30,155,2,Organic compounds,1,Organic acids and derivatives,0.365079365,Carboxylic acids and derivatives,0.365079365,Tetracarboxylic acids and derivatives,0.293650794,Tetracarboxylic acids and derivatives,0.293650794,Aromatic heteropolycyclic compounds,0.761904762
68,0.799008522,-0.329134239,-0.142213586,0.597356146,2.932056422,3.395309796,3.287118571,7.327879064,2.821577633,-0.667340797,-0.713863978,2.198556222,5.010034885,4.449900556,4.64244316,6.138390762,-0.659453392,-0.66273721,-0.530203753,-0.54246981,-0.500355085,-0.758640117,-0.807651313,-0.109638072,-0.068927699,-0.646064794,-0.700768166,1.511286645,0.256994724,-0.757669631,-0.720914074,-0.562599668,-0.509478176,0.958508088,3.067953019,68,S45,1,no matches,0,no matches,0,no matches,0,no matches,0,no matches,0,no matches,0
83,3.118635312,1.659994764,2.639200113,3.18990179,1.361923854,1.359238767,0.912248979,1.446992175,3.191331538,2.376525302,2.883897275,2.064808022,1.323615289,1.388390188,1.82094618,1.504566862,2.369192274,1.744925069,1.136941257,1.052925136,1.338953767,3.020534589,2.973705499,3.274391434,3.245260207,3.175232961,2.95949294,4.322781039,2.989489864,2.832145345,2.411469291,1.58148224,1.070746364,1.309720701,1.755779635,83,5,100,Organic compounds,0.93,Organic acids and derivatives,0.288345599,Carboxylic acids and derivatives,0.271099206,"Amino acids, peptides, and analogues",0.269849206,Dipeptides,0.112630952,Aromatic heteropolycyclic compounds,0.295015152
87,2.232868976,0.058694605,2.083484567,2.271025979,0.003209666,1.574695218,-0.629984214,1.359094635,2.102069601,1.802805524,2.401372172,2.518122786,1.394996892,-0.624849977,-0.504126506,-0.39433365,2.030254285,-0.66273721,-0.031477615,1.047397812,1.240615523,2.401270865,2.366299706,2.648251024,2.605828689,2.264149156,2.256992278,-0.374333556,2.390986498,2.284799756,2.161820959,-0.562599668,0.130681376,1.34101278,-0.420483236,87,169,4,Organic compounds,1,Lipids and lipid-like molecules,0.9125,Glycerophospholipids,0.5125,Glycerophosphoglycerols,0.5125,Phosphatidylglycerols,0.5125,Aliphatic acyclic compounds,0.54375
90,-0.821755849,-0.7334819,-0.790627754,-0.731160457,1.314573918,1.147736071,1.203581547,0.671392464,-0.093425053,-0.667340797,-0.713863978,-0.649581606,1.524849531,1.4806223,1.382217864,0.636586097,-0.659453392,0.676902346,1.435203094,1.903631999,2.23890131,-0.758640117,-0.481081895,-0.804159412,-0.564701638,0.430005431,0.529993079,-0.374333556,-0.78788789,-0.757669631,-0.720914074,0.979764857,0.45700483,1.173209685,1.919260117,90,S54,1,no matches,0,no matches,0,no matches,0,no matches,0,no matches,0,no matches,0
91,1.208190625,-0.116195274,0.013294834,1.286134541,-0.683071141,0.776917188,-0.629984214,-0.411280788,1.030570925,-0.12660962,-0.059730895,-0.649581606,-0.603579125,-0.624849977,-0.504126506,-0.39433365,-0.357996892,-0.66273721,-0.530203753,-0.54246981,-0.500355085,1.207932148,1.206643332,1.461341638,0.267714371,-0.269036442,1.240708446,-0.374333556,1.125074919,1.1778957,1.167365539,-0.562599668,-0.509478176,-0.491631968,-0.420483236,91,73,30,Organic compounds,1,Lipids and lipid-like molecules,0.442142857,Prenol lipids,0.283597884,Triterpenoids,0.213835979,Triterpenoids,0.213835979,Aromatic heteropolycyclic compounds,0.37297619
95,-0.821755849,-0.7334819,-0.790627754,-0.168924735,2.497880664,2.029855798,2.18748148,-0.411280788,-0.694314964,-0.667340797,-0.240302165,-0.649581606,0.939101446,0.641904849,-0.504126506,-0.39433365,-0.659453392,1.464135003,1.666148586,2.813093753,3.205336613,-0.275525826,-0.20552842,0.317337993,0.120932817,0.563069401,0.439257511,-0.374333556,-0.78788789,-0.053713638,2.077964321,2.607278217,2.693287965,-0.491631968,-0.420483236,95,S56,1,no matches,0,no matches,0,no matches,0,no matches,0,no matches,0,no matches,0
97,0.529741714,0.376485442,0.927661194,1.40499363,0.787100939,1.02504429,0.838650883,-0.411280788,0.560231132,1.089057262,1.159641739,1.647837065,1.488673533,1.35909489,1.794613393,-0.39433365,0.403586687,1.490293544,1.34442714,1.503413332,1.322994509,0.421250172,-0.237857018,0.125044163,0.761669728,0.567670731,0.80117026,-0.374333556,1.208727729,0.36657863,2.18614567,1.536607713,0.659277535,1.715328443,-0.420483236,97,14,17,Organic compounds,0.941176471,Lipids and lipid-like molecules,0.656862745,Fatty Acyls,0.504201681,Fatty acids and conjugates,0.179738562,Long-chain fatty acids,0.172385621,Aliphatic acyclic compounds,0.464402428
99,-0.821755849,-0.7334819,-0.790627754,-0.731160457,0.928190376,-0.707304438,1.049997638,-0.411280788,-0.694314964,-0.667340797,-0.713863978,-0.649581606,0.65317934,0.781471226,0.708640086,-0.39433365,-0.659453392,0.399290325,1.043241075,1.611091679,2.034869471,-0.758640117,-0.807651313,-0.804159412,-0.564701638,0.089858119,0.192347706,-0.374333556,-0.78788789,-0.757669631,-0.720914074,-0.562599668,0.3095666,0.680849344,-0.420483236,99,S57,1,no matches,0,no matches,0,no matches,0,no matches,0,no matches,0,no matches,0
102,1.666959394,0.375323104,1.29595782,1.468426704,0.383488493,0.497721603,-0.629984214,-0.411280788,2.053988036,1.164551954,1.808095877,1.286661175,-0.603579125,-0.624849977,1.111797438,-0.39433365,-0.659453392,-0.66273721,-0.530203753,-0.54246981,-0.500355085,1.357606389,1.890804516,1.760984395,1.643742621,-0.646064794,1.258357035,-0.374333556,2.110404791,1.534060346,1.325265043,-0.562599668,-0.509478176,-0.491631968,-0.420483236,102,5,100,Organic compounds,0.93,Organic acids and derivatives,0.288345599,Carboxylic acids and derivatives,0.271099206,"Amino acids, peptides, and analogues",0.269849206,Dipeptides,0.112630952,Aromatic heteropolycyclic compounds,0.295015152
104,-0.821755849,-0.7334819,-0.790627754,-0.731160457,1.211540012,0.369964371,1.086428556,-0.411280788,-0.694314964,-0.667340797,-0.713863978,-0.649581606,1.358923478,1.304445295,1.265175404,-0.39433365,-0.659453392,1.35466106,2.290117221,2.157642357,2.450053686,-0.758640117,-0.807651313,-0.804159412,-0.564701638,0.584385227,0.889216437,-0.374333556,-0.78788789,-0.757669631,-0.0341614,1.076633016,1.171075298,1.257134767,-0.420483236,104,S58,1,no matches,0,no matches,0,no matches,0,no matches,0,no matches,0,no matches,0
106,3.666113552,1.701697364,2.35616315,2.613427877,0.947479073,0.851086539,0.59528997,1.197658099,4.279110762,1.87176284,1.91236659,3.288961399,0.749767772,0.731895401,1.000482338,0.842578184,2.358335454,0.904368338,0.630087052,0.494018411,0.783546975,3.628941721,3.12041239,2.653633836,2.62418205,2.190648722,1.978634178,-0.374333556,4.204975389,3.280753373,1.559735998,0.854278524,0.60930764,0.571150192,-0.420483236,106,S59,1,no matches,0,no matches,0,no matches,0,no matches,0,no matches,0,no matches,0
107,-0.106121279,0.458865424,1.516503569,1.946485572,0.760228957,0.602551424,0.533308334,-0.411280788,0.148007273,1.014565916,0.188002259,0.417852794,1.309639052,1.638365886,1.966135725,-0.39433365,1.267944448,3.257215328,3.271877342,3.325369356,3.016044374,-0.078697707,-0.343651298,-0.052800793,0.624712401,0.4020916,0.754257838,-0.374333556,0.591478997,0.507750668,2.82154159,2.738626081,0.911843129,1.423011581,-0.420483236,107,63,50,Organic compounds,1,Lipids and lipid-like molecules,0.470212121,Prenol lipids,0.177018038,,0.1856443,Diterpenoids,0.042135642,Aromatic heteropolycyclic compounds,0.382551948
111,-0.821755849,-0.7334819,-0.790627754,-0.731160457,0.67524281,0.413934741,0.703833112,-0.411280788,-0.694314964,-0.667340797,-0.713863978,-0.649581606,-0.603579125,-0.624849977,-0.504126506,-0.39433365,-0.659453392,-0.66273721,-0.530203753,-0.54246981,-0.500355085,-0.758640117,-0.807651313,-0.804159412,0.346388105,0.920941111,0.909150204,-0.374333556,-0.78788789,-0.757669631,0.252610876,0.890829749,0.988990128,1.069283822,-0.420483236,111,S61,1,no matches,0,no matches,0,no matches,0,no matches,0,no matches,0,no matches,0
112,-0.821755849,-0.7334819,-0.790627754,-0.371537618,1.301559217,0.873111608,1.535339491,-0.411280788,-0.694314964,-0.667340797,-0.713863978,-0.649581606,0.607245119,0.436345518,-0.504126506,-0.39433365,-0.659453392,-0.66273721,-0.530203753,-0.54246981,-0.500355085,-0.758640117,-0.807651313,-0.804159412,-0.564701638,-0.646064794,-0.700768166,-0.374333556,-0.78788789,-0.757669631,0.453689929,1.538187475,0.717499929,1.745738656,-0.420483236,112,63,50,Organic compounds,1,Lipids and lipid-like molecules,0.470212121,Prenol lipids,0.177018038,,0.1856443,Diterpenoids,0.042135642,Aromatic heteropolycyclic compounds,0.382551948
113,0.081770058,0.461447776,0.319704027,0.954928249,1.305561991,1.437519498,1.645707982,-0.411280788,-0.243093579,0.341943094,0.677397272,0.588238829,0.951216362,1.31685704,1.231016798,-0.39433365,0.110161337,0.347737012,0.716256751,0.972001081,0.992616478,-0.149202628,-0.154284499,-0.066145956,-0.564701638,-0.646064794,0.209955796,-0.374333556,-0.264355981,-0.079572905,0.473358319,0.731684543,0.873178567,0.775251934,-0.420483236,113,94,7,Organic compounds,0.428571429,Organic acids and derivatives,0.214285714,Fatty Acyls,0.142857143,Organosulfonic acids and derivatives,0.142857143,Organosulfonic acids,0.142857143,Aliphatic acyclic compounds,0.214285714
118,2.552132957,1.113795241,1.613362257,1.809997235,0.524067668,0.528113117,-0.629984214,0.821223591,3.076153207,1.298276289,1.330563792,2.377509728,-0.603579125,-0.624849977,-0.504126506,0.569093355,1.686372027,0.524521498,-0.530203753,0.181033028,0.470250493,2.626343264,2.239720713,1.920373145,1.872458265,1.504986798,1.317699165,-0.374333556,3.132264191,2.390074161,1.065117398,0.490380439,0.329454412,-0.491631968,-0.420483236,118,S62,1,no matches,0,no matches,0,no matches,0,no matches,0,no matches,0,no matches,0
124,-0.821755849,-0.7334819,-0.790627754,-0.286238115,-0.683071141,-0.707304438,-0.629984214,1.557683737,-0.153643341,-0.667340797,-0.099769919,-0.649581606,-0.603579125,-0.624849977,-0.504126506,1.267060104,-0.659453392,0.283135953,-0.530203753,-0.54246981,-0.500355085,-0.758640117,-0.473288588,-0.271560159,0.416913544,0.02209603,0.820105736,1.640780639,-0.331238382,-0.757669631,-0.078104203,-0.562599668,-0.509478176,-0.491631968,2.964315816,124,345,2,Organic compounds,1,Lipids and lipid-like molecules,0.95,Prenol lipids,0.65,Triterpenoids,0.266666667,Triterpenoids,0.266666667,Aliphatic homomonocyclic compounds,0.388888889
126,-0.821755849,-0.417867568,0.286203998,0.744980947,1.617647325,1.322261487,1.541583867,-0.411280788,-0.694314964,-0.081893344,0.605588674,1.087941143,0.95731998,0.92256863,0.842516964,-0.39433365,-0.659453392,0.140010316,0.784973028,1.033486659,0.528816073,-0.758640117,0.36481255,0.12752568,-0.564701638,0.077743277,-0.054984968,-0.374333556,-0.78788789,-0.757669631,0.390425631,0.64545245,0.859386663,0.633592503,-0.420483236,126,2,7,Organic compounds,1,Organoheterocyclic compounds,0.493197279,Carboxylic acids and derivatives,0.298696145,"Amino acids, peptides, and analogues",0.284410431,Alpha amino acids and derivatives,0.110260771,Aromatic heteropolycyclic compounds,0.457426304
141,-0.552730738,-0.7334819,-0.231933674,-0.009228508,1.058088344,1.133567561,1.143312568,-0.411280788,-0.694314964,-0.138657335,0.043726254,0.611018139,0.814196781,0.646385674,-0.504126506,-0.39433365,-0.659453392,0.556400859,0.75567252,0.687500909,0.203974173,-0.478108135,-0.294461451,0.137108034,-0.564701638,0.087993521,0.066748146,0.839573063,-0.78788789,-0.757669631,0.407579878,0.471651771,0.66911404,0.797247079,-0.420483236,141,5,100,Organic compounds,0.93,Organic acids and derivatives,0.288345599,Carboxylic acids and derivatives,0.271099206,"Amino acids, peptides, and analogues",0.269849206,Dipeptides,0.112630952,Aromatic heteropolycyclic compounds,0.295015152
150,-0.554951942,-0.7334819,-0.284565713,-0.049011049,0.980830876,0.802038583,0.962509067,-0.411280788,-0.694314964,-0.184744246,-0.713863978,0.536901479,0.649785886,0.591848278,-0.504126506,-0.39433365,-0.659453392,0.496467185,0.561074073,0.547987526,-0.500355085,-0.461773493,-0.307558819,-0.804159412,-0.564701638,0.10254409,0.043073645,-0.374333556,-0.78788789,-0.757669631,0.424498075,0.500804821,0.580408909,-0.491631968,-0.420483236,150,3,74,Organic compounds,1,Lipids and lipid-like molecules,0.826045201,Prenol lipids,0.390973928,Diterpenoids,0.1878003,Diterpenoids,0.119417632,Aliphatic homopolycyclic compounds,0.268458231
151,-0.546140265,-0.7334819,-0.278096286,-0.044849705,1.132436317,0.93315631,1.045316066,-0.411280788,-0.496068819,-0.149081132,-0.022470408,0.584908152,0.706164132,0.527747356,0.677280674,-0.39433365,-0.659453392,0.483880873,0.640116204,0.581533002,0.221145978,-0.463344925,-0.26095496,0.139070683,-0.564701638,0.09964687,0.051446344,-0.374333556,-0.78788789,-0.757669631,0.509993496,0.551904131,0.634986486,0.786725052,-0.420483236,151,63,50,Organic compounds,1,Lipids and lipid-like molecules,0.470212121,Prenol lipids,0.177018038,,0.1856443,Diterpenoids,0.042135642,Aromatic heteropolycyclic compounds,0.382551948
153,0.305283462,-0.38328366,-0.309942843,-0.155763159,-0.683071141,-0.707304438,-0.629984214,0.392326551,0.616130774,1.105037031,1.325420247,0.642148409,-0.603579125,-0.624849977,-0.504126506,0.680676569,-0.0859977,-0.66273721,-0.530203753,-0.54246981,-0.500355085,0.353811643,-0.264413926,-0.268874559,0.394438821,0.280439556,-0.106768442,1.768877318,0.425743934,-0.016189371,0.536216458,-0.562599668,-0.509478176,-0.491631968,-0.420483236,153,28,19,Organic compounds,1,Lipids and lipid-like molecules,0.901754386,Prenol lipids,0.378947368,Triterpenoids,0.315789474,Triterpenoids,0.315789474,Aliphatic acyclic compounds,0.498245614
154,-0.821755849,-0.7334819,-0.790627754,-0.731160457,-0.683071141,0.272960292,0.784327139,-0.411280788,-0.694314964,-0.667340797,-0.713863978,0.162601086,0.491145044,0.552932649,-0.504126506,-0.39433365,-0.659453392,0.844576285,1.272458081,0.696252561,-0.500355085,-0.758640117,-0.317083823,0.198368329,0.08929302,0.578747002,0.602258793,-0.374333556,-0.78788789,-0.757669631,-0.720914074,1.113087274,1.262151648,0.957527884,-0.420483236,154,5,100,Organic compounds,0.93,Organic acids and derivatives,0.288345599,Carboxylic acids and derivatives,0.271099206,"Amino acids, peptides, and analogues",0.269849206,Dipeptides,0.112630952,Aromatic heteropolycyclic compounds,0.295015152
156,1.638400256,2.483032756,1.211817743,0.772878954,0.323735753,0.416084065,0.378461773,-0.411280788,0.406027779,1.201531823,0.556968163,0.465571802,0.77019745,0.570627637,0.751123914,-0.39433365,0.938598092,0.201014785,-0.530203753,-0.54246981,-0.500355085,-0.199154101,-0.463735211,-0.804159412,-0.564701638,-0.646064794,-0.700768166,-0.374333556,0.873173195,2.165202547,1.020996571,0.604461936,0.764159967,-0.491631968,-0.420483236,156,74,4,Organic compounds,1,Lipids and lipid-like molecules,0.8,Glycerolipids,0.34375,Triradylcglycerols,0.34375,Triacylglycerols,0.34375,Aliphatic acyclic compounds,0.46875
162,1.257220739,2.741733427,2.433626475,2.142389274,0.527624261,0.723997028,-0.629984214,0.753031306,-0.011528724,1.226692175,1.904961249,1.250026502,-0.603579125,0.679713245,-0.504126506,-0.39433365,3.201053327,2.129304988,1.010371738,0.72765281,1.186255503,1.807299717,2.457272762,2.802838778,3.857154619,3.438741278,2.842952518,-0.374333556,1.052627586,0.702654519,1.168503048,0.979500013,-0.509478176,0.385354875,-0.420483236,162,63,50,Organic compounds,1,Lipids and lipid-like molecules,0.470212121,Prenol lipids,0.177018038,,0.1856443,Diterpenoids,0.042135642,Aromatic heteropolycyclic compounds,0.382551948
167,0.433749129,0.000651142,0.270750734,0.489371792,-0.683071141,-0.707304438,-0.629984214,-0.411280788,0.544169939,0.26419552,0.385985434,0.1285224,-0.603579125,-0.624849977,-0.504126506,0.190568405,0.296046362,0.072913431,-0.530203753,-0.54246981,-0.500355085,0.452529867,0.394679191,0.498969346,0.642781627,0.540772617,0.432717869,0.998913682,0.412747126,0.373611965,0.286117804,0.116186931,-0.509478176,-0.491631968,-0.420483236,167,S76,1,no matches,0,no matches,0,no matches,0,no matches,0,no matches,0,no matches,0
169,1.019641742,1.703360299,0.678400947,0.402639769,-0.683071141,-0.707304438,-0.629984214,-0.411280788,-0.694314964,0.65096132,0.171795597,-0.649581606,-0.603579125,-0.624849977,-0.504126506,-0.39433365,0.492078845,-0.66273721,-0.530203753,-0.54246981,-0.500355085,-0.758640117,-0.807651313,-0.804159412,-0.564701638,-0.646064794,-0.700768166,-0.374333556,0.46025925,1.38333698,0.58924564,0.255618965,0.394355261,-0.491631968,-0.420483236,169,83,6,Organic compounds,1,Organic oxygen compounds,0.5,Organooxygen compounds,0.5,Carbohydrates and carbohydrate conjugates,0.5,C-glycosyl compounds,0.5,Aliphatic heteromonocyclic compounds,0.5
171,2.871917045,5.100077928,3.758745799,3.154529217,0.801442196,1.616493589,0.555239464,0.542524102,1.039349879,4.617236095,3.091784395,2.714805135,-0.603579125,1.204589064,1.294695592,-0.39433365,2.382208623,2.858985887,0.737244721,-0.54246981,-0.500355085,2.953227054,3.515097713,1.858427466,-0.564701638,-0.646064794,-0.700768166,-0.374333556,1.544592903,3.477305325,0.369526154,0.454953991,-0.509478176,-0.491631968,3.638239086,171,309,4,Organic compounds,1,Organoheterocyclic compounds,0.327380952,Steroids and steroid derivatives,0.178571429,,0.222222222,Androgens and derivatives,0.071428571,Aromatic heteropolycyclic compounds,0.382936508
172,-0.821755849,-0.7334819,-0.099231331,0.173859934,0.635227542,0.596428872,0.752831477,-0.411280788,-0.694314964,-0.667340797,0.163407097,0.438797628,0.356325164,0.282786301,-0.504126506,-0.39433365,-0.659453392,-0.66273721,0.33781351,0.459346753,-0.500355085,-0.758640117,-0.174776491,-0.263218113,-0.564701638,-0.646064794,-0.700768166,-0.374333556,-0.78788789,-0.757669631,-0.137457816,-0.562599668,0.240580338,0.132500664,-0.420483236,172,95,6,Organic compounds,1,Organic acids and derivatives,0.666203704,Carboxylic acids and derivatives,0.616203704,"Amino acids, peptides, and analogues",0.616203704,Dipeptides,0.461441799,Aliphatic acyclic compounds,0.666203704
185,0.740150692,-0.003711622,0.512531156,-0.161972464,-0.683071141,-0.048810707,-0.629984214,-0.411280788,-0.325394416,-0.667340797,1.013988119,0.468394025,0.36223183,0.216416728,0.990308449,-0.39433365,0.463800962,0.412509577,0.098970659,-0.54246981,-0.500355085,0.534708199,0.743343203,0.659720342,0.98618566,0.756754491,0.753539906,-0.374333556,0.79826369,0.417466688,0.338078486,-0.562599668,-0.509478176,-0.491631968,-0.420483236,185,S80,1,no matches,0,no matches,0,no matches,0,no matches,0,no matches,0,no matches,0
191,-0.821755849,-0.7334819,-0.276357693,0.051189018,0.768891413,0.514163453,0.704470662,-0.411280788,-0.694314964,-0.667340797,0.080405379,0.468360924,0.661756827,0.642856378,-0.504126506,-0.39433365,-0.659453392,0.244503789,1.253485365,1.051757002,0.505015481,-0.758640117,-0.303805311,-0.426242804,-0.564701638,-0.646064794,-0.092654138,-0.374333556,-0.78788789,-0.757669631,-0.008075884,0.547633446,0.686321423,0.55389152,-0.420483236,191,52,20,Organic compounds,1,Organic acids and derivatives,0.501765873,Carboxylic acids and derivatives,0.461488095,"Amino acids, peptides, and analogues",0.461488095,Dipeptides,0.269186508,Aromatic heteropolycyclic compounds,0.33827381
200,-0.821755849,-0.7334819,-0.790627754,-0.731160457,2.47880226,2.219145488,2.699200094,-0.411280788,-0.694314964,-0.667340797,-0.713863978,-0.649581606,-0.603579125,-0.624849977,-0.504126506,-0.39433365,-0.659453392,4.245986127,4.15134175,3.777699452,3.665783177,-0.758640117,-0.807651313,-0.804159412,-0.564701638,2.250382045,-0.700768166,-0.374333556,-0.78788789,-0.757669631,2.470007481,4.748743097,6.867065506,6.423545354,-0.420483236,200,5,100,Organic compounds,0.93,Organic acids and derivatives,0.288345599,Carboxylic acids and derivatives,0.271099206,"Amino acids, peptides, and analogues",0.269849206,Dipeptides,0.112630952,Aromatic heteropolycyclic compounds,0.295015152
210,-0.364085929,0.24271139,0.141674491,-0.731160457,-0.683071141,-0.707304438,0.392100833,-0.411280788,-0.694314964,0.168594996,0.043537903,0.488644041,-0.603579125,-0.624849977,-0.504126506,-0.39433365,-0.659453392,0.968279176,-0.530203753,0.278172785,-0.500355085,-0.409834448,0.035742956,-0.037779461,-0.564701638,-0.646064794,-0.700768166,-0.374333556,-0.78788789,0.104360492,-0.034589299,-0.562599668,-0.509478176,-0.491631968,-0.420483236,210,S92,1,no matches,0,no matches,0,no matches,0,no matches,0,no matches,0,no matches,0
213,-0.273309519,-0.337613247,-0.790627754,-0.731160457,0.245608198,-0.032445639,0.058516454,-0.411280788,-0.307428527,-0.667340797,-0.713863978,0.076410722,-0.603579125,0.147815524,-0.504126506,-0.39433365,0.332553212,0.778727269,1.338632357,1.95247869,1.645274649,-0.216047579,0.076185988,0.590803893,0.210466147,0.698745419,0.977625298,-0.374333556,-0.261137791,-0.000864849,0.465357481,0.824181476,0.685794051,1.598002643,-0.420483236,213,S94,1,no matches,0,no matches,0,no matches,0,no matches,0,no matches,0,no matches,0
215,-0.522850278,-0.315929069,-0.235926964,0.146325669,0.349923948,0.319707584,0.382971987,-0.411280788,-0.694314964,-0.114799626,-0.317923631,0.869727024,1.482911664,1.561734744,1.347763111,-0.39433365,-0.659453392,-0.66273721,-0.530203753,-0.54246981,-0.500355085,-0.758640117,-0.807651313,-0.804159412,-0.564701638,-0.646064794,-0.700768166,-0.374333556,-0.78788789,-0.757669631,0.042782181,0.315444832,0.147493567,-0.491631968,-0.420483236,215,S96,1,no matches,0,no matches,0,no matches,0,no matches,0,no matches,0,no matches,0
220,-0.821755849,-0.7334819,-0.790627754,-0.731160457,1.402379444,0.604373792,1.428348798,-0.411280788,-0.694314964,-0.667340797,-0.713863978,-0.649581606,1.520308356,1.797127677,0.726518147,-0.39433365,-0.245312892,0.378686691,1.250957308,1.690957757,2.164174072,-0.758640117,-0.807651313,-0.804159412,-0.564701638,-0.646064794,-0.700768166,-0.374333556,-0.78788789,-0.757669631,0.187190016,0.67562516,0.867044418,0.739350296,-0.420483236,220,S99,1,no matches,0,no matches,0,no matches,0,no matches,0,no matches,0,no matches,0
233,-0.821755849,-0.7334819,-0.790627754,-0.731160457,0.211366251,0.358834244,-0.629984214,-0.411280788,-0.694314964,-0.667340797,-0.713863978,-0.649581606,0.359707553,0.371727581,-0.504126506,-0.39433365,-0.659453392,-0.66273721,-0.530203753,-0.54246981,-0.500355085,-0.758640117,-0.807651313,-0.804159412,-0.564701638,0.529570186,0.886578826,-0.374333556,-0.168951321,-0.757669631,-0.720914074,0.403750916,0.49023794,-0.491631968,-0.420483236,233,S107,1,no matches,0,no matches,0,no matches,0,no matches,0,no matches,0,no matches,0
245,-0.443300536,-0.213308387,-0.790627754,-0.731160457,2.423551773,1.474425124,2.451284832,-0.411280788,-0.694314964,-0.667340797,-0.713863978,-0.649581606,0.825437454,0.908828089,0.997495619,-0.39433365,-0.659453392,0.331003042,-0.530203753,-0.54246981,-0.500355085,0.214147128,0.043599136,0.495694507,0.891727239,1.781817104,1.853151525,-0.374333556,-0.505015989,-0.757669631,-0.27464449,-0.562599668,0.255196385,0.110788506,-0.420483236,245,41,3,Organic compounds,1,Lipids and lipid-like molecules,0.69047619,Steroids and steroid derivatives,0.416666667,Steroidal glycosides,0.259259259,Steroidal glycosides,0.259259259,Aliphatic heteropolycyclic compounds,0.464285714
246,0.172319866,1.129790045,1.30861121,1.718758473,0.96896134,1.653991179,0.406890656,-0.411280788,0.170172054,2.524752557,2.341869336,2.114342038,0.90758047,0.307273106,-0.504126506,-0.39433365,0.491440311,0.754440993,-0.530203753,-0.54246981,-0.500355085,1.00558996,1.473794736,0.922225353,-0.564701638,-0.646064794,-0.700768166,-0.374333556,0.030368303,0.830771031,-0.720914074,-0.562599668,-0.509478176,-0.491631968,-0.420483236,246,3,74,Organic compounds,1,Lipids and lipid-like molecules,0.826045201,Prenol lipids,0.390973928,Diterpenoids,0.1878003,Diterpenoids,0.119417632,Aliphatic homopolycyclic compounds,0.268458231
249,0.182850036,0.950779095,1.148379125,0.97866862,-0.683071141,-0.707304438,-0.629984214,-0.411280788,-0.491394435,0.51787818,0.936114814,0.539999046,-0.603579125,-0.624849977,0.57612833,-0.39433365,1.733544176,1.278332952,-0.530203753,-0.54246981,0.114029701,0.539734667,0.928356266,1.295108459,2.012820645,-0.646064794,1.737861037,-0.374333556,-0.152541285,0.080522097,0.410525516,-0.562599668,-0.509478176,-0.491631968,-0.420483236,249,14,17,Organic compounds,0.941176471,Lipids and lipid-like molecules,0.656862745,Fatty Acyls,0.504201681,Fatty acids and conjugates,0.179738562,Long-chain fatty acids,0.172385621,Aliphatic acyclic compounds,0.464402428
261,-0.821755849,0.51938269,0.572149442,-0.731160457,-0.683071141,-0.707304438,-0.629984214,-0.411280788,-0.288454286,0.803750877,0.556881857,-0.649581606,-0.603579125,-0.624849977,-0.504126506,-0.39433365,-0.659453392,-0.006510324,-0.530203753,-0.54246981,-0.500355085,-0.758640117,-0.208721134,-0.804159412,-0.564701638,-0.646064794,-0.700768166,-0.374333556,-0.162566669,0.842511586,-0.720914074,-0.562599668,-0.509478176,-0.491631968,-0.420483236,261,3,74,Organic compounds,1,Lipids and lipid-like molecules,0.826045201,Prenol lipids,0.390973928,Diterpenoids,0.1878003,Diterpenoids,0.119417632,Aliphatic homopolycyclic compounds,0.268458231
267,-0.821755849,-0.7334819,-0.790627754,-0.731160457,-0.683071141,-0.707304438,-0.629984214,1.663242625,-0.040425077,-0.667340797,-0.160161276,-0.649581606,-0.603579125,-0.624849977,-0.504126506,1.976438855,-0.659453392,0.115884173,-0.530203753,-0.54246981,-0.500355085,-0.528350421,-0.183356026,0.290278816,-0.564701638,0.727517472,0.600294418,1.555698844,-0.393870949,-0.757669631,-0.720914074,-0.562599668,-0.509478176,-0.491631968,1.751178409,267,3,74,Organic compounds,1,Lipids and lipid-like molecules,0.826045201,Prenol lipids,0.390973928,Diterpenoids,0.1878003,Diterpenoids,0.119417632,Aliphatic homopolycyclic compounds,0.268458231
296,-0.281281898,-0.013386792,-0.416671078,-0.175884757,0.360008851,-0.707304438,0.46620659,2.160256541,0.169770134,0.086656913,-0.713863978,0.248447223,1.442384228,1.26439949,1.258564882,2.59927319,-0.659453392,-0.66273721,-0.530203753,-0.54246981,-0.500355085,-0.758640117,-0.807651313,-0.804159412,-0.564701638,-0.646064794,-0.700768166,-0.374333556,-0.78788789,-0.757669631,-0.720914074,-0.562599668,-0.509478176,-0.491631968,1.825687509,296,S137,1,no matches,0,no matches,0,no matches,0,no matches,0,no matches,0,no matches,0
335,-0.821755849,-0.251520433,-0.790627754,-0.731160457,-0.683071141,-0.707304438,-0.629984214,-0.411280788,-0.694314964,-0.667340797,-0.713863978,-0.649581606,-0.603579125,-0.624849977,-0.504126506,-0.39433365,-0.003856537,-0.66273721,-0.530203753,-0.54246981,-0.500355085,-0.216589074,-0.807651313,-0.804159412,-0.564701638,-0.646064794,-0.700768166,-0.374333556,-0.78788789,-0.08854161,-0.720914074,-0.562599668,-0.509478176,-0.491631968,-0.420483236,335,52,20,Organic compounds,1,Organic acids and derivatives,0.501765873,Carboxylic acids and derivatives,0.461488095,"Amino acids, peptides, and analogues",0.461488095,Dipeptides,0.269186508,Aromatic heteropolycyclic compounds,0.33827381
344,-0.821755849,-0.7334819,-0.445696905,-0.253161293,-0.683071141,-0.707304438,-0.629984214,0.195130148,-0.478016536,-0.359116533,-0.199914302,-0.649581606,-0.603579125,-0.624849977,-0.504126506,0.304855514,-0.659453392,-0.66273721,-0.530203753,-0.54246981,-0.500355085,-0.55129934,-0.469657481,-0.402176169,-0.154161331,-0.280363224,0.584216866,2.075027859,-0.295166905,-0.371595254,-0.140329866,-0.562599668,-0.509478176,-0.491631968,1.991483244,344,S155,1,no matches,0,no matches,0,no matches,0,no matches,0,no matches,0,no matches,0
346,0.41908476,1.855708327,0.713108575,0.489712707,-0.683071141,-0.707304438,-0.629984214,-0.411280788,-0.420659422,0.382202106,0.455480157,-0.649581606,-0.603579125,-0.624849977,-0.504126506,-0.39433365,0.940188541,-0.66273721,-0.530203753,-0.54246981,-0.500355085,0.163226458,0.598224617,0.619517337,0.977421567,0.86193525,0.451919006,-0.374333556,0.127328944,-0.201064443,-0.720914074,-0.562599668,-0.509478176,-0.491631968,-0.420483236,346,73,30,Organic compounds,1,Lipids and lipid-like molecules,0.442142857,Prenol lipids,0.283597884,Triterpenoids,0.213835979,Triterpenoids,0.213835979,Aromatic heteropolycyclic compounds,0.37297619
349,-0.821755849,-0.7334819,-0.790627754,-0.731160457,-0.683071141,-0.707304438,-0.629984214,1.124987293,-0.091623003,-0.667340797,-0.713863978,-0.649581606,-0.603579125,-0.624849977,-0.504126506,1.4381498,-0.659453392,0.14754496,-0.530203753,-0.54246981,-0.500355085,-0.758640117,-0.134257753,0.047508228,0.221381325,0.224019407,0.812291685,1.532935195,-0.406875466,-0.757669631,-0.720914074,-0.562599668,-0.509478176,-0.491631968,2.066815318,349,126,4,Organic compounds,1,Organoheterocyclic compounds,0.431547619,Carboxylic acids and derivatives,0.22172619,"Amino acids, peptides, and analogues",0.22172619,Benzylisoquinolines,0.142857143,Aromatic heteromonocyclic compounds,0.45734127
354,-0.821755849,-0.7334819,-0.790627754,-0.731160457,-0.683071141,-0.707304438,-0.629984214,-0.411280788,-0.343492419,-0.667340797,-0.713863978,-0.649581606,-0.603579125,-0.624849977,-0.504126506,0.990253161,-0.659453392,-0.66273721,-0.530203753,-0.54246981,-0.500355085,-0.758640117,-0.168002017,0.202516063,-0.564701638,-0.181390397,0.029834212,1.278411991,-0.229689808,-0.757669631,-0.720914074,-0.562599668,-0.509478176,-0.491631968,2.128953838,354,1,3,Organic compounds,1,Phenylpropanoids and polyketides,0.351851852,Benzene and substituted derivatives,0.237037037,,0.185185185,Retrochalcones,0.166666667,Aromatic homomonocyclic compounds,0.648148148
373,0.172560162,-0.12491561,0.251191452,0.211298393,-0.683071141,-0.707304438,-0.629984214,-0.411280788,-0.354298069,0.168559315,0.168179934,-0.649581606,-0.603579125,-0.624849977,-0.504126506,-0.39433365,0.034971063,-0.66273721,-0.530203753,-0.54246981,-0.500355085,-0.08192405,-0.238091826,0.135664251,0.402484756,0.368743851,0.210860916,-0.374333556,-0.297601694,-0.130704649,-0.042626357,-0.562599668,-0.509478176,-0.491631968,-0.420483236,373,S168,1,no matches,0,no matches,0,no matches,0,no matches,0,no matches,0,no matches,0
376,-0.148230718,0.009656341,0.112950714,0.241990526,-0.683071141,-0.707304438,-0.629984214,-0.411280788,-0.694314964,0.381972689,0.329873509,0.297459057,-0.603579125,-0.624849977,-0.504126506,-0.39433365,-0.085996771,-0.66273721,-0.530203753,-0.54246981,-0.500355085,-0.40402498,-0.314353297,-0.143273958,0.061473721,-0.646064794,-0.700768166,-0.374333556,-0.496007832,-0.2526636,-0.720914074,-0.562599668,-0.509478176,-0.491631968,-0.420483236,376,S170,1,no matches,0,no matches,0,no matches,0,no matches,0,no matches,0,no matches,0
390,-0.541299395,-0.7334819,-0.327345742,-0.731160457,-0.683071141,-0.707304438,-0.629984214,-0.411280788,-0.694314964,-0.667340797,-0.128059346,-0.649581606,-0.603579125,-0.624849977,-0.504126506,-0.39433365,-0.659453392,-0.66273721,-0.530203753,-0.54246981,-0.500355085,-0.464304445,-0.238939647,-0.242042863,-0.564701638,-0.102388831,-0.700768166,-0.374333556,-0.385288077,-0.367778791,-0.720914074,-0.562599668,-0.509478176,-0.491631968,-0.420483236,390,3,74,Organic compounds,1,Lipids and lipid-like molecules,0.826045201,Prenol lipids,0.390973928,Diterpenoids,0.1878003,Diterpenoids,0.119417632,Aliphatic homopolycyclic compounds,0.268458231
395,-0.10645812,-0.334281042,-0.199283925,-0.07515273,-0.683071141,-0.707304438,-0.629984214,-0.411280788,-0.001837257,-0.147447208,-0.114251394,-0.649581606,-0.603579125,-0.624849977,-0.504126506,-0.39433365,-0.153594875,-0.66273721,-0.530203753,-0.54246981,-0.500355085,-0.094705255,-0.130727056,-0.080907661,0.112962984,0.004103428,-0.100004342,-0.374333556,-0.114556164,-0.121818219,-0.720914074,-0.562599668,-0.509478176,-0.491631968,-0.420483236,395,52,20,Organic compounds,1,Organic acids and derivatives,0.501765873,Carboxylic acids and derivatives,0.461488095,"Amino acids, peptides, and analogues",0.461488095,Dipeptides,0.269186508,Aromatic heteropolycyclic compounds,0.33827381
401,-0.4887586,-0.7334819,-0.790627754,-0.345182118,-0.683071141,-0.707304438,-0.629984214,0.512079925,-0.143248222,-0.667340797,-0.713863978,-0.649581606,-0.603579125,-0.624849977,-0.504126506,0.487486855,-0.659453392,-0.66273721,-0.530203753,-0.54246981,-0.500355085,-0.479775705,0.128216566,0.548913619,0.352876158,0.738067117,0.435972533,1.188100815,-0.166997652,-0.757669631,-0.079499408,-0.562599668,-0.509478176,-0.491631968,1.376390518,401,S177,1,no matches,0,no matches,0,no matches,0,no matches,0,no matches,0,no matches,0
418,-0.194157316,-0.293807163,-0.097086245,0.074543273,-0.683071141,-0.707304438,-0.629984214,-0.411280788,-0.34648435,-0.667340797,-0.713863978,-0.649581606,-0.603579125,-0.624849977,-0.504126506,-0.39433365,-0.659453392,-0.66273721,-0.530203753,-0.54246981,-0.500355085,-0.281500319,-0.00213087,0.162146062,0.07419212,0.144999754,-0.700768166,-0.374333556,-0.338303742,-0.219687509,0.02445145,-0.562599668,-0.509478176,-0.491631968,-0.420483236,418,S185,1,no matches,0,no matches,0,no matches,0,no matches,0,no matches,0,no matches,0
431,-0.821755849,-0.7334819,-0.790627754,-0.731160457,-0.683071141,-0.707304438,-0.629984214,0.821261841,-0.694314964,-0.667340797,-0.713863978,-0.649581606,-0.603579125,-0.624849977,-0.504126506,1.230920502,-0.659453392,-0.66273721,-0.530203753,-0.54246981,-0.500355085,-0.460814528,-0.328496688,-0.42722837,-0.564701638,-0.646064794,-0.700768166,0.760057559,-0.165792079,-0.757669631,-0.057222913,-0.562599668,-0.509478176,-0.491631968,-0.420483236,431,56,2,Organic compounds,1,Organoheterocyclic compounds,0.708333333,Azoles,0.1875,Oxadiazoles,0.1875,Phenyloxadiazoles,0.1875,Aromatic heteropolycyclic compounds,0.631944444
433,-0.821755849,-0.7334819,-0.790627754,-0.731160457,-0.683071141,-0.707304438,-0.629984214,1.308555299,-0.323599273,-0.667340797,-0.713863978,-0.649581606,-0.603579125,-0.624849977,-0.504126506,2.589684472,-0.659453392,-0.66273721,-0.530203753,-0.54246981,-0.500355085,-0.758640117,-0.512079053,-0.255045415,-0.564701638,-0.025504573,-0.700768166,-0.374333556,-0.472220411,-0.757669631,-0.720914074,-0.562599668,-0.509478176,-0.491631968,1.197121533,433,S190,1,no matches,0,no matches,0,no matches,0,no matches,0,no matches,0,no matches,0
443,-0.821755849,-0.7334819,-0.790627754,-0.731160457,-0.683071141,-0.707304438,-0.629984214,0.212901652,-0.694314964,-0.667340797,-0.713863978,-0.649581606,-0.603579125,-0.624849977,-0.504126506,0.036104955,-0.659453392,-0.66273721,-0.530203753,-0.54246981,-0.500355085,-0.758640117,-0.807651313,-0.804159412,-0.564701638,-0.646064794,-0.700768166,-0.374333556,-0.78788789,-0.757669631,-0.720914074,-0.562599668,-0.509478176,-0.491631968,1.169623432,443,153,2,Organic compounds,1,Benzenoids,0.314285714,Benzene and substituted derivatives,0.242857143,,0.214285714,N-phenylureas,0.142857143,Aromatic heteropolycyclic compounds,0.535714286
459,0.195458504,-0.7334819,-0.354739098,-0.731160457,-0.683071141,-0.707304438,-0.629984214,-0.411280788,0.456070235,-0.667340797,-0.713863978,-0.649581606,-0.603579125,-0.624849977,-0.504126506,-0.39433365,-0.659453392,-0.66273721,-0.530203753,-0.54246981,-0.500355085,0.183130667,-0.211747242,-0.237708064,-0.564701638,-0.646064794,-0.700768166,-0.374333556,1.157559693,-0.070648667,-0.720914074,-0.562599668,-0.509478176,-0.491631968,-0.420483236,459,19,21,Organic compounds,0.619047619,Organoheterocyclic compounds,0.278741497,Benzene and substituted derivatives,0.126870748,,0.119047619,Dipeptides,0.038548753,Aromatic heteropolycyclic compounds,0.239172336
512,0.564802559,-0.7334819,-0.790627754,-0.731160457,-0.683071141,-0.707304438,-0.629984214,-0.411280788,-0.13553986,-0.667340797,-0.713863978,-0.649581606,-0.603579125,-0.624849977,-0.504126506,-0.39433365,0.487547472,-0.66273721,-0.530203753,-0.54246981,-0.500355085,0.490760096,0.617671128,0.687902881,-0.564701638,-0.646064794,-0.700768166,-0.374333556,-0.230594347,-0.140423473,-0.720914074,-0.562599668,-0.509478176,-0.491631968,-0.420483236,512,S233,1,Organic compounds,1,Organic acids and derivatives,1,Carboxylic acids and derivatives,1,"Amino acids, peptides, and analogues",1,Dipeptides,1,Aromatic heteropolycyclic compounds,1
513,-0.121315118,-0.7334819,-0.790627754,-0.731160457,-0.683071141,-0.707304438,-0.629984214,-0.411280788,0.097770265,-0.667340797,-0.713863978,-0.649581606,-0.603579125,-0.624849977,-0.504126506,-0.39433365,-0.659453392,-0.66273721,-0.530203753,-0.54246981,-0.500355085,-0.131685501,-0.232730747,-0.804159412,-0.564701638,-0.646064794,-0.700768166,-0.374333556,-0.220757715,-0.757669631,-0.720914074,-0.562599668,-0.509478176,-0.491631968,-0.420483236,513,S234,1,no matches,0,no matches,0,no matches,0,no matches,0,no matches,0,no matches,0
514,0.050113037,-0.247081233,-0.213680724,-0.731160457,-0.683071141,-0.707304438,-0.629984214,-0.411280788,0.247042524,-0.126541556,-0.713863978,-0.649581606,-0.603579125,-0.624849977,-0.504126506,-0.39433365,-0.022965745,-0.66273721,-0.530203753,-0.54246981,-0.500355085,-0.003230416,-0.140808673,-0.804159412,0.234437079,-0.646064794,-0.700768166,-0.374333556,-0.099107378,-0.071487059,-0.720914074,-0.562599668,-0.509478176,-0.491631968,-0.420483236,514,5,100,Organic compounds,0.93,Organic acids and derivatives,0.288345599,Carboxylic acids and derivatives,0.271099206,"Amino acids, peptides, and analogues",0.269849206,Dipeptides,0.112630952,Aromatic heteropolycyclic compounds,0.295015152
516,0.570883901,-0.7334819,0.349120196,-0.731160457,-0.683071141,-0.707304438,-0.629984214,-0.411280788,0.764693101,-0.667340797,0.671466541,0.38950937,-0.603579125,-0.624849977,-0.504126506,-0.39433365,-0.659453392,-0.66273721,-0.530203753,-0.54246981,-0.500355085,-0.758640117,0.691251319,0.645665221,0.639405135,-0.646064794,-0.700768166,-0.374333556,0.875312957,0.50654515,0.403468297,-0.562599668,-0.509478176,-0.491631968,-0.420483236,516,S235,1,no matches,0,no matches,0,no matches,0,no matches,0,no matches,0,no matches,0
518,0.824054752,-0.224376121,-0.089043013,0.082285417,-0.683071141,-0.707304438,-0.629984214,0.273635525,1.182946747,-0.667340797,-0.713863978,-0.649581606,-0.603579125,-0.624849977,-0.504126506,-0.39433365,0.605669724,-0.66273721,-0.530203753,-0.54246981,-0.500355085,0.920782185,-0.038797597,-0.063037166,0.005482088,-0.646064794,-0.700768166,-0.374333556,0.315715504,0.376158378,-0.180193466,-0.562599668,-0.509478176,-0.491631968,-0.420483236,518,86,10,Organic compounds,1,Lipids and lipid-like molecules,0.656547619,Glycerophospholipids,0.257142857,Glycerophosphocholines,0.257142857,Monoalkylglycerophosphocholines,0.216865079,Aliphatic acyclic compounds,0.282142857
525,0.398496316,-0.7334819,-0.275463513,-0.060447886,-0.683071141,-0.707304438,-0.629984214,-0.411280788,0.679215947,-0.667340797,-0.713863978,-0.649581606,-0.603579125,-0.624849977,-0.504126506,-0.39433365,0.153881464,-0.66273721,-0.530203753,-0.54246981,-0.500355085,0.414075032,-0.332173877,-0.322816616,-0.564701638,-0.646064794,-0.700768166,-0.374333556,0.62853176,-0.045409536,-0.373908939,-0.562599668,-0.509478176,-0.491631968,-0.420483236,525,127,3,Organic compounds,1,Organoheterocyclic compounds,0.425,Organooxygen compounds,0.15,Cytisine and derivatives,0.141666667,Cytisine and derivatives,0.141666667,Aromatic heteropolycyclic compounds,0.733333333
530,-0.080807602,-0.7334819,-0.411386167,-0.731160457,-0.683071141,-0.707304438,-0.629984214,-0.411280788,0.140509979,-0.667340797,-0.713863978,-0.649581606,-0.603579125,-0.624849977,-0.504126506,-0.39433365,-0.085764905,-0.66273721,-0.530203753,-0.54246981,-0.500355085,-0.098623369,-0.444937183,-0.551470117,-0.564701638,-0.646064794,-0.700768166,-0.374333556,0.127366555,-0.33023519,-0.720914074,-0.562599668,-0.509478176,-0.491631968,-0.420483236,530,289,3,Organic compounds,1,Phenylpropanoids and polyketides,0.457671958,Coumarins and derivatives,0.424338624,,0.221693122,Psoralens,0.142857143,Aromatic heteropolycyclic compounds,0.697354497
536,0.099157013,-0.255301916,-0.165815346,-0.09057414,-0.683071141,-0.707304438,-0.629984214,-0.411280788,0.326933385,-0.667340797,-0.713863978,-0.649581606,-0.603579125,-0.624849977,-0.504126506,-0.39433365,-0.086480385,-0.66273721,-0.530203753,-0.54246981,-0.500355085,0.131903819,-0.009313496,-0.152491736,-0.564701638,-0.646064794,-0.700768166,-0.374333556,0.234189297,0.041067255,-0.720914074,-0.562599668,-0.509478176,-0.491631968,-0.420483236,536,S244,1,no matches,0,no matches,0,no matches,0,no matches,0,no matches,0,no matches,0
551,0.061718231,-0.7334819,-0.790627754,-0.731160457,-0.683071141,-0.707304438,-0.629984214,-0.411280788,-0.694314964,-0.667340797,-0.713863978,-0.649581606,-0.603579125,-0.624849977,-0.504126506,-0.39433365,-0.045439164,-0.66273721,-0.530203753,-0.54246981,-0.500355085,0.126699713,-0.403976439,-0.804159412,-0.564701638,-0.646064794,-0.700768166,-0.374333556,0.308113076,-0.231697059,-0.720914074,-0.562599668,-0.509478176,-0.491631968,-0.420483236,551,238,2,Organic compounds,0.5,Organic acids and derivatives,0.277777778,Carboxylic acids and derivatives,0.222222222,"Amino acids, peptides, and analogues",0.222222222,Alpha amino acid amides,0.111111111,Aromatic heteropolycyclic compounds,0.388888889
554,0.010523508,-0.103907993,-0.790627754,-0.731160457,-0.683071141,-0.707304438,-0.629984214,-0.411280788,-0.319569223,-0.667340797,-0.713863978,-0.649581606,-0.603579125,-0.624849977,-0.504126506,-0.39433365,-0.659453392,-0.66273721,-0.530203753,-0.54246981,-0.500355085,-0.054347531,-0.362681462,-0.804159412,-0.564701638,-0.646064794,-0.700768166,-0.374333556,-0.456383838,-0.31557247,-0.720914074,-0.562599668,-0.509478176,-0.491631968,-0.420483236,554,S250,1,no matches,0,no matches,0,no matches,0,no matches,0,no matches,0,no matches,0
558,-0.146801231,-0.7334819,-0.790627754,-0.731160457,-0.683071141,-0.707304438,-0.629984214,-0.411280788,0.072583567,-0.667340797,-0.713863978,-0.649581606,-0.603579125,-0.624849977,-0.504126506,-0.39433365,-0.659453392,-0.66273721,-0.530203753,-0.54246981,-0.500355085,-0.08537399,-0.216273464,-0.304488061,-0.564701638,-0.646064794,-0.700768166,-0.374333556,-0.023393202,-0.136386124,-0.720914074,-0.562599668,-0.509478176,-0.491631968,-0.420483236,558,5,100,Organic compounds,0.93,Organic acids and derivatives,0.288345599,Carboxylic acids and derivatives,0.271099206,"Amino acids, peptides, and analogues",0.269849206,Dipeptides,0.112630952,Aromatic heteropolycyclic compounds,0.295015152
640,-0.23114697,-0.7334819,-0.790627754,-0.731160457,-0.683071141,-0.707304438,-0.629984214,-0.411280788,0.230606435,-0.667340797,-0.713863978,-0.649581606,-0.603579125,-0.624849977,-0.504126506,-0.39433365,-0.659453392,-0.66273721,-0.530203753,-0.54246981,-0.500355085,-0.305091677,-0.807651313,-0.804159412,-0.564701638,-0.646064794,-0.700768166,-0.374333556,-0.341253567,-0.757669631,-0.720914074,-0.562599668,-0.509478176,-0.491631968,-0.420483236,640,3,74,Organic compounds,1,Lipids and lipid-like molecules,0.826045201,Prenol lipids,0.390973928,Diterpenoids,0.1878003,Diterpenoids,0.119417632,Aliphatic homopolycyclic compounds,0.268458231
644,1.091033482,1.01963826,-0.790627754,-0.731160457,-0.683071141,-0.707304438,-0.629984214,0.604357097,0.416850389,-0.667340797,-0.713863978,-0.649581606,-0.603579125,-0.624849977,-0.504126506,-0.39433365,3.328084152,-0.66273721,-0.530203753,-0.54246981,-0.500355085,1.510041894,-0.807651313,-0.804159412,-0.564701638,-0.646064794,-0.700768166,-0.374333556,0.432691651,-0.757669631,-0.720914074,-0.562599668,-0.509478176,-0.491631968,2.932894696,644,5,100,Organic compounds,0.93,Organic acids and derivatives,0.288345599,Carboxylic acids and derivatives,0.271099206,"Amino acids, peptides, and analogues",0.269849206,Dipeptides,0.112630952,Aromatic heteropolycyclic compounds,0.295015152
647,0.572025704,1.454013924,0.924581283,0.729503231,-0.683071141,-0.707304438,-0.629984214,-0.411280788,-0.021284552,1.295439494,0.732724234,0.605028579,-0.603579125,-0.624849977,-0.504126506,-0.39433365,0.573219991,0.212611139,-0.530203753,-0.54246981,-0.500355085,0.699943415,-0.807651313,0.253636396,-0.564701638,-0.646064794,-0.700768166,-0.374333556,0.143201373,0.877934934,-0.720914074,-0.562599668,-0.509478176,-0.491631968,-0.420483236,647,S293,1,no matches,0,no matches,0,no matches,0,no matches,0,no matches,0,no matches,0
648,-0.21629614,0.749678908,0.8777562,0.515448774,-0.683071141,-0.707304438,-0.629984214,-0.411280788,-0.181766323,-0.329493653,0.905335687,-0.649581606,-0.603579125,-0.624849977,-0.504126506,-0.39433365,-0.659453392,0.312788417,-0.530203753,-0.54246981,-0.500355085,0.664506847,1.102412839,0.342822152,-0.564701638,-0.646064794,-0.700768166,-0.374333556,0.016155385,-0.273997432,-0.720914074,-0.562599668,-0.509478176,-0.491631968,-0.420483236,648,38,13,Organic compounds,0.923076923,Lipids and lipid-like molecules,0.625641026,Sphingolipids,0.289102564,Ceramides,0.238461538,Ceramides,0.197435897,Aliphatic acyclic compounds,0.730769231
649,-0.821755849,1.50353818,-0.790627754,-0.731160457,-0.683071141,-0.707304438,-0.629984214,-0.411280788,-0.694314964,0.892489788,-0.713863978,-0.649581606,-0.603579125,-0.624849977,-0.504126506,-0.39433365,-0.659453392,-0.66273721,-0.530203753,-0.54246981,-0.500355085,0.65481527,0.887547555,-0.804159412,-0.564701638,-0.646064794,-0.700768166,-0.374333556,-0.78788789,0.91883825,-0.720914074,-0.562599668,-0.509478176,-0.491631968,-0.420483236,649,5,100,Organic compounds,0.93,Organic acids and derivatives,0.288345599,Carboxylic acids and derivatives,0.271099206,"Amino acids, peptides, and analogues",0.269849206,Dipeptides,0.112630952,Aromatic heteropolycyclic compounds,0.295015152
658,-0.821755849,0.086900621,0.166691902,0.355793846,-0.683071141,0.401940135,-0.629984214,-0.411280788,-0.302622006,0.808224643,0.586880206,0.473597377,-0.603579125,-0.624849977,-0.504126506,-0.39433365,-0.110218641,0.13168294,-0.530203753,-0.54246981,-0.500355085,0.076551287,-0.807651313,-0.005061336,-0.564701638,-0.646064794,-0.700768166,-0.374333556,-0.43825823,-0.757669631,-0.720914074,-0.562599668,-0.509478176,-0.491631968,-0.420483236,658,89,6,Organic compounds,1,Organoheterocyclic compounds,0.339905002,Carboxylic acids and derivatives,0.315241703,"Amino acids, peptides, and analogues",0.315241703,Dipeptides,0.204395142,Aromatic heteropolycyclic compounds,0.633651996
667,-0.145591147,0.202222725,-0.790627754,-0.731160457,-0.683071141,-0.707304438,-0.629984214,0.37533228,-0.3782579,-0.667340797,-0.713863978,-0.649581606,-0.603579125,-0.624849977,-0.504126506,-0.39433365,0.947697764,-0.66273721,-0.530203753,-0.54246981,-0.500355085,-0.374823864,-0.555022131,-0.804159412,-0.564701638,-0.646064794,-0.700768166,-0.374333556,-0.414509388,-0.191493581,-0.720914074,-0.562599668,-0.509478176,-0.491631968,-0.420483236,667,159,2,Organic compounds,1,Benzenoids,0.347222222,Prenol lipids,0.243055556,Monoterpenoids,0.243055556,Aromatic monoterpenoids,0.243055556,Aromatic heteromonocyclic compounds,0.541666667
670,0.205030273,0.594441481,0.034588766,-0.731160457,-0.683071141,-0.707304438,-0.629984214,0.671178725,-0.248516657,0.100943542,-0.19872396,-0.649581606,-0.603579125,-0.624849977,-0.504126506,-0.39433365,-0.659453392,-0.66273721,-0.530203753,-0.54246981,-0.500355085,-0.758640117,-0.807651313,-0.804159412,-0.564701638,-0.646064794,-0.700768166,-0.374333556,-0.078952216,0.473927988,0.024099957,-0.562599668,-0.509478176,-0.491631968,-0.420483236,670,5,100,Organic compounds,0.93,Organic acids and derivatives,0.288345599,Carboxylic acids and derivatives,0.271099206,"Amino acids, peptides, and analogues",0.269849206,Dipeptides,0.112630952,Aromatic heteropolycyclic compounds,0.295015152
687,-0.318413031,0.052467214,-0.173750113,-0.731160457,-0.683071141,-0.707304438,-0.629984214,-0.411280788,-0.694314964,0.064182725,-0.713863978,-0.649581606,-0.603579125,-0.624849977,-0.504126506,-0.39433365,-0.659453392,-0.66273721,-0.530203753,-0.54246981,-0.500355085,-0.246743293,-0.21110487,-0.804159412,-0.564701638,-0.646064794,-0.700768166,-0.374333556,-0.78788789,-0.15849717,-0.720914074,-0.562599668,-0.509478176,-0.491631968,-0.420483236,687,3,74,Organic compounds,1,Lipids and lipid-like molecules,0.826045201,Prenol lipids,0.390973928,Diterpenoids,0.1878003,Diterpenoids,0.119417632,Aliphatic homopolycyclic compounds,0.268458231
712,-0.409989179,-0.128500658,-0.790627754,-0.731160457,-0.683071141,-0.707304438,-0.629984214,-0.411280788,-0.498465417,-0.667340797,-0.713863978,-0.649581606,-0.603579125,-0.624849977,-0.504126506,-0.39433365,0.143086108,-0.66273721,-0.530203753,-0.54246981,-0.500355085,-0.537276172,-0.807651313,-0.804159412,-0.564701638,-0.646064794,-0.700768166,-0.374333556,-0.548003906,-0.361832889,-0.720914074,-0.562599668,-0.509478176,-0.491631968,-0.420483236,712,S325,1,no matches,0,no matches,0,no matches,0,no matches,0,no matches,0,no matches,0
722,-0.158334272,-0.08927732,-0.207656796,-0.731160457,-0.683071141,-0.707304438,-0.629984214,-0.411280788,-0.487479025,-0.667340797,-0.713863978,-0.649581606,-0.603579125,-0.624849977,-0.504126506,-0.39433365,-0.105430026,-0.66273721,-0.530203753,-0.54246981,-0.500355085,-0.297467172,-0.357026967,-0.804159412,-0.564701638,-0.646064794,-0.700768166,-0.374333556,-0.78788789,-0.218468768,-0.720914074,-0.562599668,-0.509478176,-0.491631968,-0.420483236,722,63,50,Organic compounds,1,Lipids and lipid-like molecules,0.470212121,Prenol lipids,0.177018038,,0.1856443,Diterpenoids,0.042135642,Aromatic heteropolycyclic compounds,0.382551948
724,-0.456883194,-0.296237467,-0.790627754,-0.731160457,-0.683071141,-0.707304438,-0.629984214,-0.411280788,-0.472980361,-0.667340797,-0.713863978,-0.649581606,-0.603579125,-0.624849977,-0.504126506,-0.39433365,0.371126898,-0.66273721,-0.530203753,-0.54246981,-0.500355085,-0.184821949,-0.807651313,-0.804159412,-0.564701638,-0.646064794,-0.700768166,-0.374333556,-0.545112531,-0.757669631,-0.720914074,-0.562599668,-0.509478176,-0.491631968,-0.420483236,724,S330,1,no matches,0,no matches,0,no matches,0,no matches,0,no matches,0,no matches,0
736,-0.821755849,0.009842196,0.024816725,-0.731160457,-0.683071141,-0.707304438,-0.629984214,-0.411280788,-0.456605647,0.073095512,0.037053871,-0.649581606,-0.603579125,-0.624849977,-0.504126506,-0.39433365,-0.659453392,0.342004977,-0.530203753,-0.54246981,-0.500355085,-0.758640117,-0.807651313,-0.804159412,-0.564701638,-0.646064794,-0.700768166,-0.374333556,-0.243788946,-0.108390257,-0.720914074,-0.562599668,-0.509478176,-0.491631968,-0.420483236,736,55,3,Organic compounds,1,Organoheterocyclic compounds,0.396825397,Carboxylic acids and derivatives,0.339285714,"Amino acids, peptides, and analogues",0.339285714,N-acyl-alpha amino acids,0.125,Aromatic heteromonocyclic compounds,0.375661376
749,-0.339795164,-0.200349911,-0.024474022,-0.050700117,-0.683071141,-0.707304438,-0.629984214,-0.411280788,-0.694314964,0.107599148,-0.027312335,-0.649581606,-0.603579125,-0.624849977,-0.504126506,-0.39433365,-0.659453392,-0.66273721,-0.530203753,-0.54246981,-0.500355085,-0.424773037,-0.153713912,-0.174783827,-0.564701638,-0.09370734,-0.700768166,-0.374333556,-0.78788789,-0.257331001,-0.720914074,-0.562599668,-0.509478176,-0.491631968,-0.420483236,749,S343,1,no matches,0,no matches,0,no matches,0,no matches,0,no matches,0,no matches,0
754,0.008137367,-0.7334819,-0.790627754,-0.731160457,-0.683071141,-0.707304438,-0.629984214,-0.411280788,-0.057643488,-0.667340797,-0.713863978,-0.649581606,-0.603579125,-0.624849977,-0.504126506,-0.39433365,-0.659453392,-0.66273721,-0.530203753,-0.54246981,-0.500355085,-0.339142148,-0.807651313,-0.804159412,-0.564701638,-0.646064794,-0.700768166,-0.374333556,-0.312005762,-0.488842764,-0.720914074,-0.562599668,-0.509478176,-0.491631968,-0.420483236,754,S347,1,no matches,0,no matches,0,no matches,0,no matches,0,no matches,0,no matches,0
788,-0.32417026,-0.7334819,-0.201043336,-0.031805886,-0.683071141,-0.707304438,-0.629984214,-0.411280788,-0.104420499,-0.667340797,-0.713863978,-0.649581606,-0.603579125,-0.624849977,-0.504126506,-0.39433365,-0.659453392,-0.66273721,-0.530203753,-0.54246981,-0.500355085,-0.758640117,-0.21196321,-0.034861003,-0.564701638,-0.646064794,-0.700768166,-0.374333556,-0.325933778,-0.757669631,-0.720914074,-0.562599668,-0.509478176,-0.491631968,-0.420483236,788,S363,1,no matches,0,no matches,0,no matches,0,no matches,0,no matches,0,no matches,0
857,-0.821755849,-0.270371708,-0.790627754,-0.731160457,-0.683071141,-0.707304438,-0.629984214,-0.411280788,-0.694314964,0.342657003,-0.713863978,-0.649581606,-0.603579125,-0.624849977,-0.504126506,-0.39433365,-0.659453392,-0.66273721,-0.530203753,-0.54246981,-0.500355085,-0.169310238,0.046721458,-0.804159412,-0.564701638,-0.646064794,-0.700768166,-0.374333556,-0.78788789,-0.381143618,-0.720914074,-0.562599668,-0.509478176,-0.491631968,-0.420483236,857,S396,1,no matches,0,no matches,0,no matches,0,no matches,0,no matches,0,no matches,0
859,-0.821755849,0.307406202,-0.106343566,0.023267909,-0.683071141,-0.003734084,-0.629984214,-0.411280788,-0.102535512,0.567045353,0.548340392,0.388967484,0.329212546,0.317172455,-0.504126506,-0.39433365,-0.659453392,-0.66273721,-0.530203753,-0.54246981,-0.500355085,-0.543338701,-0.807651313,-0.804159412,-0.564701638,-0.646064794,-0.700768166,-0.374333556,-0.78788789,-0.322232572,-0.720914074,-0.562599668,-0.509478176,-0.491631968,-0.420483236,859,S398,1,no matches,0,no matches,0,no matches,0,no matches,0,no matches,0,no matches,0
877,-0.821755849,-0.7334819,-0.790627754,-0.731160457,-0.683071141,-0.707304438,-0.629984214,0.136877286,-0.694314964,-0.667340797,-0.713863978,-0.649581606,-0.603579125,-0.624849977,-0.504126506,3.63708994,-0.659453392,-0.66273721,-0.530203753,-0.54246981,-0.500355085,-0.758640117,-0.807651313,-0.804159412,-0.564701638,-0.646064794,-0.700768166,2.827296546,-0.78788789,-0.757669631,-0.720914074,-0.562599668,-0.509478176,-0.491631968,-0.420483236,877,5,100,Organic compounds,0.93,Organic acids and derivatives,0.288345599,Carboxylic acids and derivatives,0.271099206,"Amino acids, peptides, and analogues",0.269849206,Dipeptides,0.112630952,Aromatic heteropolycyclic compounds,0.295015152
